episode,mode,domain,probe,horizon_chunks,forecasts,gain_bits,gain_per_feature_forecast,over_history_bits,over_unpenalized_baseline_bits,over_same_capacity_slow_history_bits,mean_only_common_sigma_gain_bits,scaled_mse,net_gain_bits
source_audit,strict,output,history,1,204,278.11853607658634,0.10487124286447448,0.0,0.0,2.107308406940719,0.0,0.9388176213539416,-2009.8814639234138
source_audit,strict,output,output_slow,1,204,276.01122766964556,0.10407663185129923,-2.107308406940719,-2.107308406940719,0.0,-3.130178196137707,0.9425004608794109,-2843.9887723303545
source_audit,strict,output,history,16,189,32.709203398773184,0.013312659095959781,0.0,-47.19223798096334,23.973682038024318,0.0,1.045581640786137,-2255.2907966012267
source_audit,strict,output,output_slow,16,189,8.735521360748876,0.0035553607491855418,-23.973682038024318,-71.16592001898766,0.0,-24.628078869716344,1.0597166922466492,-3111.264478639251
source_audit,strict,output,history,4,201,130.56807747468852,0.04996864809593897,0.0,0.0,-7.002459756708895,0.0,1.0168103671876612,-2157.4319225253116
source_audit,strict,output,output_slow,4,201,137.5705372313974,0.0526485025761184,7.002459756708895,7.002459756708895,0.0,5.566472441099609,1.010987248380301,-2982.4294627686027
source_audit,strict,output,history,64,141,31.047900205731086,0.01693829798457779,0.0,-39.44066931013941,13.408221702363539,0.0,1.0394554461387122,-2256.952099794269
source_audit,strict,output,output_slow,64,141,17.639678503367552,0.009623392527750983,-13.408221702363539,-52.848891012502946,0.0,-15.216836533608351,1.0498036747047037,-3102.3603214966324
source_audit,strict,state_to_output,decoder_control,8,25,-43.14637515475585,-0.13275807739924878,-99.40771551645433,-70.63881165784348,-81.23861657522437,-132.68136545399682,1.5170928778557968,-3163.146375154756
source_audit,strict,state_to_output,field_coarse,8,25,25.203821488656775,0.07755021996509777,-31.057518873041708,-2.28861501443083,-12.88841993181174,-30.845275157200632,1.0101337368843675,-3094.7961785113434
source_audit,strict,state_to_output,field_fine,8,25,45.21394506547813,0.13911983097070194,-11.047395296220358,17.72150856239052,7.121703645009619,-12.274338103717305,0.912959971228983,-3074.786054934522
source_audit,strict,state_to_output,field_meso,8,25,50.934827015238085,0.15672254466227103,-5.326513346460402,23.44239051215048,12.842585594769574,-3.7927152923946172,0.8895919137036582,-3069.065172984762
source_audit,strict,state_to_output,gru,8,25,-136.79291270055072,-0.42090126984784837,-193.0542530622492,-164.28534920363833,-174.8851541210192,-349.9721674711793,2.230339652089534,-3256.792912700551
source_audit,strict,state_to_output,gru+field_coarse,8,25,-124.42273153037654,-0.38283917393962014,-180.68407189207505,-151.91516803346414,-162.51497295084505,-317.2786211825253,2.187191693170453,-4076.4227315303765
source_audit,strict,state_to_output,history,8,25,56.26134036169849,0.1731118164975338,0.0,28.768903858610887,18.169098941229976,0.0,0.8753431328088606,-2231.7386596383017
source_audit,strict,state_to_output,host,8,25,22.33223679053004,0.06871457474009243,-33.929103571168454,-5.160199712557567,-15.760004629938475,-35.90879980951556,0.9865474468789878,-3097.6677632094697
source_audit,strict,state_to_output,host+field_coarse,8,25,11.16227773810614,0.034345469963403506,-45.099062623592346,-16.330158764981462,-26.929963682362377,-48.5724445427371,1.0555109304596964,-3940.8377222618938
source_audit,strict,state_to_output,morphic_delta_l01,8,25,-456.4058912675047,-1.40432581928463,-512.6672316292033,-483.8983277705924,-494.4981326879733,-1298.5113488573188,6.74436428342491,-3576.4058912675046
source_audit,strict,state_to_output,morphic_delta_l01+morphic_delta_l16,8,25,-373.0582999527953,-1.1478716921624472,-429.3196403144939,-400.550736455883,-411.1505413732638,-1035.4594896956505,5.646666097482539,-4325.058299952795
source_audit,strict,state_to_output,morphic_delta_l08,8,25,-110.82711331842506,-0.34100650251823095,-167.0884536801235,-138.31954982151265,-148.91935473889356,-298.9784303187196,2.1511849325457852,-3230.8271133184253
source_audit,strict,state_to_output,morphic_delta_l16,8,25,-104.74352326995327,-0.32228776390754854,-161.00486363165177,-132.2359597730409,-142.8357646904218,-281.8402840140516,2.081917381709913,-3224.743523269953
source_audit,strict,state_to_output,morphic_output,8,25,-114.10016814996615,-0.3510774404614343,-170.36150851166462,-141.59260465305374,-152.19240957043465,-308.1815304797914,2.202129790289848,-3234.100168149966
source_audit,strict,state_to_output,motif,8,25,-182.44428218394503,-0.5613670221044462,-238.7056225456435,-209.93671868703262,-220.5365236044135,-435.45834608703046,2.746090562243536,-3302.4442821839452
source_audit,strict,state_to_output,motif+gru,8,25,-286.93799928323205,-0.8828861516407139,-343.1993396449305,-314.4304357863196,-325.0302407037005,-734.184596529198,3.6621935062163455,-4238.937999283232
source_audit,strict,state_to_output,output_slow,8,25,38.09224142046851,0.11720689667836465,-18.169098941229976,10.599804917380904,0.0,-21.68469538301341,0.9566792675224456,-3081.9077585795317
source_audit,strict,state_to_output,synthesis_phase,8,25,19.637077574827476,0.06042177715331531,-36.624262786871014,-7.855358928260129,-18.455163845641042,-37.94780451975011,0.9994457634088366,-3100.3629224251727
source_audit,strict,state_to_output,decoder_control,128,10,-38.17518322154103,-0.29365525555031563,-38.71873127922873,-23.07673677315006,-16.711898737862025,-64.92758122625793,1.7196572667698293,-3158.175183221541
source_audit,strict,state_to_output,field_coarse,128,10,-4.284081031996664,-0.03295446947689741,-4.827629089684354,10.814365416394306,17.17920345168235,1.0602933552080867,0.9420103249342565,-3124.2840810319967
source_audit,strict,state_to_output,field_fine,128,10,-4.591993376398797,-0.03532302597229844,-5.135541434086484,10.506453071992176,16.87129110728022,4.870572287744768,0.8815954825866834,-3124.591993376399
source_audit,strict,state_to_output,field_meso,128,10,-4.119902274269818,-0.03169155595592168,-4.663450331957508,10.978544174121165,17.3433822094092,-1.6417507767211914,0.9386765161005893,-3124.11990227427
source_audit,strict,state_to_output,gru,128,10,-63.95134426734967,-0.4919334174411513,-64.49489232503737,-48.852897818958695,-42.488059783670664,-123.43137818870453,2.7649891568734093,-3183.9513442673497
source_audit,strict,state_to_output,gru+field_coarse,128,10,-66.30390936825495,-0.5100300720634996,-66.84745742594262,-51.20546291986396,-44.84062488457593,-115.91784416329381,2.7498018031840212,-4018.303909368255
source_audit,strict,state_to_output,history,128,10,0.5435480576876897,0.00418113890528992,0.0,15.641994506078667,22.006832541366705,0.0,0.8968024499423369,-2287.4564519423125
source_audit,strict,state_to_output,host,128,10,1.7123022996273802,0.013171556150979848,1.1687542419396948,16.810748748018355,23.1755867833064,-0.70700548476609,0.9336644932994105,-3118.2876977003725
source_audit,strict,state_to_output,host+field_coarse,128,10,1.0815745361917206,0.008319804124551697,0.5380264785040314,16.180020984582697,22.54485901987074,1.5792674677664387,0.969783815166749,-3950.9184254638085
source_audit,strict,state_to_output,morphic_delta_l01,128,10,-238.7172297411385,-1.8362863826241425,-239.2607777988262,-223.61878329274748,-217.25394525745946,-658.2008922470754,11.93653695903542,-3358.7172297411385
source_audit,strict,state_to_output,morphic_delta_l01+morphic_delta_l16,128,10,-236.0220900288768,-1.8155545386836676,-236.56563808656443,-220.92364358048582,-214.55880554519774,-730.8283495850264,12.969181852209287,-4188.022090028877
source_audit,strict,state_to_output,morphic_delta_l08,128,10,-88.44097538829459,-0.6803151952945737,-88.98452344598228,-73.34252893990362,-66.97769090461557,-153.0820283552199,3.2226891881835917,-3208.4409753882946
source_audit,strict,state_to_output,morphic_delta_l16,128,10,-83.78920032121624,-0.6445323101632019,-84.33274837890394,-68.69075387282527,-62.325915837537224,-155.70999259600504,3.1329669684689905,-3203.7892003212164
source_audit,strict,state_to_output,morphic_output,128,10,-91.18967395030056,-0.7014590303869274,-91.73322200798825,-76.09122750190957,-69.72638946662153,-177.16812527920814,3.43293664349072,-3211.1896739503004
source_audit,strict,state_to_output,motif,128,10,-76.0196798911954,-0.5847667683938107,-76.56322794888308,-60.92123344280441,-54.556395407516376,-119.71430993995645,2.6541933740115486,-3196.019679891195
source_audit,strict,state_to_output,motif+gru,128,10,-111.57670142247116,-0.8582823186343935,-112.12024948015886,-96.47825497408019,-90.11341693879214,-265.10109171707995,4.880400929182084,-4063.576701422471
source_audit,strict,state_to_output,output_slow,128,10,-21.46328448367902,-0.16510218833599244,-22.006832541366705,-6.364838035288036,0.0,-12.023616802552212,1.0232128004115923,-3141.463284483679
source_audit,strict,state_to_output,synthesis_phase,128,10,4.585556703070454,0.03527351310054195,4.0420086453827615,19.68400315146143,26.04884118674947,-4.012084617302217,0.9391887359689965,-3115.4144432969297
source_audit,strict,state_to_output,decoder_control,16,24,-77.18201243159174,-0.24737824497305047,-125.29473439214468,-108.6620290052136,-110.20538067420549,-199.60213850085793,1.9138294663486626,-3197.182012431592
source_audit,strict,state_to_output,field_coarse,16,24,45.79887489403538,0.14679126568601084,-2.3138470665175532,14.318858320413508,12.775506651421642,-2.252716770901151,0.9246191702038942,-3074.201125105965
source_audit,strict,state_to_output,field_fine,16,24,35.971579769665325,0.11529352490277348,-12.141142190887601,4.491563196043461,2.948211527051596,-11.893374828769208,0.9696980138470624,-3084.0284202303346
source_audit,strict,state_to_output,field_meso,16,24,32.36260731333212,0.10372630549144911,-15.750114647220808,0.8825907397102579,-0.6607609292816097,-14.852778947991478,0.9836352896328097,-3087.6373926866677
source_audit,strict,state_to_output,gru,16,24,-174.89401694147543,-0.5605577466072931,-223.00673890202836,-206.3740335150973,-207.9173851840892,-425.3608952902424,2.6162131523406225,-3294.8940169414755
source_audit,strict,state_to_output,gru+field_coarse,16,24,-162.3234073195927,-0.5202673311525406,-210.43612928014562,-193.80342389321456,-195.34677556220646,-357.45892391745633,2.4315349018263785,-4114.323407319593
source_audit,strict,state_to_output,history,16,24,48.112721960552925,0.15420744218125937,0.0,16.632705386931065,15.089353717939193,0.0,0.9205850322033309,-2239.887278039447
source_audit,strict,state_to_output,host,16,24,39.83355468411517,0.12767164962857427,-8.279167276437752,8.353538110493313,6.8101864415014415,-8.440302495141406,0.9528207152969005,-3080.1664453158846
source_audit,strict,state_to_output,host+field_coarse,16,24,38.76085682540554,0.1242335154660434,-9.351865135147388,7.280840251783678,5.737488582791807,-14.775197584847067,0.9688992227346387,-3913.2391431745946
source_audit,strict,state_to_output,morphic_delta_l01,16,24,-445.949758354768,-1.4293261485729742,-494.06248031532095,-477.42977492838986,-478.9731265973817,-1271.5392430189622,6.773176501550037,-3565.949758354768
source_audit,strict,state_to_output,morphic_delta_l01+morphic_delta_l16,16,24,-360.54403646026526,-1.1555898604495682,-408.65675842081816,-392.02405303388707,-393.567404702879,-1040.4335417405607,5.639489855709462,-4312.5440364602655
source_audit,strict,state_to_output,morphic_delta_l08,16,24,-125.0932836775491,-0.4009400117870163,-173.20600563810206,-156.57330025117096,-158.11665192016284,-355.21101522028687,2.550575439086392,-3245.093283677549
source_audit,strict,state_to_output,morphic_delta_l16,16,24,-136.97287502499324,-0.43901562508010655,-185.08559698554615,-168.4528915986151,-169.99624326760696,-386.3292750991835,2.6767396058193773,-3256.9728750249933
source_audit,strict,state_to_output,morphic_output,16,24,-137.24706034683902,-0.4398944241885866,-185.35978230739192,-168.72707692046086,-170.2704285894527,-376.9208329727436,2.6415574249635467,-3257.247060346839
source_audit,strict,state_to_output,motif,16,24,-199.32602870150498,-0.6388654766073878,-247.43875066205788,-230.8060452751268,-232.3493969441187,-533.2404878211505,3.342586814354463,-3319.326028701505
source_audit,strict,state_to_output,motif+gru,16,24,-236.15536349338686,-0.7569082163249579,-284.26808545393976,-267.6353800670087,-269.1787317360006,-647.4163519173494,3.4734039049175354,-4188.155363493387
source_audit,strict,state_to_output,output_slow,16,24,33.02336824261373,0.1058441289827363,-15.089353717939193,1.5433516689918712,0.0,-14.752611499342303,1.0244914848209346,-3086.9766317573863
source_audit,strict,state_to_output,synthesis_phase,16,24,22.14431302800682,0.07097536226925263,-25.96840893254611,-9.335703545615043,-10.87905521460691,-34.37176744593921,1.061525675497712,-3097.8556869719932
source_audit,strict,state_to_output,decoder_control,64,18,-129.72077325417203,-0.554362278863983,-138.57180132554424,-143.06103036823313,-128.0699915808331,-288.83864022411416,3.020341281383144,-3249.720773254172
source_audit,strict,state_to_output,field_coarse,64,18,19.230327907066574,0.08218088849173749,10.379299835694388,5.890070793005447,20.881109580405496,9.202701027344714,0.9700576882607129,-3100.7696720929334
source_audit,strict,state_to_output,field_fine,64,18,10.562878447847126,0.04514050618738088,1.7118503764749406,-2.777378666214008,12.213660121186052,-1.1500562020044993,1.0171334126043772,-3109.437121552153
source_audit,strict,state_to_output,field_meso,64,18,11.490490333315922,0.04910465954408513,2.6394622619437356,-1.8497667807452025,13.141272006654845,0.2765450457768044,1.0072290992468778,-3108.509509666684
source_audit,strict,state_to_output,gru,64,18,-157.63721583005372,-0.67366331551305,-166.4882439014259,-170.97747294411485,-155.9864341567148,-430.1295633867567,3.9594740439917313,-3277.6372158300537
source_audit,strict,state_to_output,gru+field_coarse,64,18,-157.12647808123924,-0.6714806755608514,-165.97750615261145,-170.46673519530037,-155.47569640790033,-411.78985604607647,3.930199177902526,-4109.126478081239
source_audit,strict,state_to_output,history,64,18,8.851028071372184,0.037824906287915315,0.0,-4.489229042688942,10.50180974471111,0.0,1.020167764270573,-2279.148971928628
source_audit,strict,state_to_output,host,64,18,5.955044537781577,0.02544890828111785,-2.8959835335906057,-7.385212576279553,7.605826211120504,-3.5231290331522827,1.0383294849674536,-3114.0449554622182
source_audit,strict,state_to_output,host+field_coarse,64,18,20.399364545108988,0.08717677156029482,11.548336473736803,7.059107431047861,22.050146218447914,7.239547437160441,0.9741454155388997,-3931.600635454891
source_audit,strict,state_to_output,morphic_delta_l01,64,18,-471.01284790842305,-2.0128754184120643,-479.86387597979524,-484.3531050224842,-469.36206623508417,-1734.2047076867443,14.0103185394471,-3591.0128479084233
source_audit,strict,state_to_output,morphic_delta_l01+morphic_delta_l16,64,18,-408.46200893366927,-1.7455641407421763,-417.31303700504145,-421.80226604773037,-406.81122726033027,-1588.095266570208,12.881790940848035,-4360.4620089336695
source_audit,strict,state_to_output,morphic_delta_l08,64,18,-138.8737111104385,-0.5934773979078569,-147.7247391818107,-152.21396822449964,-137.22292943709957,-359.9153195965614,3.567581667767091,-3258.8737111104383
source_audit,strict,state_to_output,morphic_delta_l16,64,18,-134.2422990257976,-0.5736850385717845,-143.09332709716978,-147.5825561398587,-132.59151735245865,-384.70976728453047,3.6966727043142615,-3254.2422990257974
source_audit,strict,state_to_output,morphic_output,64,18,-143.90907693775713,-0.6149960552895604,-152.76010500912932,-157.24933405181827,-142.2582952644182,-408.8019759803963,3.902244996705972,-3263.909076937757
source_audit,strict,state_to_output,motif,64,18,-164.90434266880848,-0.7047194131145662,-173.75537074018067,-178.2445997828696,-163.25356099546954,-397.4187711495183,3.852185233783743,-3284.9043426688086
source_audit,strict,state_to_output,motif+gru,64,18,-193.1473255373469,-0.825415921099773,-201.99835360871907,-206.48758265140802,-191.49654386400795,-682.4281787060413,5.752717395952068,-4145.147325537347
source_audit,strict,state_to_output,output_slow,64,18,-1.6507816733389227,-0.0070546225356364215,-10.50180974471111,-14.991038787400056,0.0,-11.184161491480321,1.1064991992380802,-3121.6507816733388
source_audit,strict,state_to_output,synthesis_phase,64,18,-26.411318292766076,-0.11286888159301742,-35.26234636413825,-39.7515754068272,-24.76053661942715,-38.493825976934964,1.2341352363553044,-3146.4113182927663
overlap_w128,strict,output,history,1,895,1200.2506655840716,0.10315863047564001,0.0,0.0,43.10157525670762,0.0,0.9033614067905671,-1087.7493344159284
overlap_w128,strict,output,output_slow,1,895,1157.1490903273639,0.09945415473376569,-43.10157525670762,-43.10157525670762,0.0,-47.94522225478533,0.9101822601008203,-1962.8509096726361
overlap_w128,strict,output,history,16,880,285.2697375131146,0.024936165866530996,0.0,-34.93235095830843,58.574453650723896,0.0,0.9999554391286247,-2002.7302624868853
overlap_w128,strict,output,output_slow,16,880,226.69528386239068,0.01981602131664254,-58.574453650723896,-93.50680460903232,0.0,-65.20735293430704,1.0071769186671828,-2893.3047161376094
overlap_w128,strict,output,history,4,892,465.8667440114516,0.040174779580152774,0.0,0.0,1.8004907450856749,0.0,0.9904170726996,-1822.1332559885484
overlap_w128,strict,output,output_slow,4,892,464.06625326636595,0.04001951131996947,-1.8004907450856749,-1.8004907450856749,0.0,-8.087295512039363,0.9905997453764059,-2655.933746733634
overlap_w128,strict,output,history,64,832,60.12387743873047,0.005558790443669607,0.0,-258.17119882452977,111.69219266062319,0.0,1.023707417100112,-2227.8761225612693
overlap_w128,strict,output,output_slow,64,832,-51.568315221892746,-0.004767780623325882,-111.69219266062319,-369.8633914851529,0.0,-117.9541777688811,1.0375174413064685,-3171.5683152218926
overlap_w128,strict,state_to_output,decoder_control,8,111,-237.46934708855167,-0.1645664220987884,-344.3064282312904,-342.752906030757,-291.3965829136355,-462.5464652851887,1.4331064777568607,-3357.469347088552
overlap_w128,strict,state_to_output,field_coarse,8,111,-15.651232231652997,-0.01084631478285031,-122.48831337439172,-120.93479117385832,-69.57846805673681,-140.76779981976668,1.0830542784388784,-3135.651232231653
overlap_w128,strict,state_to_output,field_fine,8,111,96.56680965972349,0.0669208660150544,-10.270271483015229,-8.716749282481839,42.63957383463969,-17.018961165381203,0.9565422748659221,-3023.4331903402767
overlap_w128,strict,state_to_output,field_meso,8,111,102.23648131768067,0.07084995240310511,-4.600599825058046,-3.0470776245246523,48.30924549259687,-2.7983861050610024,0.9480117254378645,-3017.7635186823195
overlap_w128,strict,state_to_output,gru,8,111,-583.099654015588,-0.4040884643212668,-689.9367351583268,-688.3832129577934,-637.0268898406719,-1213.90204612807,1.9794539249676038,-3703.099654015588
overlap_w128,strict,state_to_output,gru+field_coarse,8,111,-572.6085586749602,-0.3968181279798754,-679.445639817699,-677.8921176171656,-626.535794500044,-1182.526145041248,1.9990690246776115,-4524.6085586749605
overlap_w128,strict,state_to_output,history,8,111,106.83708114273873,0.0740381712700892,0.0,1.5535222005333793,52.909845317654906,0.0,0.9441564359467565,-2181.1629188572615
overlap_w128,strict,state_to_output,host,8,111,31.773948388122058,0.02201936825233684,-75.06313275461667,-73.5096105540833,-22.153287436961758,-78.20985871681025,0.9936651603225533,-3088.226051611878
overlap_w128,strict,state_to_output,host+field_coarse,8,111,-57.242572587344554,-0.03966914247217225,-164.07965373008327,-162.52613152954984,-111.16980841242835,-191.18638057802877,1.107326793811793,-4009.2425725873445
overlap_w128,strict,state_to_output,morphic_delta_l01,8,111,-1436.4669404071326,-0.995472585174728,-1543.304021549871,-1541.750499349338,-1490.394176232216,-3644.172131487304,4.568526270484077,-4556.466940407133
overlap_w128,strict,state_to_output,morphic_delta_l01+morphic_delta_l16,8,111,-1199.317856526841,-0.8311281057012065,-1306.1549376695798,-1304.6014154690463,-1253.2450923519248,-2939.727065397242,3.923462552762552,-5151.317856526841
overlap_w128,strict,state_to_output,morphic_delta_l08,8,111,-513.1236894571593,-0.3555950723888838,-619.9607705998981,-618.4072483993648,-567.0509252822433,-1091.0764393355885,1.942026627166225,-3633.1236894571593
overlap_w128,strict,state_to_output,morphic_delta_l16,8,111,-494.1738003434823,-0.3424627861008193,-601.010881486221,-599.4573592856875,-548.101036168566,-1032.2913021112165,1.8921053689634555,-3614.173800343482
overlap_w128,strict,state_to_output,morphic_output,8,111,-518.0095335854421,-0.3589809657556771,-624.8466147281808,-623.2930925276474,-571.936769410526,-1103.7739704476842,1.9621874605769787,-3638.009533585442
overlap_w128,strict,state_to_output,motif,8,111,-729.8675920331186,-0.5057987470776983,-836.7046731758574,-835.1511509753241,-783.7948278582026,-1468.8957479467201,2.29371367953301,-3849.867592033119
overlap_w128,strict,state_to_output,motif+gru,8,111,-1023.7393404370633,-0.7094520723749572,-1130.576421579802,-1129.0228993792687,-1077.666576262147,-2309.795427787066,2.876766019077502,-4975.739340437063
overlap_w128,strict,state_to_output,output_slow,8,111,53.92723582508381,0.03737161179839488,-52.909845317654906,-51.35632311712152,0.0,-66.26867015516535,1.0063963483411333,-3066.0727641749163
overlap_w128,strict,state_to_output,synthesis_phase,8,111,97.07788909286441,0.06727504441639945,-9.759192049874311,-8.205669849340946,43.15065326778059,-11.704778981769966,0.9611941368625593,-3022.9221109071354
overlap_w128,strict,state_to_output,decoder_control,128,96,-276.453375728829,-0.22151712798784373,-208.2471457506225,-130.71922174121613,-61.05750099078949,-380.5123590055142,1.560173967742593,-3396.453375728829
overlap_w128,strict,state_to_output,field_coarse,128,96,-169.5182239496546,-0.1358319102160694,-101.3119939714482,-23.784069962041826,45.877650788384805,-45.3042744897086,1.1648910597800761,-3289.5182239496544
overlap_w128,strict,state_to_output,field_fine,128,96,-173.7455200980176,-0.13921916674520643,-105.53929011981118,-28.011366110404786,41.65035464002183,-5.24877519823103,1.1201833405117179,-3293.7455200980176
overlap_w128,strict,state_to_output,field_meso,128,96,-108.51032767206465,-0.08694737794235949,-40.30409769385828,37.22382631554813,106.88554706597475,-7.25273560002884,1.1234035197877221,-3228.5103276720647
overlap_w128,strict,state_to_output,gru,128,96,-497.41294482089006,-0.3985680647603286,-429.2067148426836,-351.6787908332773,-282.01707008285064,-796.3244862476517,2.2516321834324997,-3617.41294482089
overlap_w128,strict,state_to_output,gru+field_coarse,128,96,-614.0012718520468,-0.49198819859939646,-545.7950418738403,-468.267117864434,-398.60539711400736,-839.8589962257527,2.3225342962321873,-4566.001271852047
overlap_w128,strict,state_to_output,history,128,96,-68.20622997820642,-0.05465242786715258,0.0,77.5279240094064,147.18964475983302,0.0,1.098650602597222,-2356.2062299782065
overlap_w128,strict,state_to_output,host,128,96,-56.12144661221771,-0.04496910786235393,12.084783365988706,89.6127073753951,159.27442812582171,-6.29774281560268,1.098477890806231,-3176.121446612218
overlap_w128,strict,state_to_output,host+field_coarse,128,96,-134.28291737607478,-0.1075984914872394,-66.07668739786837,11.451236611538029,81.11295736196465,-49.52463289943664,1.155941520186392,-4086.2829173760747
overlap_w128,strict,state_to_output,morphic_delta_l01,128,96,-1446.948141932809,-1.1594135752666739,-1378.7419119546028,-1301.2139879451965,-1231.5522671947697,-3624.305080635978,7.033636259219938,-4566.948141932809
overlap_w128,strict,state_to_output,morphic_delta_l01+morphic_delta_l16,128,96,-1472.7113323911594,-1.1800571573647112,-1404.505102412953,-1326.9771784035468,-1257.3154576531201,-4104.952087893104,7.693991297348912,-5424.71133239116
overlap_w128,strict,state_to_output,morphic_delta_l08,128,96,-597.2081959301912,-0.4785322082773968,-529.0019659519847,-451.4740419425784,-381.8123211921517,-914.071515470085,2.421111039121961,-3717.2081959301913
overlap_w128,strict,state_to_output,morphic_delta_l16,128,96,-585.2156341181774,-0.4689227837485396,-517.009404139971,-439.4814801305646,-369.819759380138,-972.8378891435298,2.4191017422491847,-3705.215634118177
overlap_w128,strict,state_to_output,morphic_output,128,96,-617.1174462869496,-0.4944851332427481,-548.9112163087432,-471.38329229933686,-401.7215715489102,-1075.2207328860277,2.576654585669837,-3737.1174462869494
overlap_w128,strict,state_to_output,motif,128,96,-511.59456679958,-0.40993154390991987,-443.38833682137357,-365.8604128119672,-296.19869206154056,-712.8218837227349,2.0957077893904827,-3631.59456679958
overlap_w128,strict,state_to_output,motif+gru,128,96,-757.3728216345746,-0.6068692481046271,-689.1665916563682,-611.6386676469617,-541.976946896535,-1601.4665607809206,3.4319592713404017,-4709.372821634574
overlap_w128,strict,state_to_output,output_slow,128,96,-215.3958747380394,-0.17259284834778799,-147.18964475983302,-69.66172075042661,0.0,-63.123182970064,1.1793561753980963,-3335.3958747380393
overlap_w128,strict,state_to_output,synthesis_phase,128,96,-37.307618172849416,-0.029893924817988315,30.898611805357,108.42653581476338,178.08825656519002,-71.67420973415045,1.1514962686683903,-3157.3076181728493
overlap_w128,strict,state_to_output,decoder_control,16,110,-390.2671604890107,-0.27291409824406343,-462.59009472630885,-504.80747813850724,-379.6572321524198,-693.7424361172425,1.709214952761391,-3510.2671604890106
overlap_w128,strict,state_to_output,field_coarse,16,110,48.97393348205052,0.03424750593150386,-23.34900075524763,-65.56638416744596,59.58386181864144,-27.37386458118839,1.0158539352730236,-3071.0260665179494
overlap_w128,strict,state_to_output,field_fine,16,110,65.98574298366646,0.04614387621235416,-6.337191253631687,-48.55457466583001,76.5956713202574,-8.785047464638232,0.9997940050596629,-3054.0142570163334
overlap_w128,strict,state_to_output,field_meso,16,110,44.507970673962376,0.031124455016756907,-27.81496356333579,-70.03234697553411,55.11789901055329,-29.327360544101868,1.018781032842232,-3075.4920293260375
overlap_w128,strict,state_to_output,gru,16,110,-728.5919489102341,-0.5095048593777861,-800.9148831475322,-843.1322665597304,-717.982020573643,-1498.9981735889019,2.220654064538344,-3848.5919489102344
overlap_w128,strict,state_to_output,gru+field_coarse,16,110,-687.8758092182431,-0.48103203441835185,-760.1987434555413,-802.4161268677396,-677.2658808816522,-1303.7232688366207,2.1114461897388055,-4639.875809218243
overlap_w128,strict,state_to_output,history,16,110,72.32293423729816,0.05057547848762109,0.0,-42.217383412198316,82.93286257388907,0.0,0.9885720928571727,-2215.6770657627017
overlap_w128,strict,state_to_output,host,16,110,50.69738344711571,0.03545271569728371,-21.62555079018243,-63.84293420238077,61.307311783706645,-25.459907349316403,1.0015304701101162,-3069.3026165528845
overlap_w128,strict,state_to_output,host+field_coarse,16,110,55.18181633390472,0.038588682750982324,-17.141117903393422,-59.358501315591745,65.79174467049565,-35.478267371850166,1.0091898750935988,-3896.818183666095
overlap_w128,strict,state_to_output,morphic_delta_l01,16,110,-1411.4306297379344,-0.9870144263901639,-1483.7535639752327,-1525.970947387431,-1400.8207014013433,-3583.8753541307547,4.481710253769843,-4531.430629737934
overlap_w128,strict,state_to_output,morphic_delta_l01+morphic_delta_l16,16,110,-1195.9446438783236,-0.8363249257890375,-1268.2675781156217,-1310.4849615278201,-1185.3347155417327,-2983.23076230114,3.8734659106247884,-5147.944643878323
overlap_w128,strict,state_to_output,morphic_delta_l08,16,110,-564.14812643732,-0.3945091793267972,-636.4710606746182,-678.6884440868165,-553.538198100729,-1217.4809648711614,2.1572481150023104,-3684.14812643732
overlap_w128,strict,state_to_output,morphic_delta_l16,16,110,-603.4872305106015,-0.42201904231510595,-675.8101647478996,-718.0275481600979,-592.8773021740105,-1309.0135519827136,2.2378874398946094,-3723.4872305106014
overlap_w128,strict,state_to_output,morphic_output,16,110,-601.2473190090705,-0.4204526706357136,-673.5702532463686,-715.787636658567,-590.6373906724795,-1277.0356167998784,2.2105589051409162,-3721.2473190090705
overlap_w128,strict,state_to_output,motif,16,110,-744.6055958076747,-0.5207032138515207,-816.928530044973,-859.1459134571711,-733.9956674710838,-1647.7097617785873,2.569779853567495,-3864.605595807675
overlap_w128,strict,state_to_output,motif+gru,16,110,-937.8238038671552,-0.6558208418651436,-1010.1467381044534,-1052.3641215166517,-927.2138755305643,-2152.2924657308376,2.797237649499801,-4889.823803867155
overlap_w128,strict,state_to_output,output_slow,16,110,-10.609928336590922,-0.007419530305308337,-82.93286257388907,-125.1502459860874,0.0,-94.14007304678785,1.083383506351719,-3130.609928336591
overlap_w128,strict,state_to_output,synthesis_phase,16,110,46.314426445894526,0.03238771080132484,-26.008507791403616,-68.22589120360196,56.92435478248545,-39.57546447973117,1.0273398662996258,-3073.6855735541053
overlap_w128,strict,state_to_output,decoder_control,64,104,-641.4553366150088,-0.4744492134726397,-659.850118644613,-772.9731219274222,-648.779740709036,-1358.3917230386287,2.5481877985632893,-3761.455336615009
overlap_w128,strict,state_to_output,field_coarse,64,104,5.8368845977299895,0.004317222335599105,-12.557897431874094,-125.68090071468333,-1.4875194962971339,-17.32697588257297,1.0772371397037872,-3114.16311540227
overlap_w128,strict,state_to_output,field_fine,64,104,12.635489275700746,0.009345776091494635,-5.759292753903331,-118.8822960367126,5.3110851816736275,-13.317009723083174,1.0690285757566143,-3107.364510724299
overlap_w128,strict,state_to_output,field_meso,64,104,-0.9519685512864271,-0.0007041187509514993,-19.346750580890507,-132.46975386369974,-8.276372645313543,-24.944820124830137,1.0777055335269208,-3120.9519685512864
overlap_w128,strict,state_to_output,gru,64,104,-782.3502094840101,-0.5786613975473447,-800.7449915136142,-913.8679947964233,-789.6746135780372,-1875.0670644845711,3.1622383414545276,-3902.35020948401
overlap_w128,strict,state_to_output,gru+field_coarse,64,104,-795.9840611305422,-0.5887456073450755,-814.3788431601463,-927.5018464429554,-803.3084652245693,-1833.913490617676,3.1586535285038337,-4747.984061130543
overlap_w128,strict,state_to_output,history,64,104,18.39478202960408,0.013605608010062189,0.0,-113.12300328280924,11.07037793557696,0.0,1.0591107228975343,-2269.605217970396
overlap_w128,strict,state_to_output,host,64,104,41.40536766718603,0.030625271943184932,23.010585637581958,-90.11241764522728,34.08096357315891,16.692265913336442,1.0365232694872306,-3078.594632332814
overlap_w128,strict,state_to_output,host+field_coarse,64,104,36.08168771354481,0.026687638841379296,17.686905683940722,-95.43609759886851,28.75728361951768,3.9405871482476744,1.047940576587213,-3915.918312286455
overlap_w128,strict,state_to_output,morphic_delta_l01,64,104,-1863.1419979318491,-1.3780636079377582,-1881.5367799614532,-1994.6597832442624,-1870.4664020258765,-6251.764127157542,8.774995424948244,-4983.141997931849
overlap_w128,strict,state_to_output,morphic_delta_l01+morphic_delta_l16,64,104,-1679.4490921162762,-1.2421960740505003,-1697.8438741458804,-1810.9668774286897,-1686.7734962103036,-5878.577267410248,8.281401978072111,-5631.449092116276
overlap_w128,strict,state_to_output,morphic_delta_l08,64,104,-707.4938674565225,-0.5232942806631083,-725.8886494861266,-839.0116527689358,-714.8182715505495,-1618.9855261325038,2.8904339266450227,-3827.4938674565224
overlap_w128,strict,state_to_output,morphic_delta_l16,64,104,-698.8582226754345,-0.516906969434493,-717.2530047050385,-830.3760079878477,-706.1826267694616,-1716.713209064404,2.9911885491372336,-3818.8582226754343
overlap_w128,strict,state_to_output,morphic_output,64,104,-734.178353277949,-0.5430313263890155,-752.5731353075532,-865.6961385903625,-741.5027573719761,-1804.2765080473368,3.111895215129476,-3854.178353277949
overlap_w128,strict,state_to_output,motif,64,104,-770.3471219091283,-0.5697833741931423,-788.7419039387324,-901.8649072215417,-777.6715260031555,-1679.8938670024004,2.9958221804413188,-3890.3471219091284
overlap_w128,strict,state_to_output,motif+gru,64,104,-932.0408082908693,-0.6893792960731282,-950.4355903204735,-1063.5585936032826,-939.3652123848965,-2853.2636140038057,4.292085161209782,-4884.040808290869
overlap_w128,strict,state_to_output,output_slow,64,104,7.324404094027125,0.005417458649428347,-11.07037793557696,-124.19338121838621,0.0,-8.038806815770453,1.0818193290878788,-3112.675595905973
overlap_w128,strict,state_to_output,synthesis_phase,64,104,-28.948971389086157,-0.021411961086602187,-47.34375341869024,-160.4667567014995,-36.27337548311328,-61.51746667424163,1.1222247774641747,-3148.948971389086
overlap_w128,strict_matched_suffix,output,history,1,767,908.8579844108458,0.09115013382918923,0.0,0.0,61.548131348610205,0.0,0.9254707206817565,-1379.1420155891542
overlap_w128,strict_matched_suffix,output,output_slow,1,767,847.3098530622356,0.08497741982371232,-61.548131348610205,-61.548131348610205,0.0,-67.97049358526226,0.935690425755483,-2272.6901469377644
overlap_w128,strict_matched_suffix,output,history,16,752,167.1792192029864,0.017100983961025613,0.0,-155.13301790771544,73.95606178521156,0.0,1.0204437613739616,-2120.8207807970134
overlap_w128,strict_matched_suffix,output,output_slow,16,752,93.22315741777481,0.009535920357792023,-73.95606178521156,-229.08907969292704,0.0,-80.24033677175274,1.031345342959874,-3026.776842582225
overlap_w128,strict_matched_suffix,output,history,4,764,321.4755843863168,0.03236765851654418,0.0,0.0,24.620347680267823,0.0,1.0107911990276375,-1966.5244156136832
overlap_w128,strict_matched_suffix,output,output_slow,4,764,296.855236706049,0.02988876728816442,-24.620347680267823,-24.620347680267823,0.0,-31.52541770716599,1.0140162269658912,-2823.1447632939507
overlap_w128,strict_matched_suffix,output,history,64,704,31.72735315536618,0.003466712538829347,0.0,-303.32422697346226,107.05823471740825,0.0,1.0342827517037632,-2256.272646844634
overlap_w128,strict_matched_suffix,output,output_slow,64,704,-75.33088156204207,-0.008231084086761589,-107.05823471740825,-410.3824616908705,0.0,-113.11081075723449,1.0499369719613447,-3195.330881562042
overlap_w128,strict_matched_suffix,state_to_output,decoder_control,8,95,-201.63793527372013,-0.16326958321758714,-339.78997133041753,-370.7113384126354,-272.1418583908048,-471.34243911524237,1.5558857861207798,-3321.6379352737204
overlap_w128,strict_matched_suffix,state_to_output,field_coarse,8,95,8.01238310402281,0.006487759598399036,-130.1396529526745,-161.06102003489238,-62.4915400130619,-155.53030499936983,1.1529738336042896,-3111.987616895977
overlap_w128,strict_matched_suffix,state_to_output,field_fine,8,95,114.85751792430929,0.09300203880510874,-23.294518132388035,-54.21588521460591,44.35359480722458,-30.28057740175471,1.0030784970691973,-3005.1424820756906
overlap_w128,strict_matched_suffix,state_to_output,field_meso,8,95,124.50420507973377,0.10081312152205163,-13.647830976963556,-44.56919805918144,54.00028196264907,-13.3365167496116,0.9908187548605615,-2995.4957949202662
overlap_w128,strict_matched_suffix,state_to_output,gru,8,95,-541.7181690403878,-0.43863819355496986,-679.8702050970851,-710.7915721793029,-612.2220921574724,-1226.6148242195577,2.1969721573768455,-3661.7181690403877
overlap_w128,strict_matched_suffix,state_to_output,gru+field_coarse,8,95,-534.0518817053785,-0.4324306734456506,-672.2039177620757,-703.1252848442937,-604.5558048224631,-1205.7032845172769,2.2311146946530385,-4486.051881705378
overlap_w128,strict_matched_suffix,state_to_output,history,8,95,138.15203605669734,0.11186399680704238,0.0,-30.921367082217873,67.64811293961262,0.0,0.9753301459454287,-2149.8479639433026
overlap_w128,strict_matched_suffix,state_to_output,host,8,95,41.41774929614053,0.033536639106186664,-96.73428676055681,-127.65565384277468,-29.086173820944175,-99.36391277824401,1.0532299123574969,-3078.5822507038592
overlap_w128,strict_matched_suffix,state_to_output,host+field_coarse,8,95,-50.70010512302332,-0.04105271669880431,-188.8521411797206,-219.7735082619385,-121.204028240108,-221.16250785233336,1.1950836840998156,-4002.700105123023
overlap_w128,strict_matched_suffix,state_to_output,morphic_delta_l01,8,95,-1373.308255362171,-1.1119904901717983,-1511.4602914188683,-1542.3816585010861,-1443.8121784792556,-3658.3406061434757,5.223002859763982,-4493.308255362171
overlap_w128,strict_matched_suffix,state_to_output,morphic_delta_l01+morphic_delta_l16,8,95,-1140.8470144670237,-0.9237627647506265,-1278.999050523721,-1309.9204176059388,-1211.3509375841081,-2956.097443405849,4.471524402441184,-5092.847014467024
overlap_w128,strict_matched_suffix,state_to_output,morphic_delta_l08,8,95,-465.8067586629906,-0.37717146450444583,-603.958794719688,-634.8801618019058,-536.3106817800754,-1100.4192509495024,2.1507064832880904,-3585.8067586629904
overlap_w128,strict_matched_suffix,state_to_output,morphic_delta_l16,8,95,-446.7215533074094,-0.36171785692907643,-584.8735893641067,-615.7949564463246,-517.2254764244942,-1040.0612907120772,2.090882003118706,-3566.7215533074095
overlap_w128,strict_matched_suffix,state_to_output,morphic_output,8,95,-468.9395880980992,-0.37970816850048517,-607.0916241547966,-638.0129912370144,-539.4435112151839,-1111.5800480293742,2.172815814305645,-3588.939588098099
overlap_w128,strict_matched_suffix,state_to_output,motif,8,95,-682.7514743914235,-0.5528352019363753,-820.9035104481206,-851.8248775303387,-753.2553975085082,-1474.1185976237946,2.5584490885103865,-3802.7514743914235
overlap_w128,strict_matched_suffix,state_to_output,motif+gru,8,95,-976.9425744721076,-0.7910466190057551,-1115.0946105288049,-1146.0159776110227,-1047.4464975891924,-2322.745390776988,3.246014520887912,-4928.9425744721075
overlap_w128,strict_matched_suffix,state_to_output,output_slow,8,95,70.5039231170847,0.05708819685593902,-67.64811293961262,-98.5694800218305,0.0,-81.52717588198078,1.0624193233008599,-3049.496076882915
overlap_w128,strict_matched_suffix,state_to_output,synthesis_phase,8,95,111.21472602062302,0.09005240973329799,-26.937310036074315,-57.85867711829219,40.71080290353831,-29.221551968833886,1.0104790970094941,-3008.785273979377
overlap_w128,strict_matched_suffix,state_to_output,decoder_control,128,80,-242.56504855681044,-0.23323562361231773,-197.10542548796946,-112.98986834339284,-65.78089107913777,-359.3247533059808,1.6675618164269836,-3362.5650485568103
overlap_w128,strict_matched_suffix,state_to_output,field_coarse,128,80,-134.51748218392464,-0.12934373286915832,-89.05785911508369,-4.9423019705070885,42.26667529374803,-44.45782410294608,1.2168546054857035,-3254.5174821839246
overlap_w128,strict_matched_suffix,state_to_output,field_fine,128,80,-159.53863817452014,-0.15340253670626938,-114.07901510567916,-29.963457961102577,17.245519303152534,-24.32250776149519,1.178408925521012,-3279.53863817452
overlap_w128,strict_matched_suffix,state_to_output,field_meso,128,80,-100.12516792547775,-0.09627419992834399,-54.6655448566368,29.450012287939792,76.65898955219491,-25.31795423431149,1.1816161407014543,-3220.125167925478
overlap_w128,strict_matched_suffix,state_to_output,gru,128,80,-447.4211333405399,-0.4302126282120576,-401.96151027169896,-317.84595312712236,-270.63697586286725,-778.4590888954972,2.499054035637987,-3567.42113334054
overlap_w128,strict_matched_suffix,state_to_output,gru+field_coarse,128,80,-544.248675420431,-0.5233160340581068,-498.78905235159016,-414.6734952070136,-367.46451794275845,-821.7238780270983,2.577601742775799,-4496.248675420431
overlap_w128,strict_matched_suffix,state_to_output,history,128,80,-45.45962306884097,-0.0437111760277317,0.0,84.1155571445766,131.3245344088317,0.0,1.1428396713422782,-2333.4596230688408
overlap_w128,strict_matched_suffix,state_to_output,host,128,80,-41.94696490216644,-0.04033362009823696,3.512658166674529,87.62821531125117,134.83719257550624,-11.79584096063331,1.1446422570559842,-3161.9469649021667
overlap_w128,strict_matched_suffix,state_to_output,host+field_coarse,128,80,-106.50344165025328,-0.10240715543293584,-61.043818581412324,23.071738563164274,70.2807158274194,-47.25491025249053,1.203282801919632,-4058.503441650253
overlap_w128,strict_matched_suffix,state_to_output,morphic_delta_l01,128,80,-1380.4652482680726,-1.327370431026993,-1335.0056251992316,-1250.8900680546549,-1203.6810907903998,-3599.882610177014,8.222895771878603,-4500.465248268072
overlap_w128,strict_matched_suffix,state_to_output,morphic_delta_l01+morphic_delta_l16,128,80,-1393.4382361406913,-1.3398444578275879,-1347.9786130718503,-1263.8630559272735,-1216.6540786630187,-4070.2520234964077,9.000162897092556,-5345.4382361406915
overlap_w128,strict_matched_suffix,state_to_output,morphic_delta_l08,128,80,-541.420146215848,-0.5205962944383155,-495.960523147007,-411.8449660024304,-364.63598873817534,-896.7201104307173,2.6975923774662363,-3661.420146215848
overlap_w128,strict_matched_suffix,state_to_output,morphic_delta_l16,128,80,-528.5924456686403,-0.5082619669890772,-483.1328225997993,-399.01726545522274,-351.80828819096763,-953.7192484594354,2.6953359472775307,-3648.5924456686403
overlap_w128,strict_matched_suffix,state_to_output,morphic_output,128,80,-558.6181684742087,-0.5371328543021238,-513.1585454053677,-429.0429882607912,-381.8340109965361,-1051.517508021755,2.878721591260193,-3678.6181684742087
overlap_w128,strict_matched_suffix,state_to_output,motif,128,80,-470.45497835670653,-0.4523605561122178,-424.99535528786555,-340.8797981432889,-293.67082087903384,-703.9681966236885,2.3238814318023238,-3590.4549783567063
overlap_w128,strict_matched_suffix,state_to_output,motif+gru,128,80,-698.6242137620754,-0.6717540516943034,-653.1645906932345,-569.0490335486578,-521.8400562844027,-1577.1402289679045,3.9030585164034295,-4650.624213762076
overlap_w128,strict_matched_suffix,state_to_output,output_slow,128,80,-176.7841574776727,-0.16998476680545452,-131.3245344088317,-47.20897726425509,0.0,-63.65990395795574,1.238093308008736,-3296.7841574776726
overlap_w128,strict_matched_suffix,state_to_output,synthesis_phase,128,80,-20.218102174429212,-0.01944048286002809,25.24152089441175,109.35707803898835,156.56605530324344,-56.27054346034896,1.1962786801016574,-3140.218102174429
overlap_w128,strict_matched_suffix,state_to_output,decoder_control,16,94,-355.48583604230066,-0.2909049394781511,-452.5367531373445,-534.2678423288974,-360.1241697660046,-707.0105879070902,1.8890607308849956,-3475.4858360423004
overlap_w128,strict_matched_suffix,state_to_output,field_coarse,16,94,69.86895050715633,0.05717590057868767,-27.18196658788748,-108.91305577944033,65.23061678345229,-34.0720234871173,1.0693578973567528,-3050.131049492844
overlap_w128,strict_matched_suffix,state_to_output,field_fine,16,94,76.3450551066716,0.062475495177309,-20.705861988372213,-102.43695117992505,71.70672138296757,-22.439440307910722,1.0582713262977346,-3043.6549448933283
overlap_w128,strict_matched_suffix,state_to_output,field_meso,16,94,57.08466227948889,0.04671412625162757,-39.96625481555494,-121.69734400710777,52.44632855578485,-41.90408603589045,1.0790278628052317,-3062.915337720511
overlap_w128,strict_matched_suffix,state_to_output,gru,16,94,-684.5385323773789,-0.560178831732716,-781.5894494724229,-863.3205386639756,-689.1768661010831,-1510.1945960824496,2.483112810348501,-3804.538532377379
overlap_w128,strict_matched_suffix,state_to_output,gru+field_coarse,16,94,-647.2548247972305,-0.5296684327309579,-744.3057418922743,-826.0368310838271,-651.8931585209345,-1320.570382649256,2.3605749120688952,-4599.254824797231
overlap_w128,strict_matched_suffix,state_to_output,history,16,94,97.05091709504381,0.07941973575699167,0.0,-81.73108919155283,92.41258337133979,0.0,1.0312048873662807,-2190.9490829049564
overlap_w128,strict_matched_suffix,state_to_output,host,16,94,57.16927375379544,0.04678336641063456,-39.88164334124838,-121.6127325328012,52.5309400300914,-42.90540520128867,1.0661057196165884,-3062.8307262462044
overlap_w128,strict_matched_suffix,state_to_output,host+field_coarse,16,94,55.37182110741892,0.04531245589805149,-41.679095987624905,-123.41018517917773,50.73348738371488,-61.14757496401529,1.0825149388549942,-3896.628178892581
overlap_w128,strict_matched_suffix,state_to_output,morphic_delta_l01,16,94,-1349.229290761803,-1.1041156225546669,-1446.280207856847,-1528.0112970483995,-1353.867624485507,-3595.05262984366,5.128992754172644,-4469.229290761803
overlap_w128,strict_matched_suffix,state_to_output,morphic_delta_l01+morphic_delta_l16,16,94,-1136.85368490784,-0.9303221644090344,-1233.9046020028838,-1315.6356911944365,-1141.492018631544,-2996.560955334995,4.419510068233588,-5088.85368490784
overlap_w128,strict_matched_suffix,state_to_output,morphic_delta_l08,16,94,-511.92931837294395,-0.41892742911042874,-608.9802354679878,-690.7113246595407,-516.567652096648,-1224.310346259174,2.406480857166803,-3631.929318372944
overlap_w128,strict_matched_suffix,state_to_output,morphic_delta_l16,16,94,-550.4590745136587,-0.4504575077853181,-647.5099916087026,-729.2410808002553,-555.0974082373627,-1317.0043476605338,2.5019564144245763,-3670.459074513659
overlap_w128,strict_matched_suffix,state_to_output,morphic_output,16,94,-548.3538755948099,-0.4487347590792225,-645.4047926898538,-727.1358818814066,-552.992209318514,-1284.1137685296108,2.4688204153976154,-3668.35387559481
overlap_w128,strict_matched_suffix,state_to_output,motif,16,94,-698.629655802624,-0.571710029298383,-795.6805728976678,-877.4116620892206,-703.267989526328,-1655.84081677929,2.8901049324648964,-3818.6296558026243
overlap_w128,strict_matched_suffix,state_to_output,motif+gru,16,94,-889.7801485682672,-0.7281343277972727,-986.8310656633109,-1068.5621548548638,-894.4184822919713,-2166.811835909552,3.1609842188186525,-4841.780148568268
overlap_w128,strict_matched_suffix,state_to_output,output_slow,16,94,4.63833372370404,0.0037956904449296565,-92.41258337133979,-174.1436725628926,0.0,-112.63492630450645,1.1666931770419684,-3115.361666276296
overlap_w128,strict_matched_suffix,state_to_output,synthesis_phase,16,94,68.05221671207823,0.055689211712011646,-28.99870038296558,-110.7297895745184,63.41388298837418,-44.574452258375466,1.0822930772719936,-3051.947783287922
overlap_w128,strict_matched_suffix,state_to_output,decoder_control,64,88,-590.164202420211,-0.5158777993183663,-631.8859596653372,-762.4017789775,-616.2201601830957,-1353.6238426897196,2.8411018649529267,-3710.164202420211
overlap_w128,strict_matched_suffix,state_to_output,field_coarse,64,88,21.25099127314847,0.018576041322682226,-20.470765971977706,-150.98658528414057,-4.804966489736252,-27.43462422611348,1.1208387776232984,-3098.7490087268516
overlap_w128,strict_matched_suffix,state_to_output,field_fine,64,88,29.981455134708163,0.02620756567719245,-11.740302110418012,-142.2561214225809,3.9254973718234396,-19.082799507962132,1.1043878817815966,-3090.018544865292
overlap_w128,strict_matched_suffix,state_to_output,field_meso,64,88,9.727934235718596,0.008503439017236535,-31.993823009407585,-162.50964232157045,-16.32802352716613,-37.336543341461194,1.1223904864566656,-3110.2720657642813
overlap_w128,strict_matched_suffix,state_to_output,gru,64,88,-727.7335333372432,-0.6361307109591287,-769.4552905823693,-899.9711098945322,-753.7894911001279,-1865.3731736516722,3.5606795223132384,-3847.733533337243
overlap_w128,strict_matched_suffix,state_to_output,gru+field_coarse,64,88,-746.84505593426,-0.6528365873551224,-788.5668131793861,-919.082632491549,-772.9010136971448,-1834.919499020903,3.568423507955552,-4698.84505593426
overlap_w128,strict_matched_suffix,state_to_output,history,64,88,41.72175724512618,0.03647006752196344,0.0,-130.51581931216288,15.665799482241452,0.0,1.0876571717449914,-2246.2782427548736
overlap_w128,strict_matched_suffix,state_to_output,host,64,88,48.1746953135188,0.04211074765167727,6.452938068392626,-124.06288124377024,22.11873755063408,2.118260569272974,1.077982374522284,-3071.825304686481
overlap_w128,strict_matched_suffix,state_to_output,host+field_coarse,64,88,36.90250954523247,0.03225743841366475,-4.819247699893705,-135.33506701205656,10.846551782347747,-18.179533024585425,1.1003880748466188,-3915.0974904547675
overlap_w128,strict_matched_suffix,state_to_output,morphic_delta_l01,64,88,-1792.8668762810842,-1.567191325420528,-1834.5886335262103,-1965.1044528383734,-1818.922834043969,-6238.873814295719,10.191015831921138,-4912.866876281084
overlap_w128,strict_matched_suffix,state_to_output,morphic_delta_l01+morphic_delta_l16,64,88,-1604.4487300680576,-1.4024901486608894,-1646.1704873131835,-1776.6863066253463,-1630.5046878309422,-5863.004682451974,9.604244131905673,-5556.448730068058
overlap_w128,strict_matched_suffix,state_to_output,morphic_delta_l08,64,88,-649.0442393320981,-0.5673463630525333,-690.7659965772243,-821.2818158893872,-675.1001970949828,-1607.4364704987847,3.236813868011698,-3769.044239332098
overlap_w128,strict_matched_suffix,state_to_output,morphic_delta_l16,64,88,-640.0124259667225,-0.5594514212995826,-681.7341832118486,-812.2500025240115,-666.0683837296071,-1704.674013953792,3.355187519389125,-3760.0124259667227
overlap_w128,strict_matched_suffix,state_to_output,morphic_output,64,88,-673.0326569892704,-0.5883152596060056,-714.7544142343966,-845.2702335465594,-699.0886147521551,-1790.1788162880237,3.495549981541917,-3793.0326569892704
overlap_w128,strict_matched_suffix,state_to_output,motif,64,88,-720.394805628549,-0.6297157391857946,-762.1165628736751,-892.632382185838,-746.4507633914336,-1673.778421600155,3.3670348789901547,-3840.394805628549
overlap_w128,strict_matched_suffix,state_to_output,motif+gru,64,88,-868.9507665036289,-0.7595723483423329,-910.6725237487549,-1041.188343060918,-895.0067242665135,-2841.8443071373495,4.892348181899116,-4820.950766503629
overlap_w128,strict_matched_suffix,state_to_output,output_slow,64,88,26.055957762884727,0.022776186855668467,-15.665799482241452,-146.1816187944043,0.0,-15.883426845553615,1.1230335612253055,-3093.9440422371154
overlap_w128,strict_matched_suffix,state_to_output,synthesis_phase,64,88,-17.002702561250896,-0.014862502238855678,-58.72445980637707,-189.24027911853995,-43.05866032413562,-70.967803652416,1.1760297966319069,-3137.0027025612508
overlap_w128,sigma_only_adapted,output,history,1,767,566.8452104336425,0.05684938425771161,0.0,0.0,114.52295205202803,0.0,0.9254707206817565,-1721.1547895663575
overlap_w128,sigma_only_adapted,output,output_slow,1,767,452.3222583816145,0.04536378080248867,-114.52295205202803,-114.52295205202803,0.0,-84.46401230597502,0.935690425755483,-2667.6777416183854
overlap_w128,sigma_only_adapted,output,history,16,752,-57.81054961896933,-0.005913517759714539,0.0,-346.8446331908401,130.0625886935007,0.0,1.0204437613739616,-2345.810549618969
overlap_w128,sigma_only_adapted,output,output_slow,16,752,-187.87313831247008,-0.019217792380571815,-130.0625886935007,-476.90722188434074,0.0,-92.54916755090231,1.031345342959874,-3307.87313831247
overlap_w128,sigma_only_adapted,output,history,4,764,14.744077923187746,0.0014845024086979205,0.0,0.0,43.14778014377198,0.0,1.0107911990276375,-2273.255922076812
overlap_w128,sigma_only_adapted,output,output_slow,4,764,-28.403702220584307,-0.002859816977505468,-43.14778014377198,-43.14778014377198,0.0,-19.116943918801898,1.0140162269658912,-3148.4037022205844
overlap_w128,sigma_only_adapted,output,history,64,704,-126.3571988369272,-0.013806512110678234,0.0,-401.5290821748257,113.68752463451571,0.0,1.0342827517037632,-2414.357198836927
overlap_w128,sigma_only_adapted,output,output_slow,64,704,-240.04472347144286,-0.02622866296672234,-113.68752463451571,-515.2166068093413,0.0,-110.46507357210206,1.0499369719613447,-3360.044723471443
overlap_w128,sigma_only_adapted,state_to_output,decoder_control,8,95,-864.2161120563292,-0.6997701312196998,-932.6696971414914,-1063.7808307500736,-755.3943886341378,-752.416042587548,1.5558857861207798,-3984.216112056329
overlap_w128,sigma_only_adapted,state_to_output,field_coarse,8,95,-305.88627361907464,-0.24768119321382562,-374.33985870423686,-505.4509923128191,-197.06455019688337,-223.3339529625064,1.1529738336042896,-3425.8862736190745
overlap_w128,sigma_only_adapted,state_to_output,field_fine,8,95,-27.560135385862772,-0.02231589909786459,-96.01372047102498,-227.12485407960722,81.2615880363285,-28.129838115455833,1.0030784970691973,-3147.560135385863
overlap_w128,sigma_only_adapted,state_to_output,field_meso,8,95,-20.12833472931365,-0.016298246744383522,-88.58191981447588,-219.69305342305813,88.69338869287763,-19.126992488906872,0.9908187548605615,-3140.128334729314
overlap_w128,sigma_only_adapted,state_to_output,gru,8,95,-1759.1242240935458,-1.4243920842862718,-1827.5778091787079,-1958.6889427872902,-1650.3025006713544,-1561.1225922627323,2.1969721573768455,-4879.124224093546
overlap_w128,sigma_only_adapted,state_to_output,gru+field_coarse,8,95,-2134.918465893342,-1.7286789197516939,-2203.372050978504,-2334.4831845870863,-2026.0967424711503,-1678.18268076789,2.2311146946530385,-6086.918465893342
overlap_w128,sigma_only_adapted,state_to_output,history,8,95,68.45358508516222,0.05542800411754026,0.0,-131.11113360858224,177.27530850735351,0.0,0.9753301459454287,-2219.546414914838
overlap_w128,sigma_only_adapted,state_to_output,host,8,95,-84.997622037385,-0.06882398545537247,-153.4512071225472,-284.56234073112944,23.82410138480629,-76.2831575351907,1.0532299123574969,-3204.997622037385
overlap_w128,sigma_only_adapted,state_to_output,host+field_coarse,8,95,-397.8545880340808,-0.3221494639952071,-466.30817311924295,-597.4193067278252,-289.0328646118895,-254.7483295322533,1.1950836840998156,-4349.854588034081
overlap_w128,sigma_only_adapted,state_to_output,morphic_delta_l01,8,95,-6432.136299439122,-5.20820752991022,-6500.589884524285,-6631.701018132867,-6323.31457601693,-5653.302426962754,5.223002859763982,-9552.136299439122
overlap_w128,sigma_only_adapted,state_to_output,morphic_delta_l01+morphic_delta_l16,8,95,-5398.7894694344,-4.371489448934737,-5467.243054519564,-5598.354188128145,-5289.96774601221,-4743.214907805665,4.471524402441184,-9350.7894694344
overlap_w128,sigma_only_adapted,state_to_output,morphic_delta_l08,8,95,-1635.4007789079292,-1.3242111570104689,-1703.8543639930917,-1834.9654976016736,-1526.579055485738,-1432.2650244043866,2.1507064832880904,-4755.40077890793
overlap_w128,sigma_only_adapted,state_to_output,morphic_delta_l16,8,95,-1549.1694140477643,-1.2543881895123599,-1617.6229991329265,-1748.734132741509,-1440.3476906255728,-1384.9753330929846,2.090882003118706,-4669.169414047765
overlap_w128,sigma_only_adapted,state_to_output,morphic_output,8,95,-1676.787155223303,-1.3577223928933628,-1745.2407403084653,-1876.3518739170474,-1567.9654318011117,-1481.8226408169503,2.172815814305645,-4796.787155223303
overlap_w128,sigma_only_adapted,state_to_output,motif,8,95,-2189.0964965654243,-1.7725477704983192,-2257.550081650587,-2388.661215259169,-2080.2747731432332,-1950.5278262406255,2.5584490885103865,-5309.096496565424
overlap_w128,sigma_only_adapted,state_to_output,motif+gru,8,95,-3046.9681732986837,-2.4671807071244403,-3115.421758383846,-3246.532891992428,-2938.1464498764926,-2681.7139970028998,3.246014520887912,-6998.968173298684
overlap_w128,sigma_only_adapted,state_to_output,output_slow,8,95,-108.8217234221913,-0.08811475580744235,-177.27530850735351,-308.3864421159358,0.0,-105.83505337324473,1.0624193233008599,-3228.821723422191
overlap_w128,sigma_only_adapted,state_to_output,synthesis_phase,8,95,-64.99108930039577,-0.05262436380598848,-133.444674385558,-264.5558079941402,43.83063412179551,-42.99381389610699,1.0104790970094941,-3184.9910893003957
overlap_w128,sigma_only_adapted,state_to_output,decoder_control,16,94,-1590.4044021339437,-1.3014765974909523,-1558.9709935423182,-1798.577548301897,-1212.491034094733,-1090.6927258423557,1.8890607308849956,-4710.404402133943
overlap_w128,sigma_only_adapted,state_to_output,field_coarse,16,94,-114.14847391501014,-0.09341118978315069,-82.71506532338475,-322.3216200829635,263.7648941242005,-47.19748095081154,1.0693578973567528,-3234.14847391501
overlap_w128,sigma_only_adapted,state_to_output,field_fine,16,94,-150.5441801372153,-0.12319491009592087,-119.11077154558993,-358.7173263051686,227.36918790199536,-42.79374142992164,1.0582713262977346,-3270.5441801372153
overlap_w128,sigma_only_adapted,state_to_output,field_meso,16,94,-150.01348556708496,-0.12276062648697623,-118.58007697545959,-358.18663173503836,227.89988247212568,-59.91357342141367,1.0790278628052317,-3270.013485567085
overlap_w128,sigma_only_adapted,state_to_output,gru,16,94,-2624.270177476343,-2.1475206034994625,-2592.836768884718,-2832.4433236442965,-2246.356809437132,-2184.1394641091038,2.483112810348501,-5744.270177476343
overlap_w128,sigma_only_adapted,state_to_output,gru+field_coarse,16,94,-2553.3702317372,-2.0895010079682486,-2521.9368231455746,-2761.5433779051536,-2175.4568636979893,-1959.554430467622,2.3605749120688952,-6505.3702317372
overlap_w128,sigma_only_adapted,state_to_output,history,16,94,-31.433408591625373,-0.025722920287745803,0.0,-239.60655475957876,346.4799594475853,0.0,1.0312048873662807,-2319.4334085916253
overlap_w128,sigma_only_adapted,state_to_output,host,16,94,-238.49517519552106,-0.19516790114199759,-207.06176660389565,-446.6683213634745,139.4181928436896,-33.891660077510636,1.0661057196165884,-3358.495175195521
overlap_w128,sigma_only_adapted,state_to_output,host+field_coarse,16,94,-334.54742235983747,-0.2737703947298179,-303.1140137682121,-542.7205685277909,43.365945679373226,-50.99385672633022,1.0825149388549942,-4286.547422359838
overlap_w128,sigma_only_adapted,state_to_output,morphic_delta_l01,16,94,-6466.475526495617,-5.291714833466135,-6435.042117903991,-6674.64867266357,-6088.562158456407,-5656.307050980101,5.128992754172644,-9586.475526495617
overlap_w128,sigma_only_adapted,state_to_output,morphic_delta_l01+morphic_delta_l16,16,94,-5581.666808739455,-4.567648779655855,-5550.233400147829,-5789.839954907409,-5203.753440700244,-4854.815355567594,4.419510068233588,-9533.666808739454
overlap_w128,sigma_only_adapted,state_to_output,morphic_delta_l08,16,94,-2190.4866427731663,-1.7925422608618382,-2159.0532341815415,-2398.6597889411196,-1812.5732747339557,-1631.328629773336,2.406480857166803,-5310.486642773167
overlap_w128,sigma_only_adapted,state_to_output,morphic_delta_l16,16,94,-2366.971626883613,-1.9369653247820076,-2335.538218291988,-2575.1447730515665,-1989.0582588444026,-1740.0868859370298,2.5019564144245763,-5486.971626883613
overlap_w128,sigma_only_adapted,state_to_output,morphic_output,16,94,-2308.76232697598,-1.8893308731390999,-2277.328918384355,-2516.935473143934,-1930.8489589367698,-1735.5416125714864,2.4688204153976154,-5428.762326975981
overlap_w128,sigma_only_adapted,state_to_output,motif,16,94,-2798.5948553727353,-2.2901758227272793,-2767.1614467811096,-3006.7680015406886,-2420.6814873335243,-2197.950383235938,2.8901049324648964,-5918.594855372736
overlap_w128,sigma_only_adapted,state_to_output,motif+gru,16,94,-3831.9533399155935,-3.1358046971486035,-3800.519931323968,-4040.1264860835468,-3454.0399718763824,-3135.9453623226473,3.1609842188186525,-7783.9533399155935
overlap_w128,sigma_only_adapted,state_to_output,output_slow,16,94,-377.9133680392107,-0.309258075318503,-346.4799594475853,-586.0865142071641,0.0,-170.1530365227482,1.1666931770419684,-3497.9133680392106
overlap_w128,sigma_only_adapted,state_to_output,synthesis_phase,16,94,-101.50661963550559,-0.08306597351514369,-70.0732110438802,-309.67976580345896,276.4067484037051,-61.86211068260163,1.0822930772719936,-3221.5066196355056
overlap_w128,sigma_only_adapted,state_to_output,decoder_control,64,88,-3566.3516794440243,-3.117440279234287,-3329.318209334736,-3699.347515977154,-3240.5341063659366,-2655.782037079659,2.8411018649529267,-6686.351679444024
overlap_w128,sigma_only_adapted,state_to_output,field_coarse,64,88,-439.2461291665384,-0.383956406614107,-202.2126590572495,-572.241965699668,-113.4285560884505,-41.69615476865808,1.1208387776232984,-3559.2461291665386
overlap_w128,sigma_only_adapted,state_to_output,field_fine,64,88,-387.3091304898736,-0.338556932246393,-150.27566038058472,-520.3049670230032,-61.49155741178571,-21.374217439228637,1.1043878817815966,-3507.3091304898735
overlap_w128,sigma_only_adapted,state_to_output,field_meso,64,88,-558.325817151574,-0.4880470429646626,-321.2923470422852,-691.3216536847037,-232.5082440734862,-51.54741692116697,1.1223904864566656,-3678.325817151574
overlap_w128,sigma_only_adapted,state_to_output,gru,64,88,-4399.910857357881,-3.846075924263882,-4162.877387248592,-4532.906693891009,-4074.0932842797924,-3651.144270722703,3.5606795223132384,-7519.910857357881
overlap_w128,sigma_only_adapted,state_to_output,gru+field_coarse,64,88,-5434.669789988242,-4.750585480758953,-5197.636319878953,-5567.665626521371,-5108.852216910154,-3581.634650812074,3.568423507955552,-9386.669789988242
overlap_w128,sigma_only_adapted,state_to_output,history,64,88,-237.03347010928888,-0.2071970892563714,0.0,-370.0293066424185,88.784102968799,0.0,1.0876571717449914,-2525.033470109289
overlap_w128,sigma_only_adapted,state_to_output,host,64,88,-230.2819545963185,-0.2012954148569218,6.751515512970348,-363.27779112944813,95.53561848176938,45.55270637192187,1.077982374522284,-3350.2819545963184
overlap_w128,sigma_only_adapted,state_to_output,host+field_coarse,64,88,-579.6708468332874,-0.5067052856934331,-342.6373767239985,-712.666683366417,-253.85327375519955,-0.7280624892126717,1.1003880748466188,-4531.670846833287
overlap_w128,sigma_only_adapted,state_to_output,morphic_delta_l01,64,88,-11440.44993425823,-10.000393299176775,-11203.41646414894,-11573.445770791359,-11114.63236118014,-10510.81431564386,10.191015831921138,-14560.44993425823
overlap_w128,sigma_only_adapted,state_to_output,morphic_delta_l01+morphic_delta_l16,64,88,-11356.017665207419,-9.926588868188302,-11118.984195098132,-11489.013501740548,-11030.200092129333,-10278.39143585341,9.604244131905673,-15308.017665207419
overlap_w128,sigma_only_adapted,state_to_output,morphic_delta_l08,64,88,-4155.158364785293,-3.632131437749382,-3918.1248946760043,-4288.154201318423,-3829.3407917072054,-3535.038395638411,3.236813868011698,-7275.158364785293
overlap_w128,sigma_only_adapted,state_to_output,morphic_delta_l16,64,88,-4471.336258085644,-3.9085107151098284,-4234.302787976355,-4604.332094618774,-4145.518685007556,-3865.1551309457636,3.355187519389125,-7591.336258085644
overlap_w128,sigma_only_adapted,state_to_output,morphic_output,64,88,-4635.006148515677,-4.051578801150067,-4397.972678406388,-4768.001985048806,-4309.188575437589,-4023.127443121631,3.495549981541917,-7755.006148515677
overlap_w128,sigma_only_adapted,state_to_output,motif,64,88,-4559.145463491156,-3.9852670135412205,-4322.111993381867,-4692.141300024286,-4233.327890413068,-3709.372757672786,3.3670348789901547,-7679.145463491156
overlap_w128,sigma_only_adapted,state_to_output,motif+gru,64,88,-6644.366876495582,-5.808013003929704,-6407.333406386293,-6777.362713028712,-6318.549303417494,-5458.220853788402,4.892348181899116,-10596.366876495582
overlap_w128,sigma_only_adapted,state_to_output,output_slow,64,88,-325.8175730780879,-0.28480557087245445,-88.784102968799,-458.8134096112175,0.0,-14.839298901518552,1.1230335612253055,-3445.8175730780877
overlap_w128,sigma_only_adapted,state_to_output,synthesis_phase,64,88,-466.93383534452096,-0.40815894697947636,-229.90036523523207,-599.9296718776505,-141.11626226643313,-114.21511227838971,1.1760297966319069,-3586.933835344521
L16_WP_SP,strict,output,history,1,255,451.3307542287314,0.13614804049132168,0.0,0.0,10.426820839916042,0.0,0.8474795675828621,-1836.6692457712686
L16_WP_SP,strict,output,output_slow,1,255,440.90393338881535,0.133002694838255,-10.426820839916042,-10.426820839916042,0.0,-10.915469140901237,0.8522747795562036,-2679.0960666111846
L16_WP_SP,strict,output,history,16,240,95.65618140700997,0.030659032502246785,0.0,-5.646776920290023,16.06810596866578,0.0,0.9695241644020038,-2192.34381859299
L16_WP_SP,strict,output,output_slow,16,240,79.58807543834419,0.02550899853793083,-16.06810596866578,-21.714882888955813,0.0,-16.233503053875552,0.9788637235940247,-3040.4119245616557
L16_WP_SP,strict,output,history,4,252,172.29633820057413,0.05259350982923508,0.0,0.0,7.57964066980835,0.0,0.9413880118829216,-2115.703661799426
L16_WP_SP,strict,output,output_slow,4,252,164.71669753076577,0.05027982220108845,-7.57964066980835,-7.57964066980835,0.0,-11.486045395225378,0.947802865661749,-2955.283302469234
L16_WP_SP,strict,output,history,64,192,67.08779101903818,0.026878121401858246,0.0,2.0437086853163464,27.553394712017536,0.0,0.9859188223828597,-2220.9122089809616
L16_WP_SP,strict,output,output_slow,64,192,39.53439630702064,0.015839101084543526,-27.553394712017536,-25.50968602670119,0.0,-27.602601051104564,1.0010928944456288,-3080.465603692979
L16_WP_SP,strict,state_to_output,decoder_control,8,31,22.372119595334397,0.05551394440529627,-3.2723095528280037,4.3600190768168385,25.46513798626549,2.069862115585668,1.0353180469795207,-3097.6278804046656
L16_WP_SP,strict,state_to_output,field_coarse,8,31,-57.92550848714128,-0.14373575306982947,-83.56993763530369,-75.93760900565883,-54.832490096210186,-87.80943075311848,1.2958821265573524,-3177.925508487141
L16_WP_SP,strict,state_to_output,field_fine,8,31,23.83424326270261,0.05914204283549035,-1.810185885459795,5.822142744185053,26.9272616536337,-3.437804350752487,1.054483175370029,-3096.165756737297
L16_WP_SP,strict,state_to_output,field_meso,8,31,16.182569360294508,0.040155258958547164,-9.461859787867894,-1.82953115822305,19.275587751225594,-6.132592566992415,1.061069766344438,-3103.8174306397054
L16_WP_SP,strict,state_to_output,gru,8,31,-8.855663265657698,-0.021974350535130766,-34.5000924138201,-26.867763784175256,-5.762644874726615,-18.96034819566977,1.0899775903002895,-3128.8556632656578
L16_WP_SP,strict,state_to_output,gru+field_coarse,8,31,-62.67490911748811,-0.15552086629649656,-88.31933826565052,-80.68700963600567,-59.58189072655702,-93.66494728552175,1.3077250057948087,-4014.674909117488
L16_WP_SP,strict,state_to_output,history,8,31,25.644429148162402,0.06363381922620943,0.0,7.632328629644847,28.737447539093495,0.0,1.0371795650181141,-2262.3555708518375
L16_WP_SP,strict,state_to_output,host,8,31,-14.049545770552795,-0.034862396452984605,-39.6939749187152,-32.06164628907035,-10.956527379621708,-41.032371297456194,1.1569394051219397,-3134.049545770553
L16_WP_SP,strict,state_to_output,host+field_coarse,8,31,-73.43713095439917,-0.1822261314004942,-99.08156010256158,-91.44923147291672,-70.34411256346807,-104.38558430702552,1.3376317392646047,-4025.437130954399
L16_WP_SP,strict,state_to_output,morphic_delta_l01,8,31,-24.188233317841085,-0.06002043006908458,-49.83266246600349,-42.200333836358645,-21.095214926909996,-14.03332021957193,1.081276428033993,-3144.188233317841
L16_WP_SP,strict,state_to_output,morphic_delta_l01+morphic_delta_l16,8,31,-25.99638053472949,-0.0645071477288573,-51.6408096828919,-44.00848105324705,-22.903362143798404,-20.32188049843074,1.0978357509627317,-3977.9963805347293
L16_WP_SP,strict,state_to_output,morphic_delta_l08,8,31,-5.281977424471178,-0.0131066437331791,-30.92640657263358,-23.294077942988732,-2.1889590335400833,-23.678047848190378,1.1005490359989967,-3125.2819774244713
L16_WP_SP,strict,state_to_output,morphic_delta_l16,8,31,-4.293865037518064,-0.010654751954139115,-29.93829418568047,-22.305965556035623,-1.2008466465869727,-19.786450239700844,1.0905493854919392,-3124.293865037518
L16_WP_SP,strict,state_to_output,morphic_output,8,31,-6.4678747460925266,-0.016049316987822648,-32.11230389425493,-24.479975264610076,-3.374856355161441,-19.73734303076946,1.0909315834596045,-3126.4678747460925
L16_WP_SP,strict,state_to_output,motif,8,31,2.8675737547680917,0.007115567629697498,-22.776855393394314,-15.144526763749472,5.9605921456991755,-15.69784742818857,1.0812745010080078,-3117.1324262452317
L16_WP_SP,strict,state_to_output,motif+gru,8,31,-16.673048408065863,-0.0413723285559947,-42.31747755622827,-34.68514892658342,-13.580030017134774,-22.445056723594853,1.1016768532398553,-3968.673048408066
L16_WP_SP,strict,state_to_output,output_slow,8,31,-3.093018390931082,-0.007674983600325266,-28.737447539093495,-21.105118909448645,0.0,-42.596673437242494,1.1642623277146216,-3123.093018390931
L16_WP_SP,strict,state_to_output,synthesis_phase,8,31,9.251456309327075,0.022956467268801677,-16.39297283883533,-8.760644209190485,12.344474700258155,-21.37537495908788,1.1064317540369402,-3110.7485436906727
L16_WP_SP,strict,state_to_output,decoder_control,128,16,2.3888407200833877,0.011484811154247055,-7.581283058170632,37.9728191050974,33.4980472476238,-31.660284585328565,1.1152413690827414,-3117.6111592799166
L16_WP_SP,strict,state_to_output,field_coarse,128,16,-11.451254135453347,-0.055054106420448785,-21.421377913707367,24.132724249560667,19.657952392087065,-8.942501103137747,1.0551215016547832,-3131.4512541354534
L16_WP_SP,strict,state_to_output,field_fine,128,16,-18.735456906580623,-0.09007431205086838,-28.70558068483463,16.848521478433398,12.373749620959805,-2.963753382927071,1.0188878603017908,-3138.7354569065806
L16_WP_SP,strict,state_to_output,field_meso,128,16,-2.122949228772418,-0.010206486676790472,-12.09307300702644,33.461029156241594,28.986257298767995,-3.285910616004645,1.0214780514624142,-3122.1229492287725
L16_WP_SP,strict,state_to_output,gru,128,16,-2.915455617202829,-0.01401661354424437,-12.885579395456851,32.66852276781118,28.193750910337585,0.18383968541737528,0.9837108731703896,-3122.915455617203
L16_WP_SP,strict,state_to_output,gru+field_coarse,128,16,-29.205810783798377,-0.1404125518451845,-39.1759345620524,6.378167601215636,1.9033957437420392,-9.04700326032751,1.046197267906075,-3981.2058107837984
L16_WP_SP,strict,state_to_output,history,128,16,9.97012377825402,0.04793328739545202,0.0,45.554102163268034,41.07933030579444,0.0,0.9906274101143353,-2278.029876221746
L16_WP_SP,strict,state_to_output,host,128,16,10.34065887825345,0.049714706145449275,0.37053509999942613,45.92463726326746,41.44986540579386,-3.845164886376535,1.0205705751212357,-3109.6593411217464
L16_WP_SP,strict,state_to_output,host+field_coarse,128,16,-5.151581454795943,-0.024767218532672806,-15.121705233049962,30.432396930218076,25.957625072744477,-10.69973812023344,1.0766211983888132,-3957.151581454796
L16_WP_SP,strict,state_to_output,morphic_delta_l01,128,16,-19.88534157352186,-0.0956026037188551,-29.855465351775877,15.698636811492161,11.223864954018559,-5.981292577647457,1.0344295360490408,-3139.885341573522
L16_WP_SP,strict,state_to_output,morphic_delta_l01+morphic_delta_l16,128,16,-29.620203677586787,-0.1424048253730134,-39.5903274558408,5.9637747074272305,1.4890028499536339,-5.954347398319457,1.033003977625587,-3981.6202036775867
L16_WP_SP,strict,state_to_output,morphic_delta_l08,128,16,-11.77205945503563,-0.05659643968767129,-21.74218323328965,23.811918929978383,19.337147072504784,0.04670743321276549,0.9838271313174582,-3131.7720594550356
L16_WP_SP,strict,state_to_output,morphic_delta_l16,128,16,-10.066034702650485,-0.048394397608896564,-20.036158480904508,25.517943682363523,21.043171824889924,-0.7579248472413985,0.9922764018602404,-3130.0660347026505
L16_WP_SP,strict,state_to_output,morphic_output,128,16,-7.846962897551206,-0.03772578316130388,-17.817086675805232,27.737015487462806,23.262243629989207,-0.2853113757886723,0.9889294178977699,-3127.8469628975513
L16_WP_SP,strict,state_to_output,motif,128,16,-0.9640837900665344,-0.004635018221473723,-10.934207568320556,34.61989459494748,30.145122737473876,-1.576177498506986,0.9913964996151173,-3120.9640837900665
L16_WP_SP,strict,state_to_output,motif+gru,128,16,-12.734593816674355,-0.06122400873401132,-22.704717594928375,22.84938456833966,18.37461271086606,-2.5467204416582243,0.9970666000959311,-3964.7345938166745
L16_WP_SP,strict,state_to_output,output_slow,128,16,-31.10920652754042,-0.1495634929208674,-41.07933030579444,4.474771857473599,0.0,-25.269916942780846,1.2057845311173045,-3151.10920652754
L16_WP_SP,strict,state_to_output,synthesis_phase,128,16,28.238005200962547,0.135759640389243,18.267881422708527,63.82198358597656,59.347211728502955,-1.2584403647035751,1.0057294097995517,-3091.7619947990374
L16_WP_SP,strict,state_to_output,decoder_control,16,30,-6.804927534334598,-0.017448532139319482,-28.534671466026907,-28.84769106799295,-12.075800988592974,-35.27459931231161,1.1915265759039102,-3126.8049275343346
L16_WP_SP,strict,state_to_output,field_coarse,16,30,21.699110221417357,0.0556387441574804,-0.030633710274951653,-0.3436533122409955,16.428236767158978,-1.9173337638619383,1.0909433576763552,-3098.3008897785826
L16_WP_SP,strict,state_to_output,field_fine,16,30,5.948349268749505,0.015252177612178217,-15.781394662942802,-16.09441426490885,0.6774758144911286,-11.008169453278752,1.1168427234269143,-3114.0516507312504
L16_WP_SP,strict,state_to_output,field_meso,16,30,6.140353123748788,0.015744495189099456,-15.58939080794352,-15.90241040990956,0.8694796694904117,-12.652526367526656,1.1233368195125513,-3113.859646876251
L16_WP_SP,strict,state_to_output,gru,16,30,-1.539296790933978,-0.003946914848548662,-23.269040722626286,-23.58206032459233,-6.8101702451923565,-18.43491502268053,1.1262661602420585,-3121.539296790934
L16_WP_SP,strict,state_to_output,gru+field_coarse,16,30,-3.1407061963731664,-0.008053092811213247,-24.870450128065468,-25.183469730031515,-8.411579650631538,-14.847251047906164,1.1249505812524772,-3955.1407061963732
L16_WP_SP,strict,state_to_output,history,16,30,21.729743931692305,0.05571729213254437,0.0,-0.31301960196604206,16.458870477433933,0.0,1.0752137232261252,-2266.270256068308
L16_WP_SP,strict,state_to_output,host,16,30,8.687645385828935,0.022276013809817783,-13.042098545863368,-13.355118147829414,3.416771931570562,-13.077881338495404,1.1245266859743999,-3111.312354614171
L16_WP_SP,strict,state_to_output,host+field_coarse,16,30,19.93660408514456,0.05111949765421682,-1.793139846547744,-2.106159448513788,14.665730630886188,-8.51502755247196,1.1082136361289532,-3932.0633959148554
L16_WP_SP,strict,state_to_output,morphic_delta_l01,16,30,-17.061492469955674,-0.04374741658962993,-38.791236401647986,-39.104256003614026,-22.33236592421405,-7.379355677022549,1.0952316031168097,-3137.0614924699557
L16_WP_SP,strict,state_to_output,morphic_delta_l01+morphic_delta_l16,16,30,-16.686465184081936,-0.042785808164312655,-38.41620911577424,-38.729228717740284,-21.957338638340307,-13.051196639004171,1.112833575028055,-3968.686465184082
L16_WP_SP,strict,state_to_output,morphic_delta_l08,16,30,-5.196869255129958,-0.013325305782384507,-26.926613186822266,-27.239632788788306,-10.467742709388334,-9.455072172450938,1.1002792818508833,-3125.19686925513
L16_WP_SP,strict,state_to_output,morphic_delta_l16,16,30,-4.838142624845103,-0.012405493909859238,-26.56788655653741,-26.88090615850345,-10.109016079103483,-9.57608884897458,1.1018089388474441,-3124.838142624845
L16_WP_SP,strict,state_to_output,morphic_output,16,30,-4.171173976274618,-0.010695317887883636,-25.90091790796692,-26.213937509932972,-9.44204743053299,-8.815022944655665,1.0985203236849008,-3124.1711739762745
L16_WP_SP,strict,state_to_output,motif,16,30,-0.7101860328312526,-0.0018209898277724425,-22.439929964523564,-22.752949566489615,-5.981059487089636,-10.435841246772753,1.111708468958294,-3120.710186032831
L16_WP_SP,strict,state_to_output,motif+gru,16,30,-10.981540670310114,-0.028157796590538752,-32.71128460200242,-33.02430420396846,-16.25241412456849,-20.468145150466334,1.137028811806804,-3962.98154067031
L16_WP_SP,strict,state_to_output,output_slow,16,30,5.270873454258382,0.013515060139124057,-16.458870477433933,-16.77189007939998,0.0,-29.68698268720435,1.1842613504638548,-3114.7291265457416
L16_WP_SP,strict,state_to_output,synthesis_phase,16,30,24.939133223578544,0.06394649544507319,3.2093892918862377,2.8963696899201903,19.668259769320166,-3.787682296449721,1.0882340086824085,-3095.0608667764213
L16_WP_SP,strict,state_to_output,decoder_control,64,24,-15.84069816577169,-0.05077146848003747,-31.55355332057715,-45.55580110785997,-4.095167639597179,1.2505391506453125,1.0449554826001008,-3135.8406981657718
L16_WP_SP,strict,state_to_output,field_coarse,64,24,6.250287670617434,0.020032973303261006,-9.462567484188032,-23.464815271470854,17.99581819679194,-12.448903345663267,1.1048856647497094,-3113.7497123293824
L16_WP_SP,strict,state_to_output,field_fine,64,24,17.783449806038945,0.056998236557817133,2.070594651233478,-11.931653136049338,29.52898033221345,4.076236059720674,1.0155428342124857,-3102.216550193961
L16_WP_SP,strict,state_to_output,field_meso,64,24,9.845827142475375,0.031557138277164665,-5.8670280123300875,-19.869275799612907,21.591357668649888,-6.968935777157023,1.063620801427043,-3110.154172857525
L16_WP_SP,strict,state_to_output,gru,64,24,-23.849348161273223,-0.07644021846561931,-39.56220331607869,-53.5644511033615,-12.10381763509871,-8.145511206904365,1.077564737006048,-3143.849348161273
L16_WP_SP,strict,state_to_output,gru+field_coarse,64,24,-29.806310728343483,-0.09553304720622911,-45.51916588314894,-59.521413670431755,-18.06078020216897,-18.36265632218138,1.129997724882155,-3981.8063107283433
L16_WP_SP,strict,state_to_output,history,64,24,15.712855154805462,0.050361715239761094,0.0,-14.002247787282815,27.458385680979976,0.0,1.0409702086649213,-2272.2871448451947
L16_WP_SP,strict,state_to_output,host,64,24,0.9001529285713463,0.002885105540292777,-14.812702226234114,-28.814950013516935,12.645683454745859,-16.28422076827604,1.1133485333006887,-3119.0998470714285
L16_WP_SP,strict,state_to_output,host+field_coarse,64,24,-0.9751443118724454,-0.00312546253805271,-16.687999466677905,-30.69024725396073,10.770386214302071,-23.329710834930598,1.1505577127958866,-3952.9751443118726
L16_WP_SP,strict,state_to_output,morphic_delta_l01,64,24,-49.56937766149752,-0.15887621045351769,-65.282232816303,-79.2844806035858,-37.82384713532302,-12.9104804983699,1.0980242066948678,-3169.5693776614976
L16_WP_SP,strict,state_to_output,morphic_delta_l01+morphic_delta_l16,64,24,-55.60128373352666,-0.17820924273566235,-71.31413888833214,-85.31638667561495,-43.85575320735216,-14.85478341756491,1.1074595912210299,-4007.6012837335265
L16_WP_SP,strict,state_to_output,morphic_delta_l08,64,24,-22.33499607759161,-0.0715865258897167,-38.047851232397065,-52.050099019679884,-10.589465551417097,-7.882616599185677,1.0754685486627988,-3142.3349960775918
L16_WP_SP,strict,state_to_output,morphic_delta_l16,64,24,-24.910829421741,-0.07984240199275962,-40.62368457654646,-54.62593236382928,-13.16529889556649,-7.161591930226819,1.0752519863146424,-3144.910829421741
L16_WP_SP,strict,state_to_output,morphic_output,64,24,-26.673973305644726,-0.08549350418475873,-42.38682846045019,-56.389076247733016,-14.928442779470219,-8.193680712604484,1.079154372719417,-3146.6739733056447
L16_WP_SP,strict,state_to_output,motif,64,24,-16.101657079217173,-0.051607875253901196,-31.814512234022633,-45.816760021305456,-4.356126553042661,-7.155479715049653,1.0796710541339523,-3136.101657079217
L16_WP_SP,strict,state_to_output,motif+gru,64,24,-36.864641267354756,-0.11815590149793191,-52.57749642216022,-66.57974420944305,-25.11911074118025,-12.838118828974558,1.1058043668775914,-3988.8646412673547
L16_WP_SP,strict,state_to_output,output_slow,64,24,-11.745530526174512,-0.03764593117363626,-27.458385680979976,-41.46063346826279,0.0,-32.84488297732899,1.2223042268524973,-3131.7455305261747
L16_WP_SP,strict,state_to_output,synthesis_phase,64,24,23.718418402335402,0.07602057180235706,8.005563247529938,-5.996684539752877,35.463948928509915,5.844286811413382,1.0266933930060897,-3096.2815815976646
L16_WP_SP,strict_matched_suffix,output,history,1,127,215.18336433585415,0.1303351691919165,0.0,0.0,-2.35786357950004,0.0,0.8650628315198537,-2072.816635664146
L16_WP_SP,strict_matched_suffix,output,output_slow,1,127,217.54122791535414,0.13176331188089288,2.35786357950004,2.35786357950004,0.0,1.7496412731716369,0.8646947287216996,-2902.4587720846457
L16_WP_SP,strict_matched_suffix,output,history,16,112,17.049644023147533,0.01170992034556836,0.0,-6.5467476896360886,10.31399084030114,0.0,1.025248778725508,-2270.9503559768523
L16_WP_SP,strict_matched_suffix,output,output_slow,16,112,6.735653182846392,0.004626135427779116,-10.31399084030114,-16.860738529937223,0.0,-10.336702215641107,1.0368017758417898,-3113.2643468171536
L16_WP_SP,strict_matched_suffix,output,history,4,124,72.60409108617131,0.04503975873831967,0.0,0.0,-3.721422880734881,0.0,0.9750400599939492,-2215.395908913829
L16_WP_SP,strict_matched_suffix,output,output_slow,4,124,76.32551396690619,0.047348333726368604,3.721422880734881,3.721422880734881,0.0,0.8678495875799044,0.9769448395098854,-3043.6744860330937
L16_WP_SP,strict_matched_suffix,output,history,64,64,21.379958106535817,0.02569706503189401,0.0,-15.081130653410098,15.480859580412076,0.0,1.0303259242346954,-2266.620041893464
L16_WP_SP,strict_matched_suffix,output,output_slow,64,64,5.899098526123742,0.007090262651591036,-15.480859580412076,-30.561990233822172,0.0,-15.704015624925033,1.0559720907231287,-3114.100901473876
L16_WP_SP,strict_matched_suffix,state_to_output,decoder_control,8,15,30.069435844628075,0.15420223510065678,2.870075847238665,8.092000549707427,25.489187757318838,9.497724141076079,1.0062069669063898,-3089.930564155372
L16_WP_SP,strict_matched_suffix,state_to_output,field_coarse,8,15,1.1277902526390315,0.005783539757123239,-26.071569744750388,-20.849645042281622,-3.4524578346702057,-26.28665578056129,1.2130198286133265,-3118.872209747361
L16_WP_SP,strict_matched_suffix,state_to_output,field_fine,8,15,22.256828833440757,0.11413758376123465,-4.942531163948658,0.27939353852010296,17.676580746131517,-4.475312572891539,1.0822898784967907,-3097.743171166559
L16_WP_SP,strict_matched_suffix,state_to_output,field_meso,8,15,16.084460838412348,0.08248441455596076,-11.114899158977067,-5.892974456508309,11.504212751103108,-8.749667768500803,1.1141946905333617,-3103.9155391615877
L16_WP_SP,strict_matched_suffix,state_to_output,gru,8,15,9.638567847368694,0.0494285530634292,-17.560792150020717,-12.338867447551962,5.058319760059453,-5.104645684698767,1.0798898191120885,-3110.361432152631
L16_WP_SP,strict_matched_suffix,state_to_output,gru+field_coarse,8,15,-5.662701170254689,-0.029039493180793276,-32.8620611676441,-27.640136465175342,-10.242949257563929,-29.111334556330366,1.2331592251922756,-3957.662701170255
L16_WP_SP,strict_matched_suffix,state_to_output,history,8,15,27.19935999738941,0.1394838974225098,0.0,5.221924702468758,22.61911191008017,0.0,1.0476971516573859,-2260.8006400026106
L16_WP_SP,strict_matched_suffix,state_to_output,host,8,15,11.479526272790089,0.058869365501487636,-15.719833724599324,-10.497909022130564,6.899278185480854,-16.075441513417005,1.137821043443173,-3108.5204737272097
L16_WP_SP,strict_matched_suffix,state_to_output,host+field_coarse,8,15,-2.7355040466123812,-0.014028225880063493,-29.93486404400179,-24.712939341533037,-7.315752133921624,-31.030646000413675,1.2239430037168633,-3954.7355040466123
L16_WP_SP,strict_matched_suffix,state_to_output,morphic_delta_l01,8,15,-2.5722322460276352,-0.013190934595013514,-29.771592243417047,-24.549667540948285,-7.152480333336873,-8.120250238168063,1.09344274175024,-3122.572232246028
L16_WP_SP,strict_matched_suffix,state_to_output,morphic_delta_l01+morphic_delta_l16,8,15,-2.722094369045614,-0.01395945830279802,-29.92145436643503,-24.699529663966267,-7.302342456354854,-9.824689280238777,1.1034510048137767,-3954.7220943690454
L16_WP_SP,strict_matched_suffix,state_to_output,morphic_delta_l08,8,15,12.840271586697764,0.06584754659845007,-14.359088410691651,-9.13716370822289,8.260023499388524,-4.342564910626283,1.0706827497394449,-3107.159728413302
L16_WP_SP,strict_matched_suffix,state_to_output,morphic_delta_l16,8,15,14.655593020385538,0.0751568872840284,-12.543766977003875,-7.3218422745351175,10.0753449330763,-1.2042856186985778,1.0535985144927944,-3105.3444069796146
L16_WP_SP,strict_matched_suffix,state_to_output,morphic_output,8,15,13.505870653202862,0.06926087514463006,-13.693489344186553,-8.471564641717794,8.92562256589362,-0.7619771835555138,1.0509351389136885,-3106.4941293467973
L16_WP_SP,strict_matched_suffix,state_to_output,motif,8,15,19.62656044605282,0.100649027928476,-7.572799551336593,-2.3508748488678313,15.046312358743581,2.9191323151069444,1.031242482450422,-3100.3734395539473
L16_WP_SP,strict_matched_suffix,state_to_output,motif+gru,8,15,7.931018316317507,0.04067188880162824,-19.268341681071902,-14.046416978603151,3.350770229008268,-3.8217302698335063,1.0746628090495371,-3944.0689816836825
L16_WP_SP,strict_matched_suffix,state_to_output,output_slow,8,15,4.580248087309236,0.023488451729790957,-22.61911191008017,-17.39718720761141,0.0,-27.25690743715047,1.2126909964402124,-3115.4197519126906
L16_WP_SP,strict_matched_suffix,state_to_output,synthesis_phase,8,15,30.453601118358947,0.15617231342748178,3.2542411209695317,8.476165823438292,25.873353031049703,0.5663848631457888,1.0664833651034888,-3089.546398881641
L16_WP_SP,strict_matched_suffix,state_to_output,decoder_control,16,14,7.078024438242532,0.03889024416616776,-11.888196904806865,-18.14066819105288,1.859594254139326,-8.587494336044413,1.1742399415171367,-3112.9219755617573
L16_WP_SP,strict_matched_suffix,state_to_output,field_coarse,16,14,11.868447077868977,0.06521124768059877,-7.097774265180416,-13.35024555142644,6.65001689376577,-9.236943182924296,1.2066093794061257,-3108.131552922131
L16_WP_SP,strict_matched_suffix,state_to_output,field_fine,16,14,4.877946005842258,0.026801901131001418,-14.088275337207133,-20.340746623453153,-0.34048417826095,-12.448111447054728,1.2220230263587404,-3115.122053994158
L16_WP_SP,strict_matched_suffix,state_to_output,field_meso,16,14,8.762076559386935,0.04814327779882931,-10.20414478366246,-16.45661606990848,3.5436463752837275,-9.976739068225811,1.2059668239294157,-3111.237923440613
L16_WP_SP,strict_matched_suffix,state_to_output,gru,16,14,11.920660520448688,0.06549813472774005,-7.045560822600706,-13.298032108846726,6.702230336345483,-5.5373255885121395,1.158064952296464,-3108.0793394795514
L16_WP_SP,strict_matched_suffix,state_to_output,gru+field_coarse,16,14,3.8241665571510968,0.02101190416017086,-15.1420547858983,-21.39452607214432,-1.3942636269521118,-14.613469914887023,1.237375161013197,-3948.175833442849
L16_WP_SP,strict_matched_suffix,state_to_output,history,16,14,18.96622134304939,0.10421000737939226,0.0,-6.252471286246019,13.747791158946185,0.0,1.1305296343405564,-2269.0337786569507
L16_WP_SP,strict_matched_suffix,state_to_output,host,16,14,14.293114517352315,0.07853359624918854,-4.673106825697078,-10.9255781119431,9.07468433324911,-5.7817794856325975,1.16381022481962,-3105.7068854826475
L16_WP_SP,strict_matched_suffix,state_to_output,host+field_coarse,16,14,11.945565753430564,0.0656349766672009,-7.020655589618829,-13.273126875864849,6.727135569327357,-12.74367727842736,1.2089500958516408,-3940.0544342465696
L16_WP_SP,strict_matched_suffix,state_to_output,morphic_delta_l01,16,14,5.905267269617441,0.03244652345943649,-13.060954073431954,-19.313425359677975,0.6868370855142327,-1.0307290177893251,1.1262250603473885,-3114.0947327303825
L16_WP_SP,strict_matched_suffix,state_to_output,morphic_delta_l01+morphic_delta_l16,16,14,7.168179383963172,0.039385601010786656,-11.798041959086223,-18.050513245332244,1.9497491998599645,-1.1283490881954235,1.1274071619249952,-3944.831820616037
L16_WP_SP,strict_matched_suffix,state_to_output,morphic_delta_l08,16,14,7.969593216532559,0.04378897371721186,-10.996628126516837,-17.249099412762856,2.7511630324293503,1.3749728678459379,1.1168488847851197,-3112.0304067834672
L16_WP_SP,strict_matched_suffix,state_to_output,morphic_delta_l16,16,14,9.02478968984462,0.04958675653760781,-9.941431653204775,-16.193902939450794,3.806359505741413,2.8581124240672455,1.1097159335946833,-3110.9752103101555
L16_WP_SP,strict_matched_suffix,state_to_output,morphic_output,16,14,9.27623713520772,0.05096833590773473,-9.689984207841675,-15.942455494087696,4.057806951104514,2.0948190355447878,1.1139945045014195,-3110.723762864792
L16_WP_SP,strict_matched_suffix,state_to_output,motif,16,14,9.678392129482539,0.05317797873342055,-9.287829213566859,-15.54030049981288,4.45996194537933,-1.472268153365035,1.149562546079299,-3110.3216078705173
L16_WP_SP,strict_matched_suffix,state_to_output,motif+gru,16,14,5.505204984377716,0.0302483790350424,-13.461016358671678,-19.7134876449177,0.28677480027450963,-9.597785286141495,1.1945153326729046,-3946.4947950156225
L16_WP_SP,strict_matched_suffix,state_to_output,output_slow,16,14,5.218430184103209,0.0286726933192484,-13.747791158946185,-20.000262445192206,0.0,-24.468833023558798,1.3079592750576707,-3114.781569815897
L16_WP_SP,strict_matched_suffix,state_to_output,synthesis_phase,16,14,23.84256774258264,0.13100311946473978,4.876346399533252,-1.376124886712769,18.62413755847944,1.8615307667717071,1.1136817240221217,-3096.1574322574174
L16_WP_SP,strict_matched_suffix,state_to_output,decoder_control,64,8,-3.9022510858016592,-0.03752164505578519,-6.635366770362729,-17.793146152055094,-1.6401384434551929,2.68821455517801,1.1751284501008832,-3123.9022510858017
L16_WP_SP,strict_matched_suffix,state_to_output,field_coarse,64,8,-5.786477388748934,-0.05563920566104744,-8.519593073310002,-19.677372455002367,-3.5243647464024637,-11.67687489977433,1.3740936659141914,-3125.786477388749
L16_WP_SP,strict_matched_suffix,state_to_output,field_fine,64,8,1.2466235406795532,0.011986764814226473,-1.4864921438815188,-12.644271525573886,3.508736183026019,0.645358387792347,1.183396135336466,-3118.7533764593204
L16_WP_SP,strict_matched_suffix,state_to_output,field_meso,64,8,-1.8762323417037097,-0.0180406955933049,-4.6093480262647795,-15.767127407957144,0.38588030064275936,-4.536540062345869,1.2680881850511587,-3121.8762323417036
L16_WP_SP,strict_matched_suffix,state_to_output,gru,64,8,-8.42932215722698,-0.08105117458872096,-11.162437841788053,-22.32021722348042,-6.167209514880513,-1.5879561392578365,1.2040488021212405,-3128.429322157227
L16_WP_SP,strict_matched_suffix,state_to_output,gru+field_coarse,64,8,-13.827316735958425,-0.13295496861498485,-16.560432420519493,-27.71821180221186,-11.565204093611959,-13.067816916386267,1.3683291743040529,-3965.8273167359584
L16_WP_SP,strict_matched_suffix,state_to_output,history,64,8,2.733115684561069,0.02627995850539489,0.0,-11.157779381692364,4.9952283269075375,0.0,1.1980506003710354,-2285.266884315439
L16_WP_SP,strict_matched_suffix,state_to_output,host,64,8,-4.590494185151486,-0.044139367164918134,-7.323609869712557,-18.481389251404924,-2.328381542805019,-8.09920054821485,1.315175443780859,-3124.5904941851513
L16_WP_SP,strict_matched_suffix,state_to_output,host+field_coarse,64,8,-12.59111684294963,-0.12106843118220798,-15.324232527510695,-26.482011909203067,-10.32900420060316,-19.686962166334624,1.500532331362403,-3964.5911168429498
L16_WP_SP,strict_matched_suffix,state_to_output,morphic_delta_l01,64,8,-18.36993410637842,-0.1766339817921002,-21.10304979093949,-32.26082917263186,-16.107821464031957,-1.4058537256799015,1.2129295996279412,-3138.3699341063784
L16_WP_SP,strict_matched_suffix,state_to_output,morphic_delta_l01+morphic_delta_l16,64,8,-19.539422105044654,-0.18787905870235244,-22.27253778960572,-33.43031717129809,-17.277309462698184,-1.9592781205904695,1.2127105440695294,-3971.5394221050447
L16_WP_SP,strict_matched_suffix,state_to_output,morphic_delta_l08,64,8,-4.953951784793956,-0.04763415177686496,-7.687067469355027,-18.844846851047393,-2.6918391424474883,-1.6735780815106822,1.2079001847906201,-3124.953951784794
L16_WP_SP,strict_matched_suffix,state_to_output,morphic_delta_l16,64,8,-8.502429781454149,-0.0817541325139822,-11.23554546601522,-22.393324847707586,-6.240317139107683,-1.9355193285769805,1.2165166500644489,-3128.5024297814543
L16_WP_SP,strict_matched_suffix,state_to_output,morphic_output,64,8,-8.511014964981342,-0.08183668235558983,-11.24413064954241,-22.401910031234777,-6.248902322634873,-2.2353452202255157,1.218250836682253,-3128.5110149649813
L16_WP_SP,strict_matched_suffix,state_to_output,motif,64,8,-4.344503998794473,-0.04177407691148532,-7.077619683355544,-18.235399065047908,-2.0823913564480057,-0.7908757175442629,1.2105960469524557,-3124.3445039987946
L16_WP_SP,strict_matched_suffix,state_to_output,motif+gru,64,8,-11.663534928706884,-0.11214937431448926,-14.396650613267957,-25.554429994960316,-9.401422286360418,-2.550575341779689,1.2292706510224416,-3963.6635349287067
L16_WP_SP,strict_matched_suffix,state_to_output,output_slow,64,8,-2.262112642346467,-0.021751083099485258,-4.9952283269075375,-16.1530077085999,0.0,-10.186101833224933,1.3712389775678515,-3122.2621126423464
L16_WP_SP,strict_matched_suffix,state_to_output,synthesis_phase,64,8,6.147231400088787,0.05910799423162295,3.4141157155277178,-7.7436636661646485,8.409344042435256,2.5079437676984964,1.1848101576941263,-3113.852768599911
L16_WP_SP,sigma_only_adapted,output,history,1,127,223.38428334626715,0.13530241268701826,0.0,0.0,-0.9171778179944514,0.0,0.8650628315198537,-2064.6157166537328
L16_WP_SP,sigma_only_adapted,output,output_slow,1,127,224.30146116426158,0.13585794134722082,0.9171778179944514,0.9171778179944514,0.0,0.45115320308059914,0.8646947287216996,-2895.6985388357384
L16_WP_SP,sigma_only_adapted,output,history,16,112,4.594254950523762,0.003155394883601485,0.0,-14.32440467126306,10.716149684472224,0.0,1.025248778725508,-2283.405745049476
L16_WP_SP,sigma_only_adapted,output,output_slow,16,112,-6.121894733948453,-0.004204598031558004,-10.716149684472224,-25.04055435573529,0.0,-13.913710576223261,1.0368017758417898,-3126.1218947339485
L16_WP_SP,sigma_only_adapted,output,history,4,124,74.30767915969395,0.04609657516110046,0.0,0.0,-1.3635029431299053,0.0,0.9750400599939492,-2213.692320840306
L16_WP_SP,sigma_only_adapted,output,output_slow,4,124,75.67118210282385,0.04694242065932001,1.3635029431299053,1.3635029431299053,0.0,-0.5221872769210574,0.9769448395098854,-3044.328817897176
L16_WP_SP,sigma_only_adapted,output,history,64,64,17.565947185097126,0.0211129172897802,0.0,-15.318808088326412,15.111016218987583,0.0,1.0303259242346954,-2270.4340528149028
L16_WP_SP,sigma_only_adapted,output,output_slow,64,64,2.45493096610954,0.00295063818042012,-15.111016218987583,-30.429824307313996,0.0,-16.28411597772219,1.0559720907231287,-3117.5450690338903
L16_WP_SP,sigma_only_adapted,state_to_output,decoder_control,8,15,43.20543548192314,0.22156633580473406,8.510315426077437,1.9829649491538213,32.34755752579922,7.249667221887987,1.0062069669063898,-3076.7945645180766
L16_WP_SP,sigma_only_adapted,state_to_output,field_coarse,8,15,13.489874567814992,0.06917884393751278,-21.205245488030712,-27.732595964954324,2.631996611691063,-27.97185242614544,1.2130198286133265,-3106.510125432185
L16_WP_SP,sigma_only_adapted,state_to_output,field_fine,8,15,31.10952371791217,0.15953601906621626,-3.585596337933528,-10.112946814857143,20.25164576178825,-4.089257069377292,1.0822898784967907,-3088.890476282088
L16_WP_SP,sigma_only_adapted,state_to_output,field_meso,8,15,23.781749041281593,0.12195768739118766,-10.913371014564108,-17.44072149148772,12.923871085157671,-9.850497767443766,1.1141946905333617,-3096.2182509587183
L16_WP_SP,sigma_only_adapted,state_to_output,gru,8,15,28.34622613440777,0.14536526222773216,-6.348893921437931,-12.876244398361548,17.488348178283847,-4.139416975947309,1.0798898191120885,-3091.653773865592
L16_WP_SP,sigma_only_adapted,state_to_output,gru+field_coarse,8,15,8.716713227748023,0.04470109347563089,-25.97840682809768,-32.5057573050213,-2.1411647283759034,-29.15432453724798,1.2331592251922756,-3943.283286772252
L16_WP_SP,sigma_only_adapted,state_to_output,history,8,15,34.695120055845706,0.17792369259408056,0.0,-6.527350476923617,23.837242099721777,0.0,1.0476971516573859,-2253.3048799441544
L16_WP_SP,sigma_only_adapted,state_to_output,host,8,15,25.64716067908103,0.13152390091836424,-9.047959376764673,-15.575309853688289,14.789282722957104,-10.518010060584121,1.137821043443173,-3094.352839320919
L16_WP_SP,sigma_only_adapted,state_to_output,host+field_coarse,8,15,14.788798099966257,0.07583999025623722,-19.90632195587945,-26.433672432803064,3.930920143842333,-23.37921005740042,1.2239430037168633,-3937.2112019000338
L16_WP_SP,sigma_only_adapted,state_to_output,morphic_delta_l01,8,15,27.303129372984355,0.14001604806658643,-7.391990682861347,-13.919341159784961,16.44525141686043,-6.126894364562281,1.09344274175024,-3092.696870627016
L16_WP_SP,sigma_only_adapted,state_to_output,morphic_delta_l01+morphic_delta_l16,8,15,25.594587355911052,0.1312542941328772,-9.100532699934645,-15.627883176858262,14.736709399787134,-7.835381683637302,1.1034510048137767,-3926.4054126440888
L16_WP_SP,sigma_only_adapted,state_to_output,morphic_delta_l08,8,15,30.696812265996005,0.1574195500820308,-3.9983077898496955,-10.525658266773313,19.83893430987208,-3.74998458288165,1.0706827497394449,-3089.303187734004
L16_WP_SP,sigma_only_adapted,state_to_output,morphic_delta_l16,8,15,32.191918572503965,0.16508676191027674,-2.503201483341739,-9.030551960265353,21.334040616380037,-0.9808768229883369,1.0535985144927944,-3087.808081427496
L16_WP_SP,sigma_only_adapted,state_to_output,morphic_output,8,15,32.607931873107596,0.16722016345183383,-2.0871881827381085,-8.614538659661726,21.750053916983667,-0.49851633336763435,1.0509351389136885,-3087.3920681268924
L16_WP_SP,sigma_only_adapted,state_to_output,motif,8,15,35.85534793856593,0.18387357917213296,1.160227882720227,-5.367122594203389,24.997469982442006,2.320735390623838,1.031242482450422,-3084.144652061434
L16_WP_SP,sigma_only_adapted,state_to_output,motif+gru,8,15,29.48826783875067,0.15122188635256753,-5.206852217095032,-11.734202694018647,18.63038988262674,-3.0441184243109234,1.0746628090495371,-3922.5117321612493
L16_WP_SP,sigma_only_adapted,state_to_output,output_slow,8,15,10.857877956123925,0.05568142541602013,-23.837242099721777,-30.364592576645393,0.0,-24.707984022102742,1.2126909964402124,-3109.142122043876
L16_WP_SP,sigma_only_adapted,state_to_output,synthesis_phase,8,15,34.1373354249465,0.17506325858946922,-0.5577846308991994,-7.085135107822816,23.279457468822574,0.13712987212169736,1.0664833651034888,-3085.8626645750537
L16_WP_SP,sigma_only_adapted,state_to_output,decoder_control,16,14,15.608265771278944,0.0857597020399942,-5.006941907656712,-24.806716625729557,14.567132731015818,-10.175631616087237,1.1742399415171367,-3104.391734228721
L16_WP_SP,sigma_only_adapted,state_to_output,field_coarse,16,14,11.502101662973805,0.06319836078557035,-9.113106015961849,-28.912880734034694,10.46096862271068,-6.5256410219643515,1.2066093794061257,-3108.497898337026
L16_WP_SP,sigma_only_adapted,state_to_output,field_fine,16,14,3.9872093141219715,0.021907743484186656,-16.627998364813685,-36.42777308288653,2.94607627385885,-18.28554424728602,1.2220230263587404,-3116.012790685878
L16_WP_SP,sigma_only_adapted,state_to_output,field_meso,16,14,7.812237348022112,0.04292438103308853,-12.80297033091354,-32.602745048986385,6.771104307758987,-14.461063407558866,1.2059668239294157,-3112.1877626519777
L16_WP_SP,sigma_only_adapted,state_to_output,gru,16,14,18.752076146011216,0.10303338541764405,-1.863131532924439,-21.662906250997274,17.710943105748093,-3.9830188317164885,1.158064952296464,-3101.2479238539886
L16_WP_SP,sigma_only_adapted,state_to_output,gru+field_coarse,16,14,9.485578813583079,0.05211856490979713,-11.129628865352569,-30.92940358342541,8.44444577331996,-12.139960396429455,1.237375161013197,-3942.5144211864167
L16_WP_SP,sigma_only_adapted,state_to_output,history,16,14,20.615207678935654,0.11327037186228381,0.0,-19.799774718072843,19.574074638672528,0.0,1.1305296343405564,-2267.384792321064
L16_WP_SP,sigma_only_adapted,state_to_output,host,16,14,16.990163935712737,0.09335254909732273,-3.625043743222921,-23.42481846129576,15.949030895449603,-6.880772951396955,1.16381022481962,-3103.0098360642874
L16_WP_SP,sigma_only_adapted,state_to_output,host+field_coarse,16,14,9.051260991763787,0.04973220325144938,-11.563946687171864,-31.36372140524471,8.010127951500664,-8.4854341667586,1.2089500958516408,-3942.9487390082363
L16_WP_SP,sigma_only_adapted,state_to_output,morphic_delta_l01,16,14,20.84339622055563,0.11452415505799796,0.22818854161997848,-19.57158617645287,19.802263180292503,0.45250237651070746,1.1262250603473885,-3099.1566037794446
L16_WP_SP,sigma_only_adapted,state_to_output,morphic_delta_l01+morphic_delta_l16,16,14,19.97546725311767,0.10975531457756962,-0.6397404258179824,-20.43951514389083,18.934334212854544,0.9621831347443304,1.1274071619249952,-3932.0245327468824
L16_WP_SP,sigma_only_adapted,state_to_output,morphic_delta_l08,16,14,24.761848265351343,0.13605411134808432,4.146640586415692,-15.653134131657156,23.720715225088213,2.305681148022006,1.1168488847851197,-3095.2381517346485
L16_WP_SP,sigma_only_adapted,state_to_output,morphic_delta_l16,16,14,25.1878906648026,0.13839500365276156,4.572682985866951,-15.22709173220589,24.146757624539482,3.847163525276078,1.1097159335946833,-3094.8121093351974
L16_WP_SP,sigma_only_adapted,state_to_output,morphic_output,16,14,24.959866382872313,0.13714212298281492,4.344658703936663,-15.45511601413618,23.918733342609194,2.9678729285416527,1.1139945045014195,-3095.0401336171276
L16_WP_SP,sigma_only_adapted,state_to_output,motif,16,14,22.556700838058546,0.12393791669262938,1.941493159122893,-17.858281558949955,21.51556779779542,-2.703555381729519,1.149562546079299,-3097.4432991619415
L16_WP_SP,sigma_only_adapted,state_to_output,motif+gru,16,14,15.10309943164548,0.0829840628112389,-5.512108247290168,-25.31188296536302,14.061966391382358,-9.903104427749104,1.1945153326729046,-3936.8969005683543
L16_WP_SP,sigma_only_adapted,state_to_output,output_slow,16,14,1.041133040263123,0.005720511210236939,-19.574074638672528,-39.373849356745374,0.0,-20.8594102691742,1.3079592750576707,-3118.958866959737
L16_WP_SP,sigma_only_adapted,state_to_output,synthesis_phase,16,14,24.56960698597532,0.13499784058228198,3.954399307039668,-15.845375411033178,23.5284739457122,1.1055489949010573,1.1136817240221217,-3095.4303930140245
L16_WP_SP,sigma_only_adapted,state_to_output,decoder_control,64,8,-11.492233087276892,-0.11050224122381627,5.303389761734945,-27.370988243839715,19.040848527339776,2.6470218535510326,1.1751284501008832,-3131.492233087277
L16_WP_SP,sigma_only_adapted,state_to_output,field_coarse,64,8,-31.47384207151788,-0.30263309684151807,-14.678219222506042,-47.3525972280807,-0.9407604569012087,-14.76455890941713,1.3740936659141914,-3151.473842071518
L16_WP_SP,sigma_only_adapted,state_to_output,field_fine,64,8,-12.151671235859725,-0.11684299265249735,4.64395161315211,-28.03042639242255,18.381410378756943,2.1319083690951173,1.183396135336466,-3132.15167123586
L16_WP_SP,sigma_only_adapted,state_to_output,field_meso,64,8,-15.0126296726993,-0.14435220839133941,1.7829931763125342,-30.891384829262126,15.520451941917365,-5.950402603595349,1.2680881850511587,-3135.0126296726994
L16_WP_SP,sigma_only_adapted,state_to_output,gru,64,8,-9.790650330077856,-0.09414086855844092,7.004972518933979,-25.669405486640677,20.742431284538814,-1.3741496688814374,1.2040488021212405,-3129.790650330078
L16_WP_SP,sigma_only_adapted,state_to_output,gru+field_coarse,64,8,-28.01167028547222,-0.269342983514156,-11.21604743646039,-43.890425442035045,2.521411329144446,-16.986083332642238,1.3683291743040529,-3980.011670285472
L16_WP_SP,sigma_only_adapted,state_to_output,history,64,8,-16.795622849011835,-0.1614963735481907,0.0,-32.67437800557467,13.737458765604833,0.0,1.1980506003710354,-2304.795622849012
L16_WP_SP,sigma_only_adapted,state_to_output,host,64,8,-23.9197286232017,-0.22999739060770866,-7.124105774189867,-39.798483779764524,6.613352991414967,-9.807351720205222,1.315175443780859,-3143.9197286232015
L16_WP_SP,sigma_only_adapted,state_to_output,host+field_coarse,64,8,-33.46742587300841,-0.3218021718558501,-16.67180302399658,-49.34618102957124,-2.9343442583917443,-20.610960281753478,1.500532331362403,-3985.4674258730083
L16_WP_SP,sigma_only_adapted,state_to_output,morphic_delta_l01,64,8,-10.412258088729745,-0.10011786623778601,6.383364760282093,-26.291013245292568,20.120823525886927,-1.6678686229570179,1.2129295996279412,-3130.4122580887297
L16_WP_SP,sigma_only_adapted,state_to_output,morphic_delta_l01+morphic_delta_l16,64,8,-10.31516437739776,-0.09918427285959384,6.480458471614074,-26.19391953396059,20.21791723721891,-2.161183427123481,1.2127105440695294,-3962.3151643773977
L16_WP_SP,sigma_only_adapted,state_to_output,morphic_delta_l08,64,8,-10.022387190664851,-0.09636910760254665,6.773235658346986,-25.901142347227676,20.51069442395182,-1.7594821294747303,1.2079001847906201,-3130.0223871906646
L16_WP_SP,sigma_only_adapted,state_to_output,morphic_delta_l16,64,8,-12.48386251550254,-0.12003713957213981,4.311760333509294,-28.36261767206536,18.04921909911413,-2.1194363110984815,1.2165166500644489,-3132.4838625155026
L16_WP_SP,sigma_only_adapted,state_to_output,morphic_output,64,8,-11.193502852511797,-0.10762983512030574,5.602119996500042,-27.072258009074623,19.339578762104875,-2.4111112775739327,1.218250836682253,-3131.1935028525118
L16_WP_SP,sigma_only_adapted,state_to_output,motif,64,8,-11.077145425632956,-0.1065110137080092,5.718477423378879,-26.95590058219578,19.45593618898371,-0.9297928213259152,1.2105960469524557,-3131.077145425633
L16_WP_SP,sigma_only_adapted,state_to_output,motif+gru,64,8,-10.602210975021661,-0.1019443362982852,6.193411873990173,-26.480966131584488,19.930870639595007,-3.320124361962603,1.2292706510224416,-3962.6022109750215
L16_WP_SP,sigma_only_adapted,state_to_output,output_slow,64,8,-30.53308161461667,-0.293587323217468,-13.737458765604833,-46.411836771179495,0.0,-21.96027365504569,1.3712389775678515,-3150.5330816146165
L16_WP_SP,sigma_only_adapted,state_to_output,synthesis_phase,64,8,-31.56137929068048,-0.3034748008719277,-14.76575644166865,-47.44013444724331,-1.0282976760638176,3.0454987554879045,1.1848101576941263,-3151.5613792906806
L16_WP_SC,strict,output,history,1,255,529.8774892171227,0.15984237985433566,0.0,0.0,9.82300493650874,0.0,0.789600695535209,-1758.1225107828773
L16_WP_SC,strict,output,output_slow,1,255,520.054484280614,0.15687918077846577,-9.82300493650874,-9.82300493650874,0.0,-7.066226898284555,0.7947046662994426,-2599.945515719386
L16_WP_SC,strict,output,history,16,240,197.12694869568332,0.06318171432553953,0.0,32.17622918924717,21.24464354041575,0.0,0.8903960696194534,-2090.8730513043165
L16_WP_SC,strict,output,output_slow,16,240,175.88230515526755,0.056372533703611394,-21.24464354041575,10.931585648831415,0.0,-21.352754954237327,0.9003927848124701,-2944.1176948447323
L16_WP_SC,strict,output,history,4,252,322.0757744990482,0.09831372847956293,0.0,0.0,48.525029647712145,0.0,0.8549466667372249,-1965.9242255009517
L16_WP_SC,strict,output,output_slow,4,252,273.550744851336,0.08350144836731868,-48.525029647712145,-48.525029647712145,0.0,-48.76162142887834,0.8746603711484157,-2846.449255148664
L16_WP_SC,strict,output,history,64,192,111.048644972889,0.044490643017984374,0.0,-0.3249677968217419,17.05998946658457,0.0,0.8904758529906649,-2176.951355027111
L16_WP_SC,strict,output,output_slow,64,192,93.98865550630443,0.037655711340666836,-17.05998946658457,-17.384957263406314,0.0,-16.019056670300756,0.9004587711702933,-3026.0113444936956
L16_WP_SC,strict,state_to_output,decoder_control,8,31,-382.81811783383534,-0.9499208879251497,-439.5823311359411,-433.446026427226,-429.14161806296767,-623.7372378924849,3.5495731971398023,-3502.8181178338355
L16_WP_SC,strict,state_to_output,field_coarse,8,31,-1366.8747396386539,-3.3917487335946745,-1423.6389529407597,-1417.502648232045,-1413.1982398677865,-1662.4810544771003,7.232170552626503,-4486.874739638653
L16_WP_SC,strict,state_to_output,field_fine,8,31,55.1354762874319,0.13681259624672928,-1.6287370146737894,4.507567694041253,8.811976058299571,-5.796209623668162,1.022598234381377,-3064.864523712568
L16_WP_SC,strict,state_to_output,field_meso,8,31,54.51869334267182,0.13528211747561245,-2.245519959433887,3.890784749281154,8.195193113539474,-1.9800028901435267,1.0197242170483634,-3065.4813066573283
L16_WP_SC,strict,state_to_output,gru,8,31,-2640.359892172478,-6.551761519038407,-2697.1241054745833,-2690.987800765869,-2686.6833924016105,-3173.20673717388,11.992075577892377,-5760.359892172478
L16_WP_SC,strict,state_to_output,gru+field_coarse,8,31,-4232.171232222119,-10.501665588640494,-4288.935445524225,-4282.79914081551,-4278.494732451252,-5273.157457602643,21.62012523010931,-8184.171232222119
L16_WP_SC,strict,state_to_output,history,8,31,56.7642133021057,0.14085412730051042,0.0,6.13630470871504,10.440713072973363,0.0,1.0048315251100264,-2231.235786697894
L16_WP_SC,strict,state_to_output,host,8,31,21.66573185624047,0.05376112123136593,-35.098481445865225,-28.96217673715018,-24.65776837289187,-34.90532018512644,1.0950579453082403,-3098.3342681437593
L16_WP_SC,strict,state_to_output,host+field_coarse,8,31,-933.7053741351507,-2.3168867844544683,-990.4695874372563,-984.3332827285412,-980.0288743642831,-1235.473715703998,6.048421576203534,-4885.705374135151
L16_WP_SC,strict,state_to_output,morphic_delta_l01,8,31,-1482.3620423370298,-3.6783177229206694,-1539.1262556391357,-1532.9899509304205,-1528.6855425661622,-2949.8460964719734,16.36426330290786,-4602.36204233703
L16_WP_SC,strict,state_to_output,morphic_delta_l01+morphic_delta_l16,8,31,-1498.0398875118328,-3.717220564545491,-1554.8041008139387,-1548.6677961052237,-1544.3633877409652,-3208.4501420650063,17.314707423851697,-5450.039887511833
L16_WP_SC,strict,state_to_output,morphic_delta_l08,8,31,-1632.3762067757043,-4.050561307135743,-1689.14042007781,-1683.0041153690947,-1678.6997070048365,-3440.6889824995633,12.223716090344151,-4752.376206775704
L16_WP_SC,strict,state_to_output,morphic_delta_l16,8,31,-182.1247582929808,-0.4519224771537985,-238.88897159508653,-232.75266688637146,-228.44825852211312,-397.74597815070695,2.3055502484061074,-3302.124758292981
L16_WP_SC,strict,state_to_output,morphic_output,8,31,-158.98906898905008,-0.3945138188313898,-215.7532822911558,-209.61697758244074,-205.31256921818246,-374.9853273399499,2.261338687381165,-3278.98906898905
L16_WP_SC,strict,state_to_output,motif,8,31,-4172.904787322488,-10.354602449931733,-4229.669000624594,-4223.532695915879,-4219.228287551621,-6928.415112609444,26.71962201626344,-7292.904787322488
L16_WP_SC,strict,state_to_output,motif+gru,8,31,-4878.932448142867,-12.106532129386766,-4935.696661444973,-4929.560356736258,-4925.255948372,-6466.697390001852,31.596064277674024,-8830.932448142867
L16_WP_SC,strict,state_to_output,output_slow,8,31,46.32350022913234,0.11494665069263608,-10.440713072973363,-4.304408364258318,0.0,-17.418195206368978,1.0571026078596972,-3073.676499770868
L16_WP_SC,strict,state_to_output,synthesis_phase,8,31,35.69013976505961,0.08856114085622732,-21.074073537046083,-14.937768828331041,-10.633360464072727,-20.923790419044234,1.0824200340393546,-3084.3098602349405
L16_WP_SC,strict,state_to_output,decoder_control,128,16,-180.36372958073937,-0.8671333152920162,-182.50229384374808,-167.01246626595335,-138.50308581483188,-267.28516502787744,3.4766638802166434,-3300.3637295807393
L16_WP_SC,strict,state_to_output,field_coarse,128,16,-1136.1152976551782,-5.4620927771883565,-1138.2538619181869,-1122.7640343403923,-1094.2546538892707,-1125.5206164927422,8.737060706565142,-4256.115297655178
L16_WP_SC,strict,state_to_output,field_fine,128,16,-8.697845882361118,-0.04181656674212076,-10.836410145369811,4.653417432424906,33.162797883546375,3.4830512542033603,1.155078427279876,-3128.697845882361
L16_WP_SC,strict,state_to_output,field_meso,128,16,-5.816613014918984,-0.027964485648648958,-7.955177277927678,7.534650299867044,36.04403075098851,-2.9820175667561393,1.2074256265422774,-3125.816613014919
L16_WP_SC,strict,state_to_output,gru,128,16,-658.3431845353482,-3.165111464112251,-660.4817487983569,-644.9919212205623,-616.4825407694409,-956.591371556785,12.066584992701083,-3778.343184535348
L16_WP_SC,strict,state_to_output,gru+field_coarse,128,16,-1362.008434909549,-6.548117475526677,-1364.1469991725576,-1348.6571715947628,-1320.1477911436414,-1748.240802402714,15.193242571298317,-5314.008434909549
L16_WP_SC,strict,state_to_output,history,128,16,2.138564263008698,0.010281558956772586,0.0,15.489827577794724,43.999208028916186,0.0,1.1651381552979319,-2285.861435736991
L16_WP_SC,strict,state_to_output,host,128,16,-10.78268441193893,-0.05183982890355255,-12.921248674947622,2.5685789028470984,31.077959353968563,-16.39932104319739,1.2330065799144214,-3130.782684411939
L16_WP_SC,strict,state_to_output,host+field_coarse,128,16,-1042.0642070368613,-5.009924072292602,-1044.2027712998702,-1028.7129437220751,-1000.2035632709537,-1061.413230845979,8.41111300112727,-4994.064207036861
L16_WP_SC,strict,state_to_output,morphic_delta_l01,128,16,-1330.1286147611618,-6.394849109428662,-1332.2671790241704,-1316.7773514463756,-1288.2679709952542,-1985.727806742177,40.5414423369136,-4450.128614761162
L16_WP_SC,strict,state_to_output,morphic_delta_l01+morphic_delta_l16,128,16,-964.4384065655918,-4.636723108488422,-966.5769708286005,-951.0871432508059,-922.5777627996843,-1651.389877063808,33.67654357812641,-4916.438406565592
L16_WP_SC,strict,state_to_output,morphic_delta_l08,128,16,-610.1869418555823,-2.9335910666133764,-612.325506118591,-596.8356785407963,-568.3262980896748,-1190.2623712704542,11.920998128835693,-3730.1869418555825
L16_WP_SC,strict,state_to_output,morphic_delta_l16,128,16,-97.00310285875574,-0.46636107143632566,-99.14166712176443,-83.65183954396971,-55.14245909284824,-211.82405235238207,2.839700488907728,-3217.003102858756
L16_WP_SC,strict,state_to_output,morphic_output,128,16,-102.06866651927876,-0.4907147428811479,-104.20723078228747,-88.71740320449275,-60.20802275337128,-220.23010337881058,2.921266359012162,-3222.068666519279
L16_WP_SC,strict,state_to_output,motif,128,16,-1138.556076004169,-5.473827288481582,-1140.6946402671776,-1125.204812689383,-1096.6954322382617,-1782.2848063266565,18.291336577235924,-4258.556076004169
L16_WP_SC,strict,state_to_output,motif+gru,128,16,-1042.2955666757725,-5.011036378248907,-1044.4341309387812,-1028.9443033609864,-1000.4349229098652,-1909.85427932755,28.347318723715087,-4994.2955666757725
L16_WP_SC,strict,state_to_output,output_slow,128,16,-41.86064376590749,-0.20125309502840139,-43.999208028916186,-28.50938045112146,0.0,-30.388332098044426,1.410245000886068,-3161.8606437659073
L16_WP_SC,strict,state_to_output,synthesis_phase,128,16,2.6784743069168737,0.012877280321715739,0.5399100439081739,16.0297376217029,44.539118072824365,-7.032128820430883,1.2227303686543267,-3117.321525693083
L16_WP_SC,strict,state_to_output,decoder_control,16,30,-747.4029773044457,-1.9164178905242197,-800.8710189015333,-806.0215510666634,-784.5333132544615,-1477.870305785036,6.871346498197182,-3867.402977304446
L16_WP_SC,strict,state_to_output,field_coarse,16,30,-275.9357713001222,-0.7075276187182621,-329.4038128972097,-334.55434506233985,-313.066107250138,-381.45965343536704,2.3673938588945127,-3395.9357713001223
L16_WP_SC,strict,state_to_output,field_fine,16,30,31.815946113848156,0.08157934900986706,-21.652095483239393,-26.802627648369516,-5.314389836167629,-19.807623560113946,1.1190702277032498,-3088.184053886152
L16_WP_SC,strict,state_to_output,field_meso,16,30,38.793159270835105,0.09946963915598744,-14.674882326252447,-19.82541449138256,1.662823320819328,-13.99947247490133,1.099163330021731,-3081.206840729165
L16_WP_SC,strict,state_to_output,gru,16,30,-3239.503366290697,-8.306418887924865,-3292.9714078877846,-3298.1219400529153,-3276.6337022407124,-4674.682891678398,24.294532175489216,-6359.503366290697
L16_WP_SC,strict,state_to_output,gru+field_coarse,16,30,-3660.7473548999815,-9.386531679230721,-3714.2153964970694,-3719.365928662199,-3697.877690849997,-5219.563040790201,24.329309296537254,-7612.7473548999815
L16_WP_SC,strict,state_to_output,history,16,30,53.468041597087556,0.13709754255663475,0.0,-5.150532165130115,16.337705647071772,0.0,1.0452078679360095,-2234.5319584029126
L16_WP_SC,strict,state_to_output,host,16,30,30.898418389137255,0.07922671381830065,-22.569623207950293,-27.720155373080413,-6.231917560878523,-18.26807214635826,1.0934843540519437,-3089.101581610863
L16_WP_SC,strict,state_to_output,host+field_coarse,16,30,-309.72690761792353,-0.7941715579946758,-363.1949492150111,-368.3454813801412,-346.8572435679393,-377.82657061351927,2.3811097066717535,-4261.726907617924
L16_WP_SC,strict,state_to_output,morphic_delta_l01,16,30,-1070.281868922976,-2.744312484417887,-1123.7499105200632,-1128.9004426851934,-1107.4122048729917,-2369.387462352376,11.827490079119016,-4190.281868922976
L16_WP_SC,strict,state_to_output,morphic_delta_l01+morphic_delta_l16,16,30,-2064.172395610645,-5.292749732334987,-2117.640437207732,-2122.790969372862,-2101.3027315606605,-4147.144554641043,18.085294309686102,-6016.172395610645
L16_WP_SC,strict,state_to_output,morphic_delta_l08,16,30,-1239.6138140394771,-3.1784969590755825,-1293.0818556365648,-1298.232387801695,-1276.744149989493,-3099.9159725591358,12.403612435223137,-4359.613814039477
L16_WP_SC,strict,state_to_output,morphic_delta_l16,16,30,-200.13449700076922,-0.5131653769250493,-253.60253859785678,-258.75307076298685,-237.264832950785,-511.6679412209022,2.821652423034666,-3320.1344970007694
L16_WP_SC,strict,state_to_output,morphic_output,16,30,-162.39927018910956,-0.41640838510028094,-215.86731178619715,-221.01784395132728,-199.52960613912535,-405.7823207147046,2.4811206310501475,-3282.3992701891098
L16_WP_SC,strict,state_to_output,motif,16,30,-3509.8852342960763,-8.999705728964297,-3563.353275893164,-3568.5038080582945,-3547.0155702460925,-6057.290416797114,29.101868813065398,-6629.885234296076
L16_WP_SC,strict,state_to_output,motif+gru,16,30,-2940.553756137934,-7.539881425994703,-2994.0217977350217,-2999.172329900152,-2977.6840920879504,-3610.0007361105254,27.08774364683861,-6892.553756137934
L16_WP_SC,strict,state_to_output,output_slow,16,30,37.13033595001578,0.09520598961542506,-16.337705647071772,-21.488237812201884,0.0,-20.37331136049573,1.1271754187803582,-3082.8696640499843
L16_WP_SC,strict,state_to_output,synthesis_phase,16,30,44.19530069934232,0.11332128384446749,-9.272740897745242,-14.423273062875356,7.064964749326528,-14.093158148038365,1.0977243583647815,-3075.804699300658
L16_WP_SC,strict,state_to_output,decoder_control,64,24,-446.78456724722554,-1.4320018181000818,-448.14280107998275,-502.3074825553967,-430.0417428464642,-1006.6489762129829,6.634917230425472,-3566.7845672472254
L16_WP_SC,strict,state_to_output,field_coarse,64,24,-608.9127743584617,-1.951643507559172,-610.2710081912188,-664.4356896666329,-592.1699499577005,-681.8669494578006,4.104084181031158,-3728.912774358462
L16_WP_SC,strict,state_to_output,field_fine,64,24,4.744115446033987,0.015205498224467909,3.385881613276819,-50.7787998621372,21.48693984679526,3.905150320977408,1.2648794538493193,-3115.255884553966
L16_WP_SC,strict,state_to_output,field_meso,64,24,0.7272804102181567,0.0023310269558274254,-0.6309534225390179,-54.795634897953036,17.47010481097942,-1.1935147460815365,1.2972667465237941,-3119.272719589782
L16_WP_SC,strict,state_to_output,gru,64,24,-1626.7834276352344,-5.214049447548828,-1628.1416614679915,-1682.3063429434055,-1610.0406032344729,-2957.5641007089725,17.672974836068963,-4746.783427635234
L16_WP_SC,strict,state_to_output,gru+field_coarse,64,24,-1692.214164397909,-5.423763347429195,-1693.572398230666,-1747.7370797060803,-1675.4713399971477,-3144.8969673356387,20.054285792543833,-5644.2141643979085
L16_WP_SC,strict,state_to_output,history,64,24,1.358233832757179,0.00435331356652942,0.0,-54.16468147541402,18.10105823351844,0.0,1.2841039830786984,-2286.6417661672426
L16_WP_SC,strict,state_to_output,host,64,24,-2.760873024376629,-0.008848952001207144,-4.11910685713381,-58.28378833254784,13.981951376384629,-4.907288257193957,1.2969887647692413,-3122.7608730243765
L16_WP_SC,strict,state_to_output,host+field_coarse,64,24,-515.1341476340835,-1.6510709860066781,-516.4923814668407,-570.6570629422547,-498.3913232333223,-534.3651358902188,3.789996899428728,-4467.134147634084
L16_WP_SC,strict,state_to_output,morphic_delta_l01,64,24,-1493.4170470184872,-4.786593099418228,-1494.7752808512446,-1548.9399623266586,-1476.6742226177262,-3828.7668353618938,29.965981810759715,-4613.417047018487
L16_WP_SC,strict,state_to_output,morphic_delta_l01+morphic_delta_l16,64,24,-1508.7229897639754,-4.83565060821787,-1510.0812235967323,-1564.2459050721463,-1491.9801653632144,-3331.9958102354894,22.727082366778625,-5460.722989763975
L16_WP_SC,strict,state_to_output,morphic_delta_l08,64,24,-1346.888955931603,-4.316951781832061,-1348.2471897643604,-1402.4118712397744,-1330.1461315308416,-3473.9136371521627,18.28607910002311,-4466.888955931603
L16_WP_SC,strict,state_to_output,morphic_delta_l16,64,24,-229.33929376255,-0.7350618389825321,-230.69752759530715,-284.8622090707212,-212.5964693617887,-565.1343971009301,4.002924359332909,-3349.33929376255
L16_WP_SC,strict,state_to_output,morphic_output,64,24,-219.60577694550233,-0.7038646696971228,-220.9640107782595,-275.12869225367353,-202.86295254474106,-541.195710687562,3.919114558792687,-3339.6057769455024
L16_WP_SC,strict,state_to_output,motif,64,24,-3161.520120231292,-10.133077308433627,-3162.8783540640493,-3217.0430355394633,-3144.777295830531,-5251.114198253508,38.02764715947611,-6281.520120231292
L16_WP_SC,strict,state_to_output,motif+gru,64,24,-2237.702614828033,-7.172123765474464,-2239.06084866079,-2293.225530136204,-2220.9597904272714,-3647.890239956406,39.11965461571151,-6189.702614828033
L16_WP_SC,strict,state_to_output,output_slow,64,24,-16.742824400761272,-0.053662898720388694,-18.10105823351844,-72.26573970893246,0.0,-10.18501651577877,1.3239901805085477,-3136.7428244007615
L16_WP_SC,strict,state_to_output,synthesis_phase,64,24,-1.3076387762792976,-0.004191149923972108,-2.6658726090364713,-56.83055408445049,15.435185624481967,-11.336011443530966,1.3611945944825006,-3121.3076387762794
L16_WP_SC,strict_matched_suffix,output,history,1,127,252.85297291892013,0.15315140697693527,0.0,0.0,-4.68014458829846,0.0,0.7531744017677203,-2035.1470270810798
L16_WP_SC,strict_matched_suffix,output,output_slow,1,127,257.53311750721866,0.15598614022242197,4.68014458829846,4.68014458829846,0.0,7.054630517383517,0.751075755543983,-2862.466882492781
L16_WP_SC,strict_matched_suffix,output,history,16,112,134.79895822281452,0.09258170207610887,0.0,86.20517157595701,8.592706303220552,0.0,0.8246038507213151,-2153.2010417771853
L16_WP_SC,strict_matched_suffix,output,output_slow,16,112,126.20625191959397,0.0866801180766442,-8.592706303220552,77.61246527273646,0.0,-9.271030818724949,0.8342285235854583,-2993.793748080406
L16_WP_SC,strict_matched_suffix,output,history,4,124,175.61643426724913,0.10894319743625877,0.0,0.0,16.456470801471347,0.0,0.79430408065739,-2112.383565732751
L16_WP_SC,strict_matched_suffix,output,output_slow,4,124,159.15996346577776,0.0987344686512269,-16.456470801471347,-16.456470801471347,0.0,-15.265404314642666,0.8077247777509917,-2960.8400365342222
L16_WP_SC,strict_matched_suffix,output,history,64,64,34.42955877297723,0.04138168121752071,0.0,32.63860866475534,8.99165191099701,0.0,0.9085962818312168,-2253.570441227023
L16_WP_SC,strict_matched_suffix,output,output_slow,64,64,25.437906861980217,0.030574407286033913,-8.99165191099701,23.64695675375833,0.0,-8.455014167256465,0.9257037835805424,-3094.56209313802
L16_WP_SC,strict_matched_suffix,state_to_output,decoder_control,8,15,-225.63992224884527,-1.1571278064043347,-260.23580664109073,-261.15274675939315,-253.44947248474057,-370.7995679455397,4.068185717812674,-3345.6399222488453
L16_WP_SC,strict_matched_suffix,state_to_output,field_coarse,8,15,-226.07747716036567,-1.159371677745465,-260.67336155261114,-261.5903016709136,-253.88702739626098,-318.39045427902533,3.3016722970496186,-3346.0774771603656
L16_WP_SC,strict_matched_suffix,state_to_output,field_fine,8,15,38.97482362646835,0.1998708903921454,4.378939234222912,3.4619991159204333,11.165273390573049,1.0753883762650411,0.9934686574748347,-3081.025176373532
L16_WP_SC,strict_matched_suffix,state_to_output,field_meso,8,15,39.063022563808204,0.20032319263491385,4.467138171562777,3.5501980532602953,11.253472327912913,3.859246911699344,0.9934106077697983,-3080.9369774361917
L16_WP_SC,strict_matched_suffix,state_to_output,gru,8,15,-1231.157328294646,-6.313627324587928,-1265.7532126868914,-1266.670152805194,-1258.9668785305416,-1473.3758101481021,11.965028860590037,-4351.1573282946465
L16_WP_SC,strict_matched_suffix,state_to_output,gru+field_coarse,8,15,-1649.4903689674088,-8.458924969063634,-1684.0862533596546,-1685.003193477957,-1677.2999192033044,-1994.5065306419842,16.13853375293904,-5601.490368967408
L16_WP_SC,strict_matched_suffix,state_to_output,history,8,15,34.59588439224543,0.17741479175510477,0.0,-0.9169401183024779,6.786334156350137,0.0,1.003007583900469,-2253.4041156077546
L16_WP_SC,strict_matched_suffix,state_to_output,host,8,15,17.1148821099033,0.0877686262046323,-17.481002282342136,-18.397942400644613,-10.694668125992,-18.533212110833336,1.0990892874940423,-3102.885117890097
L16_WP_SC,strict_matched_suffix,state_to_output,host+field_coarse,8,15,-157.4098494959936,-0.8072299974153517,-192.005733888239,-192.9226740065415,-185.2193997318889,-248.69600656894428,2.8741386386427625,-4109.4098494959935
L16_WP_SC,strict_matched_suffix,state_to_output,morphic_delta_l01,8,15,-673.2567974501778,-3.452598961282963,-707.8526818424234,-708.769621960726,-701.0663476860733,-1378.819363871723,15.924071847807635,-3793.256797450178
L16_WP_SC,strict_matched_suffix,state_to_output,morphic_delta_l01+morphic_delta_l16,8,15,-736.41055838425,-3.7764644019705127,-771.0064427764953,-771.9233828947979,-764.2201086201453,-1597.4180094918709,17.59583739436073,-4688.41055838425
L16_WP_SC,strict_matched_suffix,state_to_output,morphic_delta_l08,8,15,-873.3375673332993,-4.478654191452817,-907.9334517255447,-908.8503918438471,-901.1471175691945,-1846.710535177193,13.282674835252589,-3993.3375673332994
L16_WP_SC,strict_matched_suffix,state_to_output,morphic_delta_l16,8,15,-117.23858839707384,-0.6012235302414043,-151.83447278931928,-152.75141290762176,-145.0481386329691,-258.71033690644185,2.728286802897565,-3237.2385883970737
L16_WP_SC,strict_matched_suffix,state_to_output,morphic_output,8,15,-104.58788668269494,-0.536348136834333,-139.18377107494038,-140.10071119324286,-132.39743691859022,-248.09577516537885,2.687794827009141,-3224.587886682695
L16_WP_SC,strict_matched_suffix,state_to_output,motif,8,15,-2211.851192946255,-11.342826630493617,-2246.4470773385005,-2247.364017456803,-2239.6607431821512,-3596.5953840964157,28.9543697414212,-5331.851192946255
L16_WP_SC,strict_matched_suffix,state_to_output,motif+gru,8,15,-2336.0053538875463,-11.97951463532075,-2370.6012382797917,-2371.5181783980943,-2363.814904123442,-3145.5642250080978,32.58147890755926,-6288.005353887546
L16_WP_SC,strict_matched_suffix,state_to_output,output_slow,8,15,27.809550235895298,0.1426130781327964,-6.786334156350137,-7.703274274652614,0.0,-7.435790960756151,1.0463257540087105,-3092.190449764105
L16_WP_SC,strict_matched_suffix,state_to_output,synthesis_phase,8,15,33.58979691851619,0.17225536881290354,-1.0060874737292396,-1.9230275920317186,5.780246682620895,0.18006777595111512,1.0202861797269325,-3086.410203081484
L16_WP_SC,strict_matched_suffix,state_to_output,decoder_control,16,14,-433.3986134903405,-2.381311063133739,-467.61383496184004,-467.85615045405814,-465.0964552827286,-880.0933833450767,8.271421286185902,-3553.3986134903407
L16_WP_SC,strict_matched_suffix,state_to_output,field_coarse,16,14,-24.527646717587775,-0.13476728965707568,-58.74286818908735,-58.985183681305415,-56.22548850997586,-64.58384660238985,1.5847042468843917,-3144.5276467175877
L16_WP_SC,strict_matched_suffix,state_to_output,field_fine,16,14,32.93536351390108,0.18096353579066526,-1.2798579575985012,-1.5221734498165707,1.2375217215129934,-1.3172880786089602,1.0681804474962275,-3087.064636486099
L16_WP_SC,strict_matched_suffix,state_to_output,field_meso,16,14,31.765303865082984,0.1745346366213351,-2.4499176064165944,-2.692233098634664,0.06746207269490245,-1.8964418569673158,1.06982413025035,-3088.234696134917
L16_WP_SC,strict_matched_suffix,state_to_output,gru,16,14,-1391.4806352756505,-7.645497996020057,-1425.6958567471502,-1425.9381722393682,-1423.1784770680388,-1991.5224254527402,23.71198638680009,-4511.4806352756505
L16_WP_SC,strict_matched_suffix,state_to_output,gru+field_coarse,16,14,-1500.6716301483402,-8.245448517298573,-1534.88685161984,-1535.129167112058,-1532.3694719407285,-2175.235662132117,23.327558075854395,-5452.67163014834
L16_WP_SC,strict_matched_suffix,state_to_output,history,16,14,34.215221471499575,0.18799572237087678,0.0,-0.24231549221806858,2.517379679111495,0.0,1.0449040429284948,-2253.7847785285003
L16_WP_SC,strict_matched_suffix,state_to_output,host,16,14,34.98023790006046,0.19219910934099152,0.7650164285608776,0.5227009363428063,3.282396107672372,-2.1537264283199473,1.0457664167108645,-3085.0197620999397
L16_WP_SC,strict_matched_suffix,state_to_output,host+field_coarse,16,14,-28.855002089243847,-0.15854396752331784,-63.070223560743436,-63.312539052961505,-60.552843881631944,-67.32464297073727,1.5840210279844678,-3980.855002089244
L16_WP_SC,strict_matched_suffix,state_to_output,morphic_delta_l01,16,14,-457.80319475211786,-2.5154021689676807,-492.0184162236174,-492.2607317158355,-489.50103654450595,-1025.9013869204607,11.233439841919331,-3577.8031947521176
L16_WP_SC,strict_matched_suffix,state_to_output,morphic_delta_l01+morphic_delta_l16,16,14,-1035.7707037374664,-5.691047822733332,-1069.985925208966,-1070.228240701184,-1067.4685455298545,-2030.7035140775947,18.872699274703137,-4987.770703737467
L16_WP_SC,strict_matched_suffix,state_to_output,morphic_delta_l08,16,14,-657.9999948991372,-3.6153845873578967,-692.2152163706369,-692.4575318628548,-689.6978366915253,-1628.268347967683,13.797077934697121,-3777.999994899137
L16_WP_SC,strict_matched_suffix,state_to_output,morphic_delta_l16,16,14,-127.7305866299786,-0.7018164100548275,-161.94580810147818,-162.18812359369628,-159.42842842236672,-340.1503112373622,3.5305833014910473,-3247.7305866299785
L16_WP_SC,strict_matched_suffix,state_to_output,morphic_output,16,14,-104.35515322452903,-0.5733799627721375,-138.57037469602864,-138.8126901882467,-136.05299501691715,-275.96243136591715,3.094177255264077,-3224.355153224529
L16_WP_SC,strict_matched_suffix,state_to_output,motif,16,14,-1837.7568653297913,-10.097565194119731,-1871.972086801291,-1872.214402293509,-1869.4547071221796,-3097.994773523712,32.16161958136603,-4957.756865329791
L16_WP_SC,strict_matched_suffix,state_to_output,motif+gru,16,14,-1327.8306373516864,-7.295772732701574,-1362.0458588231859,-1362.288174315404,-1359.5284791440745,-1673.1702991521443,27.874984278683588,-5279.830637351686
L16_WP_SC,strict_matched_suffix,state_to_output,output_slow,16,14,31.697841792388083,0.1741639658922422,-2.517379679111495,-2.7596951713295628,0.0,-3.9931258838694816,1.0921465727126105,-3088.302158207612
L16_WP_SC,strict_matched_suffix,state_to_output,synthesis_phase,16,14,34.61549783584057,0.19019504305406906,0.40027636434099456,0.1579608721229242,2.9176560434524896,-1.3450389360975645,1.035978915311296,-3085.3845021641596
L16_WP_SC,strict_matched_suffix,state_to_output,decoder_control,64,8,-154.6388869339205,-1.4869123743646202,-169.9459622310625,-174.69069113550256,-161.9158595844761,-378.8364882428738,7.219894052445161,-3274.6388869339207
L16_WP_SC,strict_matched_suffix,state_to_output,field_coarse,64,8,-54.342287861431714,-0.5225219986676126,-69.6493631585737,-74.39409206301374,-61.61926051198731,-76.79015348145357,2.1460033235692113,-3174.342287861432
L16_WP_SC,strict_matched_suffix,state_to_output,field_fine,64,8,16.113699950019562,0.15493942259634194,0.8066246528775629,-3.938104251562472,8.836727299463977,0.8257485913609093,1.140600561623963,-3103.8863000499805
L16_WP_SC,strict_matched_suffix,state_to_output,field_meso,64,8,17.141658920658365,0.1648236434678689,1.8345836235163662,-2.9101452809236688,9.86468627010278,2.3447803242326213,1.1356549925029396,-3102.8583410793417
L16_WP_SC,strict_matched_suffix,state_to_output,gru,64,8,-559.1988187739956,-5.376911718980727,-574.5058940711377,-579.2506229755777,-566.4757914245513,-1042.552831917016,18.82038384690814,-3679.1988187739958
L16_WP_SC,strict_matched_suffix,state_to_output,gru+field_coarse,64,8,-531.5269716954465,-5.11083626630237,-546.8340469925886,-551.5787758970285,-538.8039443460021,-1028.0930496541348,19.290610979577703,-4483.526971695446
L16_WP_SC,strict_matched_suffix,state_to_output,history,64,8,15.307075297142,0.14718341631867307,0.0,-4.744728904440036,8.030102646586414,0.0,1.1452445269257938,-2272.692924702858
L16_WP_SC,strict_matched_suffix,state_to_output,host,64,8,15.255959382420315,0.14669191713865687,-0.05111591472168442,-4.7958448191617205,7.97898673186473,-0.8404242458709459,1.1619346717328858,-3104.7440406175797
L16_WP_SC,strict_matched_suffix,state_to_output,host+field_coarse,64,8,-40.95821199501242,-0.39382896149050406,-56.26528729215441,-61.01001619659445,-48.235184645568005,-58.65763430963036,1.9923249111213859,-3992.9582119950123
L16_WP_SC,strict_matched_suffix,state_to_output,morphic_delta_l01,64,8,-442.8004217494947,-4.257696362975911,-458.10749704663675,-462.8522259510768,-450.07739440005025,-1202.7508600552483,28.033924005629288,-3562.8004217494945
L16_WP_SC,strict_matched_suffix,state_to_output,morphic_delta_l01+morphic_delta_l16,64,8,-452.6354642885832,-4.352264079697916,-467.9425395857251,-472.6872684901652,-459.91243693913873,-1019.9058273853512,21.260722318527673,-4404.6354642885835
L16_WP_SC,strict_matched_suffix,state_to_output,morphic_delta_l08,64,8,-455.6729193504955,-4.381470378370149,-470.9799946476375,-475.7247235520776,-462.94989200105107,-1219.6241830764288,19.128506584304237,-3575.6729193504952
L16_WP_SC,strict_matched_suffix,state_to_output,morphic_delta_l16,64,8,-71.8531818964197,-0.6908959797732663,-87.16025719356169,-91.90498609800173,-79.13015454697528,-220.08233466571545,4.392409012608564,-3191.8531818964198
L16_WP_SC,strict_matched_suffix,state_to_output,morphic_output,64,8,-70.57336250424727,-0.6785900240793007,-85.88043780138928,-90.62516670582932,-77.85033515480288,-215.17898191327913,4.339817316040742,-3190.573362504247
L16_WP_SC,strict_matched_suffix,state_to_output,motif,64,8,-1087.1047138083418,-10.452929940464825,-1102.4117891054839,-1107.156518009924,-1094.3816864588975,-1750.839036229822,40.01860816537003,-4207.104713808341
L16_WP_SC,strict_matched_suffix,state_to_output,motif+gru,64,8,-785.5715909369012,-7.553572989777896,-800.8786662340433,-805.6233951384831,-792.8485635874567,-1234.1066912973254,41.82568666993622,-4737.571590936901
L16_WP_SC,strict_matched_suffix,state_to_output,output_slow,64,8,7.276972650555585,0.06997089087072678,-8.030102646586414,-12.774831551026452,0.0,-5.224869579585157,1.1989426851414213,-3112.7230273494442
L16_WP_SC,strict_matched_suffix,state_to_output,synthesis_phase,64,8,3.898815819403571,0.03748861364811126,-11.408259477738426,-16.152988382178464,-3.3781568311520123,-10.33103018369013,1.3403290068135865,-3116.1011841805966
L16_WP_SC,sigma_only_adapted,output,history,1,127,266.53633344905427,0.16143932976926365,0.0,0.0,-4.89077284671835,0.0,0.7531744017677203,-2021.4636665509456
L16_WP_SC,sigma_only_adapted,output,output_slow,1,127,271.4271062957726,0.1644016391858102,4.89077284671835,4.89077284671835,0.0,5.838159037337569,0.751075755543983,-2848.572893704227
L16_WP_SC,sigma_only_adapted,output,history,16,112,139.98808072687865,0.09614565983988918,0.0,85.64026030102796,10.161096344798228,0.0,0.8246038507213151,-2148.0119192731213
L16_WP_SC,sigma_only_adapted,output,output_slow,16,112,129.82698438208044,0.0891668848778025,-10.161096344798228,75.47916395622974,0.0,-9.757079922219113,0.8342285235854583,-2990.1730156179196
L16_WP_SC,sigma_only_adapted,output,history,4,124,196.71593267527496,0.12203221629979837,0.0,0.0,20.61507107985873,0.0,0.79430408065739,-2091.284067324725
L16_WP_SC,sigma_only_adapted,output,output_slow,4,124,176.10086159541623,0.10924371066713166,-20.61507107985873,-20.61507107985873,0.0,-16.57066158570926,0.8077247777509917,-2943.899138404584
L16_WP_SC,sigma_only_adapted,output,history,64,64,39.13319213341212,0.04703508669881265,0.0,35.551885448653266,9.987879136850038,0.0,0.9085962818312168,-2248.866807866588
L16_WP_SC,sigma_only_adapted,output,output_slow,64,64,29.14531299656209,0.03503042427471405,-9.987879136850038,25.56400631180323,0.0,-9.589892365135768,0.9257037835805424,-3090.854687003438
L16_WP_SC,sigma_only_adapted,state_to_output,decoder_control,8,15,-118.33521738986784,-0.6068472686659889,-136.3364726489301,-133.46746019337297,-130.0911877343464,-636.2932424416174,4.068185717812674,-3238.335217389868
L16_WP_SC,sigma_only_adapted,state_to_output,field_coarse,8,15,-103.15322733755598,-0.528990909423364,-121.15448259661827,-118.28547014106113,-114.90919768203455,-383.7280613899282,3.3016722970496186,-3223.153227337556
L16_WP_SC,sigma_only_adapted,state_to_output,field_fine,8,15,25.906581592688276,0.1328542645778886,7.905326333626016,10.774338789183144,14.150611248209714,0.9219947708145724,0.9934686574748347,-3094.0934184073117
L16_WP_SC,sigma_only_adapted,state_to_output,field_meso,8,15,23.275111775081918,0.11935954756452266,5.273856516019666,8.142868971576789,11.519141430603362,1.587552953262656,0.9934106077697983,-3096.7248882249182
L16_WP_SC,sigma_only_adapted,state_to_output,gru,8,15,-182.83462114995615,-0.9376134417946469,-200.8358764090184,-197.96686395346129,-194.5905914944347,-1643.2735105548518,11.965028860590037,-3302.834621149956
L16_WP_SC,sigma_only_adapted,state_to_output,gru+field_coarse,8,15,-253.6905702097485,-1.3009772831269153,-271.6918254688108,-268.8228130132537,-265.4465405542271,-2192.066830562172,16.13853375293904,-4205.690570209748
L16_WP_SC,sigma_only_adapted,state_to_output,history,8,15,18.00125525906226,0.0923141295336526,0.0,2.8690124555571255,6.245284914583696,0.0,1.003007583900469,-2269.9987447409376
L16_WP_SC,sigma_only_adapted,state_to_output,host,8,15,8.675287684543857,0.0444886547925326,-9.325967574518401,-6.4569551189612735,-3.080682659934704,-11.039554956125894,1.0990892874940423,-3111.324712315456
L16_WP_SC,sigma_only_adapted,state_to_output,host+field_coarse,8,15,-82.9568643792908,-0.4254198173296964,-100.95811963835305,-98.08910718279594,-94.71283472376936,-301.4761277980712,2.8741386386427625,-4034.956864379291
L16_WP_SC,sigma_only_adapted,state_to_output,morphic_delta_l01,8,15,-184.84200751036906,-0.9479077308224054,-202.8432627694313,-199.9742503138742,-196.5979778548476,-1439.2711185976395,15.924071847807635,-3304.842007510369
L16_WP_SC,sigma_only_adapted,state_to_output,morphic_delta_l01+morphic_delta_l16,8,15,-166.58123276568224,-0.8542627321317038,-184.58248802474452,-181.71347556918738,-178.33720311016083,-1571.2155947715441,17.59583739436073,-4118.581232765682
L16_WP_SC,sigma_only_adapted,state_to_output,morphic_delta_l08,8,15,-243.9891493358208,-1.2512264068503631,-261.99040459488305,-259.12139213932596,-255.7451196802993,-2235.61580270353,13.282674835252589,-3363.989149335821
L16_WP_SC,sigma_only_adapted,state_to_output,morphic_delta_l16,8,15,-108.78153541781619,-0.5578540277836728,-126.78279067687845,-123.91377822132132,-120.53750576229476,-354.58425092805214,2.728286802897565,-3228.781535417816
L16_WP_SC,sigma_only_adapted,state_to_output,morphic_output,8,15,-107.15711217344041,-0.5495236521714892,-125.15836743250267,-122.28935497694556,-118.91308251791897,-342.7649601866252,2.687794827009141,-3227.1571121734405
L16_WP_SC,sigma_only_adapted,state_to_output,motif,8,15,-331.2304077746915,-1.6986174757676489,-349.23166303375376,-346.3626505781967,-342.98637811917007,-3597.0015704737734,28.9543697414212,-3451.2304077746917
L16_WP_SC,sigma_only_adapted,state_to_output,motif+gru,8,15,-314.9198130387367,-1.6149734001986498,-332.921068297799,-330.0520558422419,-326.6757833832154,-3373.4416238972763,32.58147890755926,-4266.919813038737
L16_WP_SC,sigma_only_adapted,state_to_output,output_slow,8,15,11.75597034447856,0.060287027407582364,-6.245284914583696,-3.376272459026569,0.0,-11.526920523608235,1.0463257540087105,-3108.2440296555214
L16_WP_SC,sigma_only_adapted,state_to_output,synthesis_phase,8,15,21.759257766440797,0.11158593726379896,3.758002507378542,6.62701496293567,10.003287421962238,-3.31039607551603,1.0202861797269325,-3098.240742233559
L16_WP_SC,sigma_only_adapted,state_to_output,decoder_control,16,14,-172.7251473412859,-0.9490392711059664,-177.73645482782172,-189.22807119446625,-185.5167456690774,-895.6143678574513,8.271421286185902,-3292.7251473412857
L16_WP_SC,sigma_only_adapted,state_to_output,field_coarse,16,14,-18.844855005407723,-0.1035431593703721,-23.856162491943586,-35.347778858588114,-31.63645333319925,-62.63866838788731,1.5847042468843917,-3138.8448550054077
L16_WP_SC,sigma_only_adapted,state_to_output,field_fine,16,14,15.678299470862664,0.08614450258715749,10.666991984326799,-0.8246243823177353,2.8867011430711376,0.5919359801629267,1.0681804474962275,-3104.321700529137
L16_WP_SC,sigma_only_adapted,state_to_output,field_meso,16,14,11.942202671123006,0.06561649819298356,6.930895184587141,-4.5607211820573905,-0.8493956566685217,-0.28037242886398794,1.06982413025035,-3108.057797328877
L16_WP_SC,sigma_only_adapted,state_to_output,gru,16,14,-223.58749736671723,-1.2285027327841607,-228.5988048532531,-240.09042121989762,-236.37909569450878,-2089.232017275218,23.71198638680009,-3343.5874973667173
L16_WP_SC,sigma_only_adapted,state_to_output,gru+field_coarse,16,14,-247.65042355925655,-1.360716612962948,-252.6617310457924,-264.1533474124369,-260.4420218870481,-2206.788699801001,23.327558075854395,-4199.6504235592565
L16_WP_SC,sigma_only_adapted,state_to_output,history,16,14,5.011307486535865,0.02753465651942783,0.0,-11.491616366644525,-7.780290841255663,0.0,1.0449040429284948,-2282.9886925134642
L16_WP_SC,sigma_only_adapted,state_to_output,host,16,14,8.009266844097223,0.04400696068185287,2.9979593575613577,-8.49365700908317,-4.782331483694303,-7.530048816148358,1.0457664167108645,-3111.990733155903
L16_WP_SC,sigma_only_adapted,state_to_output,host+field_coarse,16,14,-26.55151483758175,-0.14588744416253707,-31.562822324117615,-43.05443869076214,-39.34311316537328,-68.34971363148505,1.5840210279844678,-3978.5515148375816
L16_WP_SC,sigma_only_adapted,state_to_output,morphic_delta_l01,16,14,-184.07412999224587,-1.0113963186387136,-189.08543747878173,-200.5770538454263,-196.86572832003742,-1296.9896589590408,11.233439841919331,-3304.074129992246
L16_WP_SC,sigma_only_adapted,state_to_output,morphic_delta_l01+morphic_delta_l16,16,14,-249.96620052266871,-1.3734406622124655,-254.97750800920454,-266.4691243758491,-262.7577988504603,-2073.265723821437,18.872699274703137,-4201.966200522669
L16_WP_SC,sigma_only_adapted,state_to_output,morphic_delta_l08,16,14,-218.87174706084187,-1.2025920168178124,-223.88305454737772,-235.37467091402226,-231.66334538863345,-1763.8965008425407,13.797077934697121,-3338.8717470608417
L16_WP_SC,sigma_only_adapted,state_to_output,morphic_delta_l16,16,14,-120.83135053421539,-0.6639085194187658,-125.84265802075126,-137.3342743873958,-133.62294886200692,-359.1117491007484,3.5305833014910473,-3240.8313505342153
L16_WP_SC,sigma_only_adapted,state_to_output,morphic_output,16,14,-114.96304346876771,-0.6316650740042182,-119.97435095530358,-131.4659673219481,-127.75464179655923,-295.72569762907244,3.094177255264077,-3234.963043468768
L16_WP_SC,sigma_only_adapted,state_to_output,motif,16,14,-313.6427646612366,-1.723311893743058,-318.65407214777247,-330.145688514417,-326.4343629890281,-3198.743815617634,32.16161958136603,-3433.6427646612365
L16_WP_SC,sigma_only_adapted,state_to_output,motif+gru,16,14,-238.57675997219556,-1.310861318528547,-243.58806745873144,-255.079683825376,-251.3683582999871,-1820.384255760407,27.874984278683588,-4190.576759972196
L16_WP_SC,sigma_only_adapted,state_to_output,output_slow,16,14,12.791598327791531,0.07028350729555786,7.780290841255663,-3.711325525388867,0.0,-8.00941391067043,1.0921465727126105,-3107.2084016722083
L16_WP_SC,sigma_only_adapted,state_to_output,synthesis_phase,16,14,8.641450220575843,0.04748049571744969,3.63014273403998,-7.861473632604546,-4.150148107215681,2.627679838249665,1.035978915311296,-3111.3585497794243
L16_WP_SC,sigma_only_adapted,state_to_output,decoder_control,64,8,-92.23594163825915,-0.8868840542140303,-89.36649353023833,-92.59452257568577,-82.91821743706133,-558.8862469059147,7.219894052445161,-3212.235941638259
L16_WP_SC,sigma_only_adapted,state_to_output,field_coarse,64,8,-54.86803110243127,-0.5275772221387622,-51.99858299441046,-55.226612039857905,-45.550306901233455,-79.86261424048836,2.1460033235692113,-3174.8680311024314
L16_WP_SC,sigma_only_adapted,state_to_output,field_fine,64,8,-6.138183725603375,-0.05902099736157092,-3.2687356175825704,-6.496764663030015,3.179540475594442,-1.769727654673889,1.140600561623963,-3126.1381837256035
L16_WP_SC,sigma_only_adapted,state_to_output,field_meso,64,8,-2.8250725604895273,-0.027164159235476222,0.04437554753127615,-3.183653497916166,6.49265164070829,-0.45973319831543513,1.1356549925029396,-3122.8250725604894
L16_WP_SC,sigma_only_adapted,state_to_output,gru,64,8,-133.10248578301508,-1.2798315940674527,-130.23303767499428,-133.4610667204417,-123.78476158181726,-1243.1423316476316,18.82038384690814,-3253.1024857830153
L16_WP_SC,sigma_only_adapted,state_to_output,gru+field_coarse,64,8,-120.34734701513403,-1.1571860289916733,-117.47789890711323,-120.70592795256067,-111.02962281393621,-1280.7654683447572,19.290610979577703,-4072.347347015134
L16_WP_SC,sigma_only_adapted,state_to_output,history,64,8,-2.869448108020805,-0.02759084719250774,0.0,-3.2280290454474425,6.448276093177013,0.0,1.1452445269257938,-2290.8694481080206
L16_WP_SC,sigma_only_adapted,state_to_output,host,64,8,-5.6190429773542245,-0.054029259397636774,-2.749594869333419,-5.977623914780862,3.698681223843594,0.169668033007075,1.1619346717328858,-3125.619042977354
L16_WP_SC,sigma_only_adapted,state_to_output,host+field_coarse,64,8,-60.555568135048794,-0.582265078221623,-57.686120027028,-60.91414907247544,-51.23784393385098,-77.0700713291178,1.9923249111213859,-4012.555568135049
L16_WP_SC,sigma_only_adapted,state_to_output,morphic_delta_l01,64,8,-120.72503381621141,-1.1608176328481865,-117.8555857081906,-121.08361475363803,-111.40730961501359,-1276.2978498979037,28.033924005629288,-3240.725033816211
L16_WP_SC,sigma_only_adapted,state_to_output,morphic_delta_l01+morphic_delta_l16,64,8,-113.29354539155776,-1.089361013380363,-110.42409728353695,-113.6521263289844,-103.97582119035994,-1157.6610247390192,21.260722318527673,-4065.293545391558
L16_WP_SC,sigma_only_adapted,state_to_output,morphic_delta_l08,64,8,-140.24769245542788,-1.3485355043791143,-137.3782443474071,-140.60627339285455,-130.9299682542301,-1228.2419124325925,19.128506584304237,-3260.247692455428
L16_WP_SC,sigma_only_adapted,state_to_output,morphic_delta_l16,64,8,-66.4185440156912,-0.638639846304723,-63.54909590767039,-66.77712495311783,-57.10081981449338,-389.59791765480156,4.392409012608564,-3186.418544015691
L16_WP_SC,sigma_only_adapted,state_to_output,morphic_output,64,8,-69.30599077061498,-0.6664037574097594,-66.43654266259418,-69.6645717080416,-59.98826656941716,-382.2435265205866,4.339817316040742,-3189.305990770615
L16_WP_SC,sigma_only_adapted,state_to_output,motif,64,8,-165.0471454472074,-1.586991783146225,-162.17769733918658,-165.40572638463405,-155.7294212460096,-1523.7497830786788,40.01860816537003,-3285.047145447207
L16_WP_SC,sigma_only_adapted,state_to_output,motif+gru,64,8,-140.77641784557306,-1.3536194023612795,-137.90696973755226,-141.1349987829997,-131.45869364437524,-1258.7135397045058,41.82568666993622,-4092.776417845573
L16_WP_SC,sigma_only_adapted,state_to_output,output_slow,64,8,-9.317724201197818,-0.0895935019345944,-6.448276093177013,-9.676305138624455,0.0,-4.024219682876211,1.1989426851414213,-3129.317724201198
L16_WP_SC,sigma_only_adapted,state_to_output,synthesis_phase,64,8,-24.70165106871926,-0.23751587566076213,-21.832202960698453,-25.060232006145892,-15.383926867521446,-16.545240808394563,1.3403290068135865,-3144.7016510687195
L16_WC_SP,strict,output,history,1,255,-245.3524371004936,-0.07401280153861044,0.0,0.0,62.72570111757187,0.0,1.5758037453595923,-2533.3524371004937
L16_WC_SP,strict,output,output_slow,1,255,-308.0781382180654,-0.09293458166457479,-62.72570111757187,-62.72570111757187,0.0,-91.84352774334978,1.6123501478751956,-3428.0781382180653
L16_WC_SP,strict,output,history,16,240,-437.2239392117243,-0.14013587795247573,0.0,-807.7907567824448,48.32971989717642,0.0,1.7779442848531755,-2725.2239392117244
L16_WC_SP,strict,output,output_slow,16,240,-485.5536591089007,-0.15562617279131433,-48.32971989717642,-856.1204766796212,0.0,-44.952170471349675,1.800024216125118,-3605.553659108901
L16_WC_SP,strict,output,history,4,252,-2345.9156667789584,-0.7160914733757504,0.0,0.0,-123.89971253547691,0.0,2.4778643890951315,-4633.915666778958
L16_WC_SP,strict,output,output_slow,4,252,-2222.0159542434812,-0.678271048303871,123.89971253547691,123.89971253547691,0.0,66.76794166519964,2.4533013385731537,-5342.015954243481
L16_WC_SP,strict,output,history,64,192,-217.04601771386922,-0.08695753914818478,0.0,-521.1231414131605,163.7407771042271,0.0,1.7064756798579437,-2505.0460177138693
L16_WC_SP,strict,output,output_slow,64,192,-380.7867948180963,-0.1525588120264809,-163.7407771042271,-684.8639185173877,0.0,-150.99885097269387,1.7953431688871222,-3500.7867948180965
L16_WC_SP,strict,state_to_output,decoder_control,8,31,-6747.719761662032,-16.743721492957896,-6779.796394885504,-6655.168938996225,-6642.979648749685,-7304.175132270192,90.85766778955575,-9867.719761662032
L16_WC_SP,strict,state_to_output,field_coarse,8,31,-7235.355074407881,-17.953734675950077,-7267.431707631353,-7142.804251742073,-7130.614961495533,-7332.287703235076,50.824663413099614,-10355.355074407882
L16_WC_SP,strict,state_to_output,field_fine,8,31,4.710320849942253,0.011688141066854226,-27.36631237352897,97.26114351575072,109.45043376229022,-25.275938825163042,1.913536113572982,-3115.289679150058
L16_WC_SP,strict,state_to_output,field_meso,8,31,-1.3087905759771363,-0.003247619295228626,-33.385423799448354,91.24203208983133,103.43132233637083,-35.833649630187,2.0854857283039965,-3121.308790575977
L16_WC_SP,strict,state_to_output,gru,8,31,-1433.7005424664421,-3.5575695842839754,-1465.7771756899135,-1341.1497198006336,-1328.9604295540942,-2042.6633971490774,7.530971540907874,-4553.700542466442
L16_WC_SP,strict,state_to_output,gru+field_coarse,8,31,-4228.5070304681885,-10.492573276596001,-4260.58366369166,-4135.95620780238,-4123.76691755584,-5270.88844305586,42.70805961609398,-8180.5070304681885
L16_WC_SP,strict,state_to_output,history,8,31,32.07663322347121,0.07959462338330325,0.0,124.62745588927969,136.8167461358192,0.0,1.8930004928426793,-2255.923366776529
L16_WC_SP,strict,state_to_output,host,8,31,-455.70012194299017,-1.1307695333572958,-487.77675516646144,-363.14929927718174,-350.96000903064225,-499.87620594045285,3.9013452847541936,-3575.7001219429903
L16_WC_SP,strict,state_to_output,host+field_coarse,8,31,-6331.847953155467,-15.711781521477585,-6363.924586378938,-6239.297130489658,-6227.1078402431185,-6668.762756800848,44.0615950765476,-10283.847953155466
L16_WC_SP,strict,state_to_output,morphic_delta_l01,8,31,-5206.025664539095,-12.918177827640433,-5238.102297762565,-5113.474841873286,-5101.285551626746,-7349.608024250523,36.493971494184755,-8326.025664539095
L16_WC_SP,strict,state_to_output,morphic_delta_l01+morphic_delta_l16,8,31,-6361.103479156377,-15.784375878799944,-6393.180112379849,-6268.552656490569,-6256.36336624403,-7820.832858775682,53.63464304229198,-10313.103479156376
L16_WC_SP,strict,state_to_output,morphic_delta_l08,8,31,-2079.0372409028582,-5.158901342190715,-2111.11387412633,-1986.48641823705,-1974.2971279905105,-3073.7644664714235,14.981821544212679,-5199.037240902859
L16_WC_SP,strict,state_to_output,morphic_delta_l16,8,31,-3238.181302614793,-8.035189336513135,-3270.257935838264,-3145.6304799489844,-3133.441189702445,-5821.281039288419,20.87121836408491,-6358.181302614793
L16_WC_SP,strict,state_to_output,morphic_output,8,31,-4436.635430405514,-11.009020919120381,-4468.712063628985,-4344.0846077397055,-4331.895317493166,-6478.290600864841,36.16028721362134,-7556.635430405514
L16_WC_SP,strict,state_to_output,motif,8,31,35.32226405794067,0.08764829791052275,3.2456308344694538,127.87308672374914,140.06237697028865,-36.33393554700996,2.004416232849566,-3084.6777359420594
L16_WC_SP,strict,state_to_output,motif+gru,8,31,-3341.8282842844114,-8.292377876636257,-3373.9049175078826,-3249.2774616186025,-3237.0881713720637,-4405.500366570985,19.233404696768424,-7293.828284284411
L16_WC_SP,strict,state_to_output,output_slow,8,31,-104.74011291234797,-0.25990102459639697,-136.8167461358192,-12.189290246539501,0.0,-160.02050794572753,2.465905557485337,-3224.740112912348
L16_WC_SP,strict,state_to_output,synthesis_phase,8,31,-12.475419851581265,-0.030956376802931177,-44.55205307505249,80.0754028142272,92.26469306076672,-44.360714912602674,2.029416801722444,-3132.475419851581
L16_WC_SP,strict,state_to_output,decoder_control,128,16,-3276.22582563126,-15.751085700150288,-3288.887572839806,-3235.756508776868,-3167.4259932424015,-3473.842829212493,69.70169165492543,-6396.22582563126
L16_WC_SP,strict,state_to_output,field_coarse,128,16,-2828.0784976239947,-13.596531238576897,-2840.740244832541,-2787.6091807696025,-2719.278665235136,-2932.2910524289127,42.04256274026226,-5948.078497623995
L16_WC_SP,strict,state_to_output,field_fine,128,16,-117.52591959039076,-0.5650284595691863,-130.18766679893662,-77.05660273599838,-8.726087201532307,-80.92974484243862,2.305634822667158,-3237.525919590391
L16_WC_SP,strict,state_to_output,field_meso,128,16,3.014696135719049,0.014493731421726198,-9.647051072826805,43.48401299011143,111.8145285245775,-2.264142135577563,1.9490505419068465,-3116.985303864281
L16_WC_SP,strict,state_to_output,gru,128,16,-191.74660534595188,-0.9218586795478456,-204.40835255449775,-151.27728849155952,-82.94677295709343,-371.70370492652125,6.752410291477916,-3311.746605345952
L16_WC_SP,strict,state_to_output,gru+field_coarse,128,16,-3017.7237835122532,-14.508287420731987,-3030.3855307207987,-2977.2544666578606,-2908.9239511233945,-3699.7998154946995,58.237777039673695,-6969.723783512253
L16_WC_SP,strict,state_to_output,history,128,16,12.661747208545863,0.060873784656470496,0.0,53.13106406293824,121.4615795974043,0.0,2.113976812280891,-2275.338252791454
L16_WC_SP,strict,state_to_output,host,128,16,-6.369231078511994,-0.030621303262076897,-19.030978287057856,34.10008577588038,102.43060131034645,-24.047348026666782,2.3070149762181424,-3126.369231078512
L16_WC_SP,strict,state_to_output,host+field_coarse,128,16,-2793.8135619040404,-13.431795970692502,-2806.4753091125867,-2753.344245049648,-2685.013729515182,-2860.991000029357,39.62220801723171,-6745.81356190404
L16_WC_SP,strict,state_to_output,morphic_delta_l01,128,16,-949.714411405597,-4.5659346702192165,-962.3761586141429,-909.2450945512046,-840.9145790167386,-1749.9341692895125,20.594597476059924,-4069.7144114055973
L16_WC_SP,strict,state_to_output,morphic_delta_l01+morphic_delta_l16,128,16,-1726.4317454822663,-8.300152622510895,-1739.0934926908121,-1685.9624286278738,-1617.6319130934078,-2740.11830958288,31.882176940133924,-5678.431745482267
L16_WC_SP,strict,state_to_output,morphic_delta_l08,128,16,-1219.0806973818299,-5.8609648912587975,-1231.7424445903757,-1178.6113805274376,-1110.2808649929716,-1893.5796430138057,22.613518044617738,-4339.08069738183
L16_WC_SP,strict,state_to_output,morphic_delta_l16,128,16,-1199.9576954830566,-5.76902738213008,-1212.6194426916022,-1159.4883786286643,-1091.157863094198,-1784.165242594931,20.298085938280416,-4319.957695483056
L16_WC_SP,strict,state_to_output,morphic_output,128,16,-1785.0291538890115,-8.58187093215871,-1797.6909010975573,-1744.5598370346192,-1676.229321500153,-2549.7119748091163,41.684066620885126,-4905.0291538890115
L16_WC_SP,strict,state_to_output,motif,128,16,9.280176115653298,0.04461623132525624,-3.381571092892562,49.74949297004568,118.08000850451175,-3.9660301032369016,2.1529294167356046,-3110.7198238843466
L16_WC_SP,strict,state_to_output,motif+gru,128,16,-139.22061503387502,-0.6693298799705529,-151.88236224242087,-98.75129817948265,-30.420782645016583,-371.5719599699403,6.483058675133238,-4091.220615033875
L16_WC_SP,strict,state_to_output,output_slow,128,16,-108.79983238885843,-0.5230761172541271,-121.4615795974043,-68.33051553446606,0.0,-89.60103215240454,2.731880296185087,-3228.7998323888582
L16_WC_SP,strict,state_to_output,synthesis_phase,128,16,15.760441232751026,0.07577135208053377,3.098694024205167,56.2297580871434,124.56027362160947,-20.311187028030698,2.21205643823019,-3104.239558767249
L16_WC_SP,strict,state_to_output,decoder_control,16,30,-3629.2891360748526,-9.30586957967911,-3596.09198652323,-3547.610878335339,-3422.900753571609,-4440.7522759163685,35.8396031200833,-6749.289136074853
L16_WC_SP,strict,state_to_output,field_coarse,16,30,-1910.5881018447944,-4.898943850884089,-1877.3909522931715,-1828.9098441052809,-1704.1997193415505,-2105.1912050614274,11.13634606736778,-5030.588101844794
L16_WC_SP,strict,state_to_output,field_fine,16,30,-63.21690126071181,-0.16209461861720975,-30.01975170908893,18.46135647880177,143.1714812425319,-17.339177244424,2.43415420988567,-3183.216901260712
L16_WC_SP,strict,state_to_output,field_meso,16,30,-146.0357283627795,-0.37445058554558847,-112.83857881115661,-64.35747062326593,60.352654140464224,-104.8214208214818,2.835656343447075,-3266.0357283627795
L16_WC_SP,strict,state_to_output,gru,16,30,-2943.590071553738,-7.54766685013779,-2910.3929220021155,-2861.911813814225,-2737.2016890504947,-4303.342184157015,22.546102801296325,-6063.590071553738
L16_WC_SP,strict,state_to_output,gru+field_coarse,16,30,-3867.4609585075323,-9.916566560275724,-3834.2638089559096,-3785.782700768019,-3661.0725760042883,-5333.502411397332,40.1586758868607,-7819.460958507532
L16_WC_SP,strict,state_to_output,history,16,30,-33.19714955162287,-0.08512089628621249,0.0,48.481108187890705,173.19123295162083,0.0,2.386888729495782,-2321.1971495516227
L16_WC_SP,strict,state_to_output,host,16,30,-574.267772475734,-1.4724814678864975,-541.0706229241111,-492.58951473622034,-367.87938997249023,-508.0163015443403,4.825192827519663,-3694.267772475734
L16_WC_SP,strict,state_to_output,host+field_coarse,16,30,-3449.5643842693617,-8.845036882741953,-3416.367234717739,-3367.8861265298483,-3243.176001766118,-3482.5759727901163,21.025900841343535,-7401.564384269362
L16_WC_SP,strict,state_to_output,morphic_delta_l01,16,30,-2530.724077567062,-6.4890360963258,-2497.5269280154394,-2449.0458198275483,-2324.3356950638185,-3574.09122274905,21.749830349336825,-5650.724077567062
L16_WC_SP,strict,state_to_output,morphic_delta_l01+morphic_delta_l16,16,30,-4456.583020220772,-11.42713594928403,-4423.38587066915,-4374.904762481257,-4250.194637717528,-6967.658448039825,48.98235491703677,-8408.583020220773
L16_WC_SP,strict,state_to_output,morphic_delta_l08,16,30,-2155.2090779875816,-5.526177123045081,-2122.011928435958,-2073.5308202480674,-1948.8206954843376,-3646.1097269439433,18.92127464659891,-5275.209077987582
L16_WC_SP,strict,state_to_output,morphic_delta_l16,16,30,-3593.279998248426,-9.213538457047246,-3560.082848696803,-3511.6017405089124,-3386.891615745182,-6136.740259555381,34.62462986306623,-6713.279998248427
L16_WC_SP,strict,state_to_output,morphic_output,16,30,-3933.1082169945275,-10.084892864088532,-3899.9110674429044,-3851.4299592550137,-3726.7198344912836,-6265.200115764777,40.859590406508545,-7053.1082169945275
L16_WC_SP,strict,state_to_output,motif,16,30,13.850562755249905,0.03551426347499976,47.047712306872775,95.52882049476348,220.23894525849363,-8.39900375773563,2.2628014360813875,-3106.14943724475
L16_WC_SP,strict,state_to_output,motif+gru,16,30,-2091.94843180305,-5.363970337956538,-2058.7512822514273,-2010.2701740635366,-1885.5600492998065,-2599.9463241184894,15.406334336495727,-6043.94843180305
L16_WC_SP,strict,state_to_output,output_slow,16,30,-206.3883825032437,-0.529200980777548,-173.19123295162083,-124.71012476373014,0.0,-246.94235998080927,3.425673747991978,-3326.3883825032435
L16_WC_SP,strict,state_to_output,synthesis_phase,16,30,-44.42771064481583,-0.11391720678157906,-11.230561093192957,37.25054709469775,161.9606718584279,-20.56410505211646,2.421359378596906,-3164.4277106448158
L16_WC_SP,strict,state_to_output,decoder_control,64,24,-2669.581951048999,-8.556352407208331,-2497.844008696946,-2701.9341998736863,-2529.326460254879,-3222.2918661908416,27.203610611606482,-5789.581951048999
L16_WC_SP,strict,state_to_output,field_coarse,64,24,-3032.178564244675,-9.718521039245752,-2860.440621892622,-3064.5308130693625,-2891.923073450555,-3151.6750037876723,19.77266746322563,-6152.178564244675
L16_WC_SP,strict,state_to_output,field_fine,64,24,-198.1758319073076,-0.6351789484208578,-26.437889555254586,-230.52808073199472,-57.92034111318738,-47.64626324882148,2.8435888937941676,-3318.175831907308
L16_WC_SP,strict,state_to_output,field_meso,64,24,-86.41911311238749,-0.27698433689867785,85.31882923966552,-118.77136193707463,53.836377681732735,79.68427005840375,2.2257905134840046,-3206.4191131123875
L16_WC_SP,strict,state_to_output,gru,64,24,-427.3219347683382,-1.369621585795956,-255.58399241628518,-459.6741835930253,-287.066443974218,-1092.072124896416,9.050934616915642,-3547.321934768338
L16_WC_SP,strict,state_to_output,gru+field_coarse,64,24,-2771.147879297535,-8.88188422851774,-2599.4099369454816,-2803.500128122222,-2630.8923885034146,-3522.283221826961,28.896201457818595,-6723.147879297535
L16_WC_SP,strict,state_to_output,history,64,24,-171.73794235205304,-0.5504421229232469,0.0,-204.09019117674015,-31.482451557932798,0.0,2.4759867582768558,-2459.737942352053
L16_WC_SP,strict,state_to_output,host,64,24,-1511.801728897622,-4.845518361851353,-1340.0637865455692,-1544.1539777223093,-1371.546238103502,-1293.2920912741947,7.910008925928598,-4631.8017288976225
L16_WC_SP,strict,state_to_output,host+field_coarse,64,24,-2928.9135658469504,-9.387543480278687,-2757.1756234948975,-2961.2658146716376,-2788.65807505283,-2791.2752480078666,23.35461285207196,-6880.91356584695
L16_WC_SP,strict,state_to_output,morphic_delta_l01,64,24,-402.0809733143925,-1.2887210683153607,-230.34303096233947,-434.4332221390796,-261.82548252027226,-817.0014436499791,6.621855025840345,-3522.0809733143924
L16_WC_SP,strict,state_to_output,morphic_delta_l01+morphic_delta_l16,64,24,-1699.4847037779987,-5.447066358262816,-1527.7467614259458,-1731.8369526026859,-1559.2292129838786,-4005.84896329928,28.764681014338777,-5651.484703777998
L16_WC_SP,strict,state_to_output,morphic_delta_l08,64,24,-3049.546246211268,-9.774186686574577,-2877.8083038592154,-3081.8984950359554,-2909.290755417148,-4424.590807568666,40.422883601407754,-6169.546246211268
L16_WC_SP,strict,state_to_output,morphic_delta_l16,64,24,-2797.130802189045,-8.96516282752899,-2625.392859836992,-2829.483051013732,-2656.875311394925,-5634.822319316348,39.21770184131556,-5917.130802189045
L16_WC_SP,strict,state_to_output,morphic_output,64,24,-3337.730087922182,-10.69785284590443,-3165.992145570129,-3370.0823367468693,-3197.4745971280618,-4341.634536429196,60.605539036050175,-6457.730087922182
L16_WC_SP,strict,state_to_output,motif,64,24,-103.33899290480218,-0.33121472084872494,68.39894944725084,-135.6912417294893,36.91649788931805,-23.97131591658969,2.6114396378193816,-3223.338992904802
L16_WC_SP,strict,state_to_output,motif+gru,64,24,-365.0941410641942,-1.1701735290519046,-193.35619871214118,-397.4463898888813,-224.838650270074,-1308.624028271497,9.158624375201235,-4317.094141064194
L16_WC_SP,strict,state_to_output,output_slow,64,24,-140.25549079412022,-0.44953682946833406,31.482451557932798,-172.60773961880736,0.0,52.32560176239386,2.3326927598604623,-3260.2554907941203
L16_WC_SP,strict,state_to_output,synthesis_phase,64,24,-98.18306091380052,-0.3146892978006427,73.55488143825252,-130.53530973848763,42.07242988031973,61.487461921100326,2.267031846235993,-3218.1830609138005
L16_WC_SP,strict_matched_suffix,output,history,1,127,-92.82996761679769,-0.05622650976183991,0.0,0.0,26.705420995638562,0.0,1.5404397277984938,-2380.8299676167976
L16_WC_SP,strict_matched_suffix,output,output_slow,1,127,-119.53538861243626,-0.07240181018318369,-26.705420995638562,-26.705420995638562,0.0,-39.63233078509588,1.5703999940654807,-3239.5353886124362
L16_WC_SP,strict_matched_suffix,output,history,16,112,-191.51503342587355,-0.13153505042985822,0.0,-369.9498964201372,31.18897519248929,0.0,1.73611358177647,-2479.5150334258738
L16_WC_SP,strict_matched_suffix,output,output_slow,16,112,-222.70400861836285,-0.15295604987524922,-31.18897519248929,-401.1388716126264,0.0,-29.396687257892335,1.7708850237952594,-3342.704008618363
L16_WC_SP,strict_matched_suffix,output,history,4,124,-1148.8099577924595,-0.7126612641392429,0.0,0.0,-55.03878023158662,0.0,2.4318290231992266,-3436.8099577924595
L16_WC_SP,strict_matched_suffix,output,output_slow,4,124,-1093.771177560873,-0.6785181002238666,55.03878023158662,55.03878023158662,0.0,26.616587346558703,2.4111794401436235,-4213.771177560873
L16_WC_SP,strict_matched_suffix,output,history,64,64,-33.54215877415835,-0.04031509468047879,0.0,-150.11799765381738,58.99009904932275,0.0,1.700628490720972,-2321.5421587741585
L16_WC_SP,strict_matched_suffix,output,output_slow,64,64,-92.5322578234811,-0.11121665603783787,-58.99009904932275,-209.10809670314018,0.0,-56.23760056074431,1.7990882379385722,-3212.532257823481
L16_WC_SP,strict_matched_suffix,state_to_output,decoder_control,8,15,-3223.3753312880035,-16.530129904041043,-3245.2336259802673,-3175.6811558433897,-3175.845614388117,-3496.866823899869,91.13403860338869,-6343.3753312880035
L16_WC_SP,strict_matched_suffix,state_to_output,field_coarse,8,15,-3475.7952959199483,-17.82459126112794,-3497.6535906122126,-3428.101120475335,-3428.2655790200624,-3524.105468126717,51.37262401088972,-6595.795295919948
L16_WC_SP,strict_matched_suffix,state_to_output,field_fine,8,15,20.947658997478843,0.1074238922947633,-0.9106356947852232,68.64183444209242,68.47737589736494,-1.084620377333807,1.928292226046543,-3099.052341002521
L16_WC_SP,strict_matched_suffix,state_to_output,field_meso,8,15,2.24952475665604,0.011536024393107898,-19.608769935608024,49.94370020126961,49.77924165654214,-20.70368577074248,2.242856823958068,-3117.7504752433438
L16_WC_SP,strict_matched_suffix,state_to_output,gru,8,15,-682.0439771811024,-3.4976614214415505,-703.9022718733663,-634.3498017364888,-634.5142602812161,-973.9618722208055,7.718066162473097,-3802.0439771811025
L16_WC_SP,strict_matched_suffix,state_to_output,gru+field_coarse,8,15,-2014.2835971001537,-10.32965947230848,-2036.141891792418,-1966.58942165554,-1966.7538802002678,-2528.8748933721563,43.37322987868523,-5966.283597100153
L16_WC_SP,strict_matched_suffix,state_to_output,history,8,15,21.85829469226406,0.11209381893468749,0.0,69.55247013687764,69.38801159215016,0.0,1.9992942183596731,-2266.1417053077357
L16_WC_SP,strict_matched_suffix,state_to_output,host,8,15,-321.957815853517,-1.6510657223257281,-343.81611054578104,-274.2636404089034,-274.42809895363087,-357.9413566023697,4.956026542519309,-3441.957815853517
L16_WC_SP,strict_matched_suffix,state_to_output,host+field_coarse,8,15,-3094.9600734472924,-15.871590120242525,-3116.8183681395567,-3047.265898002679,-3047.4303565474065,-3230.108353098871,44.57697223708739,-7046.960073447292
L16_WC_SP,strict_matched_suffix,state_to_output,morphic_delta_l01,8,15,-2440.6178151716213,-12.515988795751904,-2462.4761098638855,-2392.923639727008,-2393.0880982717354,-3461.6385749592246,35.778453802085544,-5560.617815171621
L16_WC_SP,strict_matched_suffix,state_to_output,morphic_delta_l01+morphic_delta_l16,8,15,-3009.5564672688797,-15.433622909071177,-3031.414761961144,-2961.8622918242663,-2962.026750368994,-3698.958205320714,52.85953928404883,-6961.55646726888
L16_WC_SP,strict_matched_suffix,state_to_output,morphic_delta_l08,8,15,-1000.4798435311479,-5.130665864262297,-1022.3381382234122,-952.7856680865344,-952.9501266312619,-1481.1876041862297,15.242302784764707,-4120.479843531148
L16_WC_SP,strict_matched_suffix,state_to_output,morphic_delta_l16,8,15,-1518.7804021341044,-7.788617446841561,-1540.6386968263682,-1471.0862266894906,-1471.2506852342183,-2783.6439168111383,20.89796712159473,-4638.780402134104
L16_WC_SP,strict_matched_suffix,state_to_output,morphic_output,8,15,-2150.6737762311545,-11.029096288364896,-2172.5320709234184,-2102.979600786541,-2103.1440593312686,-3178.703400071973,36.26829123909621,-5270.673776231155
L16_WC_SP,strict_matched_suffix,state_to_output,motif,8,15,23.05509178407956,0.11823123991835673,1.1967970918154969,70.74926722869313,70.58480868396566,-19.765795480714694,2.1200998475283472,-3096.9449082159203
L16_WC_SP,strict_matched_suffix,state_to_output,motif+gru,8,15,-1658.6105266581455,-8.505695008503311,-1680.4688213504096,-1610.916351213532,-1611.0808097582594,-2213.6620645382386,20.473756283805056,-5610.610526658145
L16_WC_SP,strict_matched_suffix,state_to_output,output_slow,8,15,-47.5297168998861,-0.24374213794813382,-69.38801159215016,0.16445854472746468,0.0,-80.02726970147899,2.5849902717161837,-3167.529716899886
L16_WC_SP,strict_matched_suffix,state_to_output,synthesis_phase,8,15,-3.17104005707691,-0.01626174388244569,-25.029334749340983,44.523135387536655,44.35867684280919,-25.252377569266365,2.155452208639212,-3123.171040057077
L16_WC_SP,strict_matched_suffix,state_to_output,decoder_control,16,14,-1715.8525878111673,-9.42776147148993,-1688.665452337535,-1674.8284674543693,-1618.422400747174,-2076.587088740725,35.76926354236091,-4835.852587811167
L16_WC_SP,strict_matched_suffix,state_to_output,field_coarse,16,14,-845.9919892420082,-4.648307633197847,-818.804853768376,-804.9678688852102,-748.5618021780151,-928.9286314497783,10.926288981605646,-3965.9919892420085
L16_WC_SP,strict_matched_suffix,state_to_output,field_fine,16,14,-21.94727454892121,-0.1205894205984682,5.2398609247109835,19.076845807876783,75.48291251507189,10.983976243793407,2.3706209315347015,-3141.947274548921
L16_WC_SP,strict_matched_suffix,state_to_output,field_meso,16,14,-78.56847267918471,-0.43169490483068523,-51.381337205552505,-37.5443523223867,18.861714384808415,-46.66200768701472,2.9046566887789744,-3198.5684726791847
L16_WC_SP,strict_matched_suffix,state_to_output,gru,16,14,-1364.80907581353,-7.498950966008406,-1337.6219403398977,-1323.784955456732,-1267.3788887495366,-1959.0375997260123,22.580634264316043,-4484.8090758135295
L16_WC_SP,strict_matched_suffix,state_to_output,gru+field_coarse,16,14,-1765.109559902834,-9.698404175290296,-1737.922424429202,-1724.0854395460365,-1667.6793728388411,-2466.259147945032,39.86966505247747,-5717.109559902834
L16_WC_SP,strict_matched_suffix,state_to_output,history,16,14,-27.187135473632196,-0.14937986523973734,0.0,13.836984883165805,70.24305159036092,0.0,2.470122615292828,-2315.187135473632
L16_WC_SP,strict_matched_suffix,state_to_output,host,16,14,-388.0311214965125,-2.132039129101717,-360.84398602288036,-347.00700113971453,-290.60093443251947,-342.387195463064,6.200996390827803,-3508.0311214965127
L16_WC_SP,strict_matched_suffix,state_to_output,host+field_coarse,16,14,-1877.3963224989225,-10.31536440933474,-1850.2091870252902,-1836.3722021421243,-1779.9661354349291,-1876.9713092006057,25.807325636036943,-5829.396322498922
L16_WC_SP,strict_matched_suffix,state_to_output,morphic_delta_l01,16,14,-1142.1817533541787,-6.275723919528454,-1114.9946178805467,-1101.1576329973805,-1044.7515662901856,-1648.0507539822781,21.401084046234093,-4262.181753354179
L16_WC_SP,strict_matched_suffix,state_to_output,morphic_delta_l01+morphic_delta_l16,16,14,-2095.2840079349035,-11.512549494147821,-2068.096872461272,-2054.259887578106,-1997.853820870911,-3239.3936293024044,49.012633435480495,-6047.2840079349035
L16_WC_SP,strict_matched_suffix,state_to_output,morphic_delta_l08,16,14,-1001.2214173008587,-5.501216578576146,-974.0342818272266,-960.1972969440608,-903.7912302368657,-1664.1346818856614,19.179847704732456,-4121.221417300859
L16_WC_SP,strict_matched_suffix,state_to_output,morphic_delta_l16,16,14,-1689.8509184851714,-9.284895156511931,-1662.6637830115392,-1648.8267981283734,-1592.420731421178,-2816.220450782858,35.04697344291853,-4809.850918485172
L16_WC_SP,strict_matched_suffix,state_to_output,morphic_output,16,14,-1814.0023131594544,-9.967045676700298,-1786.8151776858224,-1772.9781928026564,-1716.5721260954613,-2887.560953382993,40.78554221330086,-4934.002313159454
L16_WC_SP,strict_matched_suffix,state_to_output,motif,16,14,18.834484820282775,0.10348618033122403,46.02162029391498,59.858605177080776,116.2646718842759,15.428821247347893,2.1685459372499367,-3101.165515179717
L16_WC_SP,strict_matched_suffix,state_to_output,motif+gru,16,14,-943.7861382434241,-5.185638122216616,-916.5990027697919,-902.762017886626,-846.355951179431,-1141.7785923481902,15.426300084577068,-4895.786138243424
L16_WC_SP,strict_matched_suffix,state_to_output,output_slow,16,14,-97.43018706399312,-0.5353306981538083,-70.24305159036092,-56.406066707195116,0.0,-109.8716549164048,3.482349177763647,-3217.430187063993
L16_WC_SP,strict_matched_suffix,state_to_output,synthesis_phase,16,14,-24.35354513357148,-0.13381068754709605,2.833590340060716,16.670575223226518,73.07664193042163,-2.517140756364494,2.4485820251059978,-3144.3535451335715
L16_WC_SP,strict_matched_suffix,state_to_output,decoder_control,64,8,-822.4867406218428,-7.908526352133104,-756.0931383678449,-834.9882547704783,-783.4648026622585,-985.1708059683758,26.706985836592366,-3942.4867406218427
L16_WC_SP,strict_matched_suffix,state_to_output,field_coarse,64,8,-943.1360093230453,-9.068615474260051,-876.7424070690471,-955.6375234716804,-904.1140713634608,-969.6617598779999,18.77733236509323,-4063.136009323045
L16_WC_SP,strict_matched_suffix,state_to_output,field_fine,64,8,-87.82259750993242,-0.8444480529801195,-21.428995255934318,-100.32411165856774,-48.80065955034792,-29.7162592962848,3.2134645954740426,-3207.8225975099326
L16_WC_SP,strict_matched_suffix,state_to_output,field_meso,64,8,-34.2052248803936,-0.3288963930807077,32.1883773736045,-46.70673902902892,4.816713079190893,31.772558352521795,2.363659381998543,-3154.2052248803934
L16_WC_SP,strict_matched_suffix,state_to_output,gru,64,8,-112.5472746727755,-1.0821853333920721,-46.15367241877739,-125.04878882141082,-73.52533671319102,-330.0726610213107,9.294601501793409,-3232.5472746727755
L16_WC_SP,strict_matched_suffix,state_to_output,gru+field_coarse,64,8,-862.3181644384551,-8.291520811908223,-795.924562184457,-874.8196785870904,-823.2962264788706,-1109.0390517278693,27.676742491322372,-4814.318164438455
L16_WC_SP,strict_matched_suffix,state_to_output,history,64,8,-66.3936022539981,-0.6384000216730586,0.0,-78.89511640263342,-27.37166429441361,0.0,2.67755869697257,-2354.3936022539983
L16_WC_SP,strict_matched_suffix,state_to_output,host,64,8,-905.4569573262065,-8.70631689736737,-839.0633550722084,-917.9584714748419,-866.4350193666221,-812.3924863633819,13.243540934025276,-4025.4569573262065
L16_WC_SP,strict_matched_suffix,state_to_output,host+field_coarse,64,8,-901.4628132082602,-8.66791166546404,-835.0692109542622,-913.9643273568956,-862.4408752486756,-858.7376725521183,26.744212399793202,-4853.46281320826
L16_WC_SP,strict_matched_suffix,state_to_output,morphic_delta_l01,64,8,-117.37495948111014,-1.1286053796260591,-50.981357227112014,-129.87647362974545,-78.35302152152562,-240.65957632745162,6.040080509391218,-3237.37495948111
L16_WC_SP,strict_matched_suffix,state_to_output,morphic_delta_l01+morphic_delta_l16,64,8,-561.564488084859,-5.399658539277491,-495.17088583086087,-574.0660022334941,-522.5425501252745,-1348.6398245431778,27.843094106107102,-4513.5644880848595
L16_WC_SP,strict_matched_suffix,state_to_output,morphic_delta_l08,64,8,-1002.2476828262389,-9.636996950252298,-935.854080572241,-1014.7491969748744,-963.2257448666546,-1465.8217242230223,40.40602088048148,-4122.247682826239
L16_WC_SP,strict_matched_suffix,state_to_output,morphic_delta_l16,64,8,-946.1194900081928,-9.097302788540315,-879.7258877541947,-958.6210041568281,-907.0975520486083,-1926.7382431664405,38.98183917869863,-4066.1194900081928
L16_WC_SP,strict_matched_suffix,state_to_output,morphic_output,64,8,-1098.6967327165376,-10.564391660735938,-1032.3031304625397,-1111.198246865173,-1059.6747947569531,-1436.7945792312926,61.16291993690386,-4218.696732716538
L16_WC_SP,strict_matched_suffix,state_to_output,motif,64,8,-47.08365147675765,-0.4527274180457467,19.309950777240445,-59.585165625392975,-8.06171351717316,-14.708731897128224,2.8873330722167134,-3167.0836514767575
L16_WC_SP,strict_matched_suffix,state_to_output,motif+gru,64,8,-111.75418963036942,-1.074559515676629,-45.360587376371335,-124.25570377900475,-72.73225167078493,-422.9710052605592,9.559439195777575,-4063.7541896303696
L16_WC_SP,strict_matched_suffix,state_to_output,output_slow,64,8,-39.02193795958449,-0.37521094191908166,27.37166429441361,-51.523452108219814,0.0,34.532100982489915,2.3273616988912065,-3159.0219379595846
L16_WC_SP,strict_matched_suffix,state_to_output,synthesis_phase,64,8,-37.454568953695244,-0.3601400860932235,28.939033300302864,-49.95608310233056,1.5673690058892542,25.16307078515468,2.4251536257968693,-3157.4545689536953
L16_WC_SP,sigma_only_adapted,output,history,1,127,314.5172142506693,0.19050103831052048,0.0,0.0,20.158983556133585,0.0,1.5404397277984938,-1973.4827857493306
L16_WC_SP,sigma_only_adapted,output,output_slow,1,127,294.3582306945357,0.17829087261934323,-20.158983556133585,-20.158983556133585,0.0,-23.11690561372203,1.5703999940654807,-2825.6417693054645
L16_WC_SP,sigma_only_adapted,output,history,16,112,184.61319096853538,0.1267947740168512,0.0,-155.40628789326303,7.812933560540531,0.0,1.73611358177647,-2103.3868090314645
L16_WC_SP,sigma_only_adapted,output,output_slow,16,112,176.80025740799485,0.12142874821977669,-7.812933560540531,-163.21922145380353,0.0,-6.711133806115392,1.7708850237952594,-2943.1997425920054
L16_WC_SP,sigma_only_adapted,output,history,4,124,38.8652035365388,0.024109927752195285,0.0,0.0,24.475077735056175,0.0,2.4318290231992266,-2249.134796463461
L16_WC_SP,sigma_only_adapted,output,output_slow,4,124,14.390125801482624,0.008926877048066145,-24.475077735056175,-24.475077735056175,0.0,-18.771992350393774,2.4111794401436235,-3105.6098741985174
L16_WC_SP,sigma_only_adapted,output,history,64,64,114.45551838687503,0.13756672883037863,0.0,-90.43651612117824,21.21726788719729,0.0,1.700628490720972,-2173.544481613125
L16_WC_SP,sigma_only_adapted,output,output_slow,64,64,93.23825049967773,0.11206520492749728,-21.21726788719729,-111.65378400837554,0.0,-32.07511234353804,1.7990882379385722,-3026.7617495003224
L16_WC_SP,sigma_only_adapted,state_to_output,decoder_control,8,15,-264.5153217196563,-1.3564888293315707,-342.60355542850857,-321.76080999700935,-302.88237422752826,-3182.000953577628,91.13403860338869,-3384.515321719656
L16_WC_SP,sigma_only_adapted,state_to_output,field_coarse,8,15,-233.3752090931651,-1.1967959440675133,-311.4634428020173,-290.62069737051814,-271.74226160103694,-3374.7695127159614,51.37262401088972,-3353.3752090931653
L16_WC_SP,sigma_only_adapted,state_to_output,field_fine,8,15,63.51928499890042,0.3257399230712842,-14.568948709951849,6.2737967215473205,25.15223249102849,-18.986635403013583,1.928292226046543,-3056.4807150010997
L16_WC_SP,sigma_only_adapted,state_to_output,field_meso,8,15,65.97516535811764,0.3383341813236802,-12.113068350734615,8.729677080764555,27.608112850245718,-13.272900921800058,2.242856823958068,-3054.0248346418825
L16_WC_SP,sigma_only_adapted,state_to_output,gru,8,15,-5.752445195228804,-0.029499718949891302,-83.84067890408105,-62.997933472581906,-44.119497703100734,-964.6730293242261,7.718066162473097,-3125.752445195229
L16_WC_SP,sigma_only_adapted,state_to_output,gru+field_coarse,8,15,-125.41431766819771,-0.6431503470163985,-203.50255137704994,-182.65980594555077,-163.78137017606963,-2353.5502218308793,43.37322987868523,-4077.414317668198
L16_WC_SP,sigma_only_adapted,state_to_output,history,8,15,78.08823370885224,0.40045248055821664,0.0,20.84274543149917,39.72118120098033,0.0,1.9992942183596731,-2209.9117662911476
L16_WC_SP,sigma_only_adapted,state_to_output,host,8,15,-15.906818840364085,-0.08157342995058506,-93.99505254921635,-73.15230711771717,-54.273871348236014,-228.14258391128124,4.956026542519309,-3135.906818840364
L16_WC_SP,sigma_only_adapted,state_to_output,host+field_coarse,8,15,-220.82599726482624,-1.1324410116144936,-298.9142309736785,-278.07148554217935,-259.19304977269815,-3097.1323228896063,44.57697223708739,-4172.825997264827
L16_WC_SP,sigma_only_adapted,state_to_output,morphic_delta_l01,8,15,-189.33667021503567,-0.9709572831540291,-267.4249039238879,-246.58215849238874,-227.70372272290757,-3019.9923087099896,35.778453802085544,-3309.3366702150356
L16_WC_SP,sigma_only_adapted,state_to_output,morphic_delta_l01+morphic_delta_l16,8,15,-220.72132654761026,-1.1319042387056937,-298.8095602564625,-277.96681482496336,-259.0883790554822,-3640.563056254241,52.85953928404883,-4172.72132654761
L16_WC_SP,sigma_only_adapted,state_to_output,morphic_delta_l08,8,15,-97.93166147735785,-0.5022136486018351,-176.01989518621008,-155.1771497547109,-136.29871398522977,-1435.1607090305415,15.242302784764707,-3217.931661477358
L16_WC_SP,sigma_only_adapted,state_to_output,morphic_delta_l16,8,15,-165.05511134084452,-0.8464364684145873,-243.14334504969673,-222.3005996181976,-203.4221638487164,-2408.892226802811,20.89796712159473,-3285.0551113408446
L16_WC_SP,sigma_only_adapted,state_to_output,morphic_output,8,15,-185.23984486867175,-0.9499479224034448,-263.328078577524,-242.48533314602489,-223.6068973765437,-2868.3245773204617,36.26829123909621,-3305.2398448686718
L16_WC_SP,sigma_only_adapted,state_to_output,motif,8,15,55.35662949018139,0.28388015123169946,-22.731604218670864,-1.8888587871716918,16.98957698230947,-24.706999694831612,2.1200998475283472,-3064.6433705098184
L16_WC_SP,sigma_only_adapted,state_to_output,motif+gru,8,15,-102.18934408854064,-0.5240479184027725,-180.2775777973929,-159.43483236589373,-140.55639659641258,-2211.9675761628123,20.473756283805056,-4054.1893440885406
L16_WC_SP,sigma_only_adapted,state_to_output,output_slow,8,15,38.367052507871925,0.19675411542498422,-39.72118120098033,-18.87843576948116,0.0,-59.01486764724013,2.5849902717161837,-3081.632947492128
L16_WC_SP,sigma_only_adapted,state_to_output,synthesis_phase,8,15,61.4499296953436,0.3151278445915056,-16.638304013508666,4.204441417990503,23.082877187471667,-20.26081912248035,2.155452208639212,-3058.5500703046564
L16_WC_SP,sigma_only_adapted,state_to_output,decoder_control,16,14,-124.27496088457406,-0.6828294554097476,-148.8305868698567,-174.76772829569745,-126.61740444416782,-1896.1146339669504,35.76926354236091,-3244.2749608845743
L16_WC_SP,sigma_only_adapted,state_to_output,field_coarse,16,14,-58.75639239641991,-0.32283732085945005,-83.31201838170252,-109.2491598075433,-61.09883595601365,-1131.6304920417153,10.926288981605646,-3178.75639239642
L16_WC_SP,sigma_only_adapted,state_to_output,field_fine,16,14,46.85244311410896,0.2574310061214778,22.296817128826355,-3.6403242970144234,44.50999955451522,2.9320248548564685,2.3706209315347015,-3073.147556885891
L16_WC_SP,sigma_only_adapted,state_to_output,field_meso,16,14,16.55196166689708,0.09094484432361032,-8.003664318385537,-33.94080574422631,14.209518107303328,-36.20489491120897,2.9046566887789744,-3103.448038333103
L16_WC_SP,sigma_only_adapted,state_to_output,gru,16,14,-83.37252992557916,-0.45809082376691845,-107.92815591086178,-133.86529733670255,-85.71497348517292,-1759.4624868792905,22.580634264316043,-3203.3725299255793
L16_WC_SP,sigma_only_adapted,state_to_output,gru+field_coarse,16,14,-163.11315646475128,-0.8962261344217104,-187.66878245003394,-213.6059238758747,-165.45560002434507,-2028.2443554864767,39.86966505247747,-4115.113156464751
L16_WC_SP,sigma_only_adapted,state_to_output,history,16,14,24.55562598528261,0.1349210218971572,0.0,-25.937141425840778,22.213182425688863,0.0,2.470122615292828,-2263.4443740147176
L16_WC_SP,sigma_only_adapted,state_to_output,host,16,14,-124.43770472233402,-0.6837236523205166,-148.99333070761662,-174.9304721334574,-126.78014828192775,-353.6988729495491,6.200996390827803,-3244.437704722334
L16_WC_SP,sigma_only_adapted,state_to_output,host+field_coarse,16,14,-160.6646339480265,-0.8827727140001457,-185.22025993330914,-211.1574013591499,-163.00707750762024,-1774.0492042430105,25.807325636036943,-4112.664633948027
L16_WC_SP,sigma_only_adapted,state_to_output,morphic_delta_l01,16,14,-88.19058437064132,-0.4845636503881391,-112.74621035592392,-138.6833517817647,-90.53302793023505,-1457.533796591721,21.401084046234093,-3208.1905843706413
L16_WC_SP,sigma_only_adapted,state_to_output,morphic_delta_l01+morphic_delta_l16,16,14,-175.93317380765194,-0.9666657901519338,-200.48879979293457,-226.42594121877536,-178.2756173672457,-3078.7464578212503,49.012633435480495,-4127.933173807652
L16_WC_SP,sigma_only_adapted,state_to_output,morphic_delta_l08,16,14,-144.00270595529048,-0.7912236590950026,-168.5583319405731,-194.49547336641388,-146.34514951488424,-1890.1479997088238,19.179847704732456,-3264.0027059552904
L16_WC_SP,sigma_only_adapted,state_to_output,morphic_delta_l16,16,14,-156.5071910177642,-0.8599296209767263,-181.06281700304677,-206.99995842888754,-158.84963457735793,-2549.123882440228,35.04697344291853,-3276.5071910177644
L16_WC_SP,sigma_only_adapted,state_to_output,morphic_output,16,14,-183.63082587634682,-1.0089605817381693,-208.18645186162945,-234.12359328747027,-185.9732694359406,-2702.6306729723733,40.78554221330086,-3303.630825876347
L16_WC_SP,sigma_only_adapted,state_to_output,motif,16,14,28.913530737669234,0.15886555350367712,4.357904752386622,-21.57923667345415,26.571087178075487,-12.218980926688701,2.1685459372499367,-3091.086469262331
L16_WC_SP,sigma_only_adapted,state_to_output,motif+gru,16,14,-58.39659805203742,-0.32086042885734845,-82.95222403732004,-108.8893654631608,-60.739041611631166,-1264.1744315012666,15.426300084577068,-4010.3965980520375
L16_WC_SP,sigma_only_adapted,state_to_output,output_slow,16,14,2.3424435595937467,0.01287056900875685,-22.213182425688863,-48.15032385152965,0.0,-93.64684740656253,3.482349177763647,-3117.657556440406
L16_WC_SP,sigma_only_adapted,state_to_output,synthesis_phase,16,14,27.973040332755787,0.15369802380635048,3.4174143474731764,-22.519727078367602,25.630596773162036,-16.46999311987824,2.4485820251059978,-3092.0269596672442
L16_WC_SP,sigma_only_adapted,state_to_output,decoder_control,64,8,-65.65967484239411,-0.6313430273307126,-52.91931961053317,-89.61097744903378,-62.91884902103418,-784.2558766140119,26.706985836592366,-3185.659674842394
L16_WC_SP,sigma_only_adapted,state_to_output,field_coarse,64,8,-59.96098412806808,-0.5765479243083469,-47.22062889620713,-83.91228673470775,-57.22015830670814,-503.46483074664127,18.77733236509323,-3179.960984128068
L16_WC_SP,sigma_only_adapted,state_to_output,field_fine,64,8,-27.81328602139798,-0.2674354425134421,-15.07293078953704,-51.76458862803766,-25.07246020003804,-30.616424484690178,3.2134645954740426,-3147.813286021398
L16_WC_SP,sigma_only_adapted,state_to_output,field_meso,64,8,-8.688638449386634,-0.08354460047487147,4.051716782474307,-32.63994105602631,-5.947812628026696,15.352930949248453,2.363659381998543,-3128.6886384493864
L16_WC_SP,sigma_only_adapted,state_to_output,gru,64,8,-10.028542803010136,-0.09642829618278978,2.7118124288507985,-33.97984540964982,-7.287716981650199,-365.4987823100564,9.294601501793409,-3130.02854280301
L16_WC_SP,sigma_only_adapted,state_to_output,gru+field_coarse,64,8,-78.515430052917,-0.754956058201125,-65.77507482105605,-102.46673265955667,-75.77460423155708,-983.6952159326358,27.676742491322372,-4030.515430052917
L16_WC_SP,sigma_only_adapted,state_to_output,history,64,8,-12.740355231860937,-0.12250341569097055,0.0,-36.69165783850062,-9.999529410501005,0.0,2.67755869697257,-2300.740355231861
L16_WC_SP,sigma_only_adapted,state_to_output,host,64,8,-128.1371456161613,-1.2320879386169354,-115.39679038430035,-152.08844822280096,-125.39631979480136,-486.36592107276886,13.243540934025276,-3248.1371456161614
L16_WC_SP,sigma_only_adapted,state_to_output,host+field_coarse,64,8,-94.42998350716955,-0.9079806106458611,-81.6896282753086,-118.38128611380924,-91.68915768580962,-708.6259363073887,26.744212399793202,-4046.4299835071697
L16_WC_SP,sigma_only_adapted,state_to_output,morphic_delta_l01,64,8,-22.91046616305882,-0.22029294387556558,-10.170110931197886,-46.8617687696985,-20.16964034169888,-131.85425773565584,6.040080509391218,-3142.910466163059
L16_WC_SP,sigma_only_adapted,state_to_output,morphic_delta_l01+morphic_delta_l16,64,8,-95.51262901344694,-0.918390663590836,-82.77227378158602,-119.46393162008664,-92.77180319208702,-979.8639634531926,27.843094106107102,-4047.5126290134467
L16_WC_SP,sigma_only_adapted,state_to_output,morphic_delta_l08,64,8,-96.65786275287502,-0.9294025264699521,-83.9175075210141,-120.60916535951472,-93.9170369315151,-1103.8600635954608,40.40602088048148,-3216.657862752875
L16_WC_SP,sigma_only_adapted,state_to_output,morphic_delta_l16,64,8,-124.70435474663604,-1.1990803341022696,-111.9639995147751,-148.6556573532757,-121.96352892527608,-1383.531478806055,38.98183917869863,-3244.704354746636
L16_WC_SP,sigma_only_adapted,state_to_output,morphic_output,64,8,-93.87457558203994,-0.9026401498273071,-81.134220350179,-117.82587818867961,-91.13374976067999,-1263.9461989830538,61.16291993690386,-3213.87457558204
L16_WC_SP,sigma_only_adapted,state_to_output,motif,64,8,-21.10996370163489,-0.20298042020802778,-8.36960846977395,-45.06126630827457,-18.369137880274955,-4.245580863755002,2.8873330722167134,-3141.109963701635
L16_WC_SP,sigma_only_adapted,state_to_output,motif+gru,64,8,-14.086670329607454,-0.13544875316930244,-1.3463150977465244,-38.037972936247144,-11.345844508247524,-415.812722140705,9.559439195777575,-3966.0866703296074
L16_WC_SP,sigma_only_adapted,state_to_output,output_slow,64,8,-2.7408258213599335,-0.026354094436153205,9.999529410501005,-26.692128427999616,0.0,18.875761453553146,2.3273616988912065,-3122.74082582136
L16_WC_SP,sigma_only_adapted,state_to_output,synthesis_phase,64,8,-13.961519008614884,-0.13424537508283543,-1.2211637767539458,-37.912821615254565,-11.220693187254948,6.090714451127408,2.4251536257968693,-3133.9615190086147
L16_WC_SC,strict,output,history,1,255,-30.760876381738257,-0.00927929905934789,0.0,0.0,22.63273290198734,0.0,1.5212236995374382,-2318.7608763817384
L16_WC_SC,strict,output,output_slow,1,255,-53.393609283725596,-0.01610666946718721,-22.63273290198734,-22.63273290198734,0.0,-46.48708668574112,1.5427004380236944,-3173.3936092837257
L16_WC_SC,strict,output,history,16,240,-337.3594979847316,-0.10812804422587552,0.0,-710.0224315160618,39.79379115796047,0.0,1.769577398758072,-2625.3594979847317
L16_WC_SC,strict,output,output_slow,16,240,-377.15328914269213,-0.12088246446881158,-39.79379115796047,-749.8162226740222,0.0,-30.56304441851199,1.785800721285658,-3497.1532891426923
L16_WC_SC,strict,output,history,4,252,-2470.9140857383854,-0.7542472789189211,0.0,0.0,-189.03745184139188,0.0,2.5558834074678196,-4758.914085738385
L16_WC_SC,strict,output,output_slow,4,252,-2281.876633896993,-0.6965435390405962,189.03745184139188,189.03745184139188,0.0,130.39805905070602,2.5087042565274906,-5401.876633896993
L16_WC_SC,strict,output,history,64,192,-208.77142266597212,-0.08364239690143115,0.0,-514.1790201176475,135.29602752638937,0.0,1.7631192396755175,-2496.7714226659723
L16_WC_SC,strict,output,output_slow,64,192,-344.06745019236155,-0.13784753613476022,-135.29602752638937,-649.4750476440367,0.0,-123.06894184165486,1.837165655388526,-3464.0674501923613
L16_WC_SC,strict,state_to_output,decoder_control,8,31,-6601.674862316802,-16.381327201778667,-6588.117639268363,-6516.392042457826,-6442.554062383426,-7091.352009805927,91.53026398769725,-9721.674862316802
L16_WC_SC,strict,state_to_output,field_coarse,8,31,-7018.337748545027,-17.41523014527302,-7004.780525496589,-6933.054928686052,-6859.216948611653,-7066.268720729127,50.484205818969556,-10138.337748545027
L16_WC_SC,strict,state_to_output,field_fine,8,31,-24.768566515417135,-0.06146046281741224,-11.211343466978368,60.514253343558096,134.35223341795825,-15.113644812042187,1.877725166696969,-3144.768566515417
L16_WC_SC,strict,state_to_output,field_meso,8,31,-44.77531567554878,-0.1111050016762997,-31.21809262711001,40.507504183426455,114.34548425782661,-36.9464790372943,2.0602626744344543,-3164.775315675549
L16_WC_SC,strict,state_to_output,gru,8,31,-3035.1602550363973,-7.531415024904212,-3021.6030319879583,-2949.8774351774227,-2876.039455103022,-3765.0502205332004,14.338814998381562,-6155.160255036397
L16_WC_SC,strict,state_to_output,gru+field_coarse,8,31,-8774.415914720674,-21.772744205262217,-8760.858691672234,-8689.1330948617,-8615.2951147873,-9258.771733881154,74.35299314396234,-12726.415914720674
L16_WC_SC,strict,state_to_output,history,8,31,-13.557223048438765,-0.03364075198123763,0.0,71.72559681053647,145.56357688493662,0.0,1.880671887697896,-2301.5572230484386
L16_WC_SC,strict,state_to_output,host,8,31,-318.7710299409686,-0.7909951115160512,-305.2138068925298,-233.48821008199337,-159.6502300075932,-314.77760882353533,3.004397773878759,-3438.7710299409687
L16_WC_SC,strict,state_to_output,host+field_coarse,8,31,-5944.934242432151,-14.751697872040078,-5931.377019383713,-5859.651422573175,-5785.813442498777,-6289.108235628988,42.91398102584713,-9896.934242432151
L16_WC_SC,strict,state_to_output,morphic_delta_l01,8,31,-4835.907680150542,-11.999770918487696,-4822.350457102102,-4750.624860291566,-4676.786880217166,-7049.585711743319,34.4638939473392,-7955.907680150542
L16_WC_SC,strict,state_to_output,morphic_delta_l01+morphic_delta_l16,8,31,-6180.847157313639,-15.33708972038124,-6167.2899342652,-6095.564337454665,-6021.726357380264,-7676.678635745831,50.94842267141243,-10132.84715731364
L16_WC_SC,strict,state_to_output,morphic_delta_l08,8,31,-2195.670683207004,-5.448314350389588,-2182.1134601585654,-2110.387863348029,-2036.549883273629,-3201.6686626804158,15.134367588947296,-5315.670683207004
L16_WC_SC,strict,state_to_output,morphic_delta_l16,8,31,-3070.649924016531,-7.619478719643997,-3057.092700968092,-2985.3671041575553,-2911.5291240831552,-5584.786008598601,20.445673843300302,-6190.64992401653
L16_WC_SC,strict,state_to_output,morphic_output,8,31,-5011.476024662912,-12.435424378816158,-4997.9188016144735,-4926.193204803937,-4852.355224729537,-7136.136699178757,37.975203452550815,-8131.476024662912
L16_WC_SC,strict,state_to_output,motif,8,31,-4046.6149879495642,-10.041228257939366,-4033.0577649011257,-3961.332168090589,-3887.4941880161887,-6469.366200516043,26.520552138382197,-7166.614987949564
L16_WC_SC,strict,state_to_output,motif+gru,8,31,-4893.783204211175,-12.14338264072252,-4880.2259811627355,-4808.500384352199,-4734.662404277799,-6182.760579090698,31.19577236819289,-8845.783204211175
L16_WC_SC,strict,state_to_output,output_slow,8,31,-159.1207999333754,-0.39484069462376026,-145.56357688493662,-73.83798007440015,0.0,-161.43192920990344,2.4389505004681835,-3279.1207999333756
L16_WC_SC,strict,state_to_output,synthesis_phase,8,31,-78.38787027674087,-0.1945108443591585,-64.8306472283021,6.894949582234369,80.73292965663452,-57.27627554331488,2.048110652127319,-3198.387870276741
L16_WC_SC,strict,state_to_output,decoder_control,128,16,-3339.2811722303177,-16.05423640495345,-3314.4503304003943,-3258.646156866254,-3208.464008787062,-3502.503489567112,68.65098355602315,-6459.281172230318
L16_WC_SC,strict,state_to_output,field_coarse,128,16,-2972.312272236209,-14.289962847289466,-2947.481430406286,-2891.6772568721462,-2841.495108792953,-3074.616638033285,41.41601087978651,-6092.3122722362095
L16_WC_SC,strict,state_to_output,field_fine,128,16,-129.11401389984692,-0.6207404514415718,-104.28317206992372,-48.478998535783475,1.703149543409051,-57.45069579014752,1.8865935446606152,-3249.114013899847
L16_WC_SC,strict,state_to_output,field_meso,128,16,-30.076914552391855,-0.14460055073265315,-5.246072722468678,50.55810081167158,100.74024889086411,4.35609599452305,1.5476415373380794,-3150.076914552392
L16_WC_SC,strict,state_to_output,gru,128,16,-829.5223738184312,-3.988088335665535,-804.6915319885079,-748.8873584543677,-698.7052103751753,-963.3534368177525,13.609595130211524,-3949.5223738184313
L16_WC_SC,strict,state_to_output,gru+field_coarse,128,16,-2450.102648480979,-11.779339656158553,-2425.2718066510556,-2369.4676331169153,-2319.285485037723,-2984.4869017589053,43.140766834134816,-6402.102648480979
L16_WC_SC,strict,state_to_output,history,128,16,-24.83084182992318,-0.11937904725924606,0.0,55.80417353414026,105.98632161333279,0.0,1.7054872355613442,-2312.830841829923
L16_WC_SC,strict,state_to_output,host,128,16,-40.46230998313121,-0.1945303364573616,-15.631468153208022,40.17270538093224,90.35485346012476,-20.776640234238137,1.8664018866775491,-3160.462309983131
L16_WC_SC,strict,state_to_output,host+field_coarse,128,16,-2957.1537281114224,-14.217085231304916,-2932.322886281499,-2876.518712747359,-2826.336564668166,-3015.9557730554634,39.3366006803514,-6909.153728111422
L16_WC_SC,strict,state_to_output,morphic_delta_l01,128,16,-1005.7783546000286,-4.835472858653984,-980.9475127701054,-925.1433392359652,-874.9611911567727,-1814.768747145179,21.403010496657355,-4125.778354600028
L16_WC_SC,strict,state_to_output,morphic_delta_l01+morphic_delta_l16,128,16,-1806.737655636131,-8.68623872901986,-1781.906813806208,-1726.1026402720677,-1675.9204921928751,-2763.928262797724,32.07307539057445,-5758.7376556361305
L16_WC_SC,strict,state_to_output,morphic_delta_l08,128,16,-1349.1983696799498,-6.486530623461297,-1324.3675278500264,-1268.5633543158863,-1218.3812062366937,-1968.4044992072681,22.289418641034647,-4469.19836967995
L16_WC_SC,strict,state_to_output,morphic_delta_l16,128,16,-1256.3006376021299,-6.039906911548702,-1231.469795772207,-1175.6656222380666,-1125.4834741588738,-1790.934216974525,19.77288571702475,-4376.300637602129
L16_WC_SC,strict,state_to_output,morphic_output,128,16,-1990.5998270602927,-9.570191476251408,-1965.7689852303697,-1909.9648116962294,-1859.7826636170369,-2777.3964957815406,42.93459849039038,-5110.599827060292
L16_WC_SC,strict,state_to_output,motif,128,16,-1060.823634980931,-5.100113629716015,-1035.9927931510078,-980.1886196168675,-930.006471537675,-1561.3836311571545,17.077757942213903,-4180.823634980931
L16_WC_SC,strict,state_to_output,motif+gru,128,16,-983.5185878653537,-4.728454749352662,-958.6877460354303,-902.8835725012901,-852.7014244220976,-1845.184836962966,26.428129393721616,-4935.518587865354
L16_WC_SC,strict,state_to_output,output_slow,128,16,-130.81716344325596,-0.628928670400269,-105.98632161333279,-50.182148079192515,0.0,-64.869344752188,2.1794098034227463,-3250.817163443256
L16_WC_SC,strict,state_to_output,synthesis_phase,128,16,-0.10763994777446628,-0.0005174997489157033,24.723201882148715,80.52737541628898,130.7095234954815,12.803532476919045,1.6719751571946224,-3120.1076399477743
L16_WC_SC,strict,state_to_output,decoder_control,16,30,-3620.3517975582117,-9.282953327072338,-3562.187009930196,-3553.696847665102,-3416.9968527342726,-4477.044703837325,35.55326831054685,-6740.351797558212
L16_WC_SC,strict,state_to_output,field_coarse,16,30,-1928.5622452642508,-4.945031398113463,-1870.3974576362352,-1861.9072953711411,-1725.2073004403117,-2122.555072828386,10.514209146247282,-5048.562245264251
L16_WC_SC,strict,state_to_output,field_fine,16,30,-36.0248737025289,-0.09237147103212538,22.139913925486738,30.630076190581036,167.33007112141007,25.663855657432556,2.0563738783634906,-3156.024873702529
L16_WC_SC,strict,state_to_output,field_meso,16,30,-121.7265354105117,-0.3121193215654146,-63.561747782496056,-55.07158551740176,81.62840941342729,-64.56619015717719,2.472807284989825,-3241.7265354105116
L16_WC_SC,strict,state_to_output,gru,16,30,-3306.7630262237712,-8.478879554419926,-3248.598238595756,-3240.1080763306613,-3103.4080813998326,-4757.312709188034,24.768939791480104,-6426.763026223771
L16_WC_SC,strict,state_to_output,gru+field_coarse,16,30,-3944.327891123902,-10.113661259292057,-3886.1631034958864,-3877.6729412307923,-3740.972946299963,-5476.842601018326,26.068880112668815,-7896.327891123902
L16_WC_SC,strict,state_to_output,history,16,30,-58.16478762801563,-0.149140481097476,0.0,8.490162265094295,145.19015719592335,0.0,2.1816260522830286,-2346.164787628016
L16_WC_SC,strict,state_to_output,host,16,30,-349.09312408341344,-0.895110574572855,-290.92833645539787,-282.4381741903036,-145.73817925947452,-267.01082800574517,3.3813701395285523,-3469.0931240834134
L16_WC_SC,strict,state_to_output,host+field_coarse,16,30,-3507.4426198335264,-8.99344261495776,-3449.277832205511,-3440.787669940417,-3304.0876750095877,-3531.018784159944,17.840734836191018,-7459.442619833526
L16_WC_SC,strict,state_to_output,morphic_delta_l01,16,30,-2447.9789827379245,-6.276869186507499,-2389.814195109909,-2381.324032844815,-2244.624037913986,-3380.9274438950933,20.44972469735558,-5567.9789827379245
L16_WC_SC,strict,state_to_output,morphic_delta_l01+morphic_delta_l16,16,30,-4337.107780420556,-11.120789180565529,-4278.94299279254,-4270.452830527445,-4133.752835596617,-6735.474540954555,47.46046924994484,-8289.107780420556
L16_WC_SC,strict,state_to_output,morphic_delta_l08,16,30,-2427.539284697203,-6.224459704351803,-2369.374497069188,-2360.8843348040928,-2224.184339873264,-3899.2224009647334,19.65164789523451,-5547.539284697203
L16_WC_SC,strict,state_to_output,morphic_delta_l16,16,30,-3447.7676564535377,-8.840429888342404,-3389.602868825522,-3381.112706560428,-3244.412711629598,-5693.81313847992,33.930897772787105,-6567.767656453538
L16_WC_SC,strict,state_to_output,morphic_output,16,30,-4446.776981509577,-11.401992260280966,-4388.612193881561,-4380.122031616467,-4243.422036685638,-6883.612023142318,43.17434491881089,-7566.776981509577
L16_WC_SC,strict,state_to_output,motif,16,30,-2942.933264117593,-7.545982728506648,-2884.768476489577,-2876.278314224483,-2739.5783192936537,-5180.780279629152,26.130579083304482,-6062.933264117593
L16_WC_SC,strict,state_to_output,motif+gru,16,30,-2770.418074474642,-7.1036360883965175,-2712.2532868466265,-2703.763124581532,-2567.0631296507026,-3145.332571248169,25.512319953609488,-6722.418074474642
L16_WC_SC,strict,state_to_output,output_slow,16,30,-203.354944823939,-0.5214229354459975,-145.19015719592335,-136.69999493082906,0.0,-205.31579624717085,3.0857939365145928,-3323.354944823939
L16_WC_SC,strict,state_to_output,synthesis_phase,16,30,-52.296000826658386,-0.1340923098119446,5.868786801357243,14.358949066451544,151.0589439972806,-4.02559276131149,2.1436767478700887,-3172.296000826658
L16_WC_SC,strict,state_to_output,decoder_control,64,24,-2807.7444849071608,-8.999181041369106,-2671.3147705764086,-2830.942184057851,-2687.174617340199,-3472.718256162405,29.381387782779175,-5927.744484907161
L16_WC_SC,strict,state_to_output,field_coarse,64,24,-3279.4141100418856,-10.51094266039066,-3142.984395711133,-3302.611809192576,-3158.8442424749232,-3423.5822578687003,20.36726403415837,-6399.414110041886
L16_WC_SC,strict,state_to_output,field_fine,64,24,-180.09282913680283,-0.5772206062077014,-43.663114806050004,-203.29052828749286,-59.52296156984044,-75.85058538215866,2.723196912982454,-3300.0928291368027
L16_WC_SC,strict,state_to_output,field_meso,64,24,-45.96923225318339,-0.1473372828627673,90.46048207756945,-69.16693140387339,74.60063531377901,78.07516194680107,1.9928660922786274,-3165.9692322531832
L16_WC_SC,strict,state_to_output,gru,64,24,-1946.5922909316055,-6.2390778555500175,-1810.1625766008524,-1969.7899900822952,-1826.0224233646427,-3026.5422440800694,18.819651064506644,-5066.592290931605
L16_WC_SC,strict,state_to_output,gru+field_coarse,64,24,-2892.479480943315,-9.27076756712601,-2756.0497666125625,-2915.677180094005,-2771.9096133763524,-4587.579434062369,35.45344855494439,-6844.479480943315
L16_WC_SC,strict,state_to_output,history,64,24,-136.42971433075286,-0.4372747254190797,0.0,-159.62741348144283,-15.859846763790433,0.0,2.2643978327770427,-2424.429714330753
L16_WC_SC,strict,state_to_output,host,64,24,-795.8872903493583,-2.5509208024017895,-659.4575760186056,-819.0849895000483,-675.317422782396,-641.4211707102835,5.090912798734912,-3915.8872903493584
L16_WC_SC,strict,state_to_output,host+field_coarse,64,24,-3044.12919257897,-9.756824335189007,-2907.6994782482175,-3067.3268917296605,-2923.5593250120082,-2949.6475702346033,21.797046905995337,-6996.12919257897
L16_WC_SC,strict,state_to_output,morphic_delta_l01,64,24,-405.72347607254903,-1.3003957566427853,-269.29376174179623,-428.92117522323906,-285.1536085055867,-849.4279068584835,6.3767263061490524,-3525.723476072549
L16_WC_SC,strict,state_to_output,morphic_delta_l01+morphic_delta_l16,64,24,-1605.841719150465,-5.146928587020721,-1469.4120048197124,-1629.0394183011551,-1485.2718515835027,-3886.991841645192,27.760118415928947,-5557.841719150465
L16_WC_SC,strict,state_to_output,morphic_delta_l08,64,24,-3106.9943332241537,-9.958315170590236,-2970.5646188934006,-3130.1920323748436,-2986.424465657191,-4574.39333387548,40.22427155886906,-6226.994333224154
L16_WC_SC,strict,state_to_output,morphic_delta_l16,64,24,-2634.2101395435056,-8.442981216485595,-2497.7804252127526,-2657.407838694195,-2513.6402719765433,-5338.3157787950895,38.38121383915655,-5754.210139543506
L16_WC_SC,strict,state_to_output,morphic_output,64,24,-3620.675800680654,-11.604730130386711,-3484.2460863499014,-3643.8734998313444,-3500.105933113692,-4791.6911401704465,63.590053631849024,-6740.675800680654
L16_WC_SC,strict,state_to_output,motif,64,24,-2570.671991743776,-8.239333306871076,-2434.2422774130237,-2593.869690894466,-2450.102124176814,-4000.4331039677886,34.45048822551372,-5690.671991743776
L16_WC_SC,strict,state_to_output,motif+gru,64,24,-2019.7686552559335,-6.473617484794659,-1883.3389409251809,-2042.9663544066234,-1899.1987876889712,-3180.9483052383735,33.99228134003062,-5971.7686552559335
L16_WC_SC,strict,state_to_output,output_slow,64,24,-120.56986756696242,-0.38644188322744366,15.859846763790433,-143.76756671765241,0.0,23.739827926129728,2.2199971156490625,-3240.5698675669623
L16_WC_SC,strict,state_to_output,synthesis_phase,64,24,-90.47040555963977,-0.289969248588589,45.95930877111308,-113.66810471032976,30.09946200732264,38.56700082967827,2.170027434815322,-3210.47040555964
L16_WC_SC,strict_matched_suffix,output,history,1,127,-55.26441825867611,-0.03347329997497039,0.0,0.0,6.738450484746579,0.0,1.5723957211195776,-2343.264418258676
L16_WC_SC,strict_matched_suffix,output,output_slow,1,127,-62.00286874342268,-0.03755473576221846,-6.738450484746579,-6.738450484746579,0.0,-19.045551377437718,1.590691932343538,-3182.002868743423
L16_WC_SC,strict_matched_suffix,output,history,16,112,-191.37499697584283,-0.1314388715493426,0.0,-375.6525425218341,14.734599393626334,0.0,1.8530012825794233,-2479.374996975843
L16_WC_SC,strict_matched_suffix,output,output_slow,16,112,-206.10959636946916,-0.14155878871529476,-14.734599393626334,-390.3871419154604,0.0,-9.088474112794522,1.8629680399952822,-3326.1095963694693
L16_WC_SC,strict_matched_suffix,output,history,4,124,-1192.8067320386053,-0.7399545484110455,0.0,0.0,-117.76380236945832,0.0,2.5718303245007914,-3480.8067320386053
L16_WC_SC,strict_matched_suffix,output,output_slow,4,124,-1075.042929669147,-0.6669000804399176,117.76380236945832,117.76380236945832,0.0,90.52535327802275,2.4986539344198504,-4195.042929669147
L16_WC_SC,strict_matched_suffix,output,history,64,64,-29.171845988052944,-0.03506231488948671,0.0,-135.39007768321449,59.90061433285956,0.0,1.754985142177456,-2317.171845988053
L16_WC_SC,strict_matched_suffix,output,output_slow,64,64,-89.07246032091248,-0.10705824557801981,-59.90061433285956,-195.29069201607405,0.0,-54.80563558380828,1.8521239234217874,-3209.0724603209123
L16_WC_SC,strict_matched_suffix,state_to_output,decoder_control,8,15,-3216.4774508620167,-16.494756158266753,-3211.1800594259767,-3174.8175686998784,-3133.3356596258136,-3451.5846378778506,92.46607710660929,-6336.477450862017
L16_WC_SC,strict_matched_suffix,state_to_output,field_coarse,8,15,-3478.3026676340237,-17.83744957761038,-3473.0052761979828,-3436.642785471886,-3395.160876397821,-3504.4239216860456,51.10579483295268,-6598.302667634023
L16_WC_SC,strict_matched_suffix,state_to_output,field_fine,8,15,-8.286384094830694,-0.04249427740938817,-2.9889926587898157,33.37349806730748,74.85540714137235,-6.272216672010481,1.749531847547027,-3128.2863840948307
L16_WC_SC,strict_matched_suffix,state_to_output,field_meso,8,15,-23.839490418028074,-0.12225379701552859,-18.5420989819872,17.820391744110097,59.30230081817498,-20.684457344786328,1.969730896960872,-3143.839490418028
L16_WC_SC,strict_matched_suffix,state_to_output,gru,8,15,-1473.4421400562806,-7.556113538750156,-1468.1447486202396,-1431.7822578941423,-1390.3003488200775,-1837.629617099311,14.249816037120874,-4593.442140056281
L16_WC_SC,strict_matched_suffix,state_to_output,gru+field_coarse,8,15,-4348.206021969132,-22.298492420354524,-4342.908630533092,-4306.546139806995,-4265.064230732931,-4586.734656511475,74.83882335080162,-8300.206021969132
L16_WC_SC,strict_matched_suffix,state_to_output,history,8,15,-5.297391436040879,-0.027166109928414766,0.0,36.362490726097306,77.84439980016217,0.0,1.7760796228219167,-2293.297391436041
L16_WC_SC,strict_matched_suffix,state_to_output,host,8,15,-240.59647532598262,-1.2338280785947826,-235.29908388994178,-198.93659316384446,-157.4546840897796,-245.17715428638965,3.562606108052547,-3360.5964753259827
L16_WC_SC,strict_matched_suffix,state_to_output,host+field_coarse,8,15,-2959.8565034705325,-15.178751299848885,-2954.5591120344916,-2918.1966213083942,-2876.7147122343295,-3111.5213101789122,43.511956164492354,-6911.8565034705325
L16_WC_SC,strict_matched_suffix,state_to_output,morphic_delta_l01,8,15,-2322.4620001660123,-11.910061539312883,-2317.1646087299714,-2280.802118003874,-2239.3202089298093,-3394.9842419084334,33.804953420711264,-5442.462000166012
L16_WC_SC,strict_matched_suffix,state_to_output,morphic_delta_l01+morphic_delta_l16,8,15,-3034.5175932912207,-15.561628683544722,-3029.2202018551798,-2992.8577111290824,-2951.3758020550176,-3733.209648762265,50.49987532614531,-6986.517593291221
L16_WC_SC,strict_matched_suffix,state_to_output,morphic_delta_l08,8,15,-1063.1403074369523,-5.452001576599756,-1057.8429160009114,-1021.4804252748141,-979.9985162007492,-1535.1671032500294,14.891118570222133,-4183.140307436952
L16_WC_SC,strict_matched_suffix,state_to_output,morphic_delta_l16,8,15,-1488.2215336628515,-7.631905300835136,-1482.9241422268108,-1446.5616515007132,-1405.0797424266482,-2707.5889441614213,20.57895985121339,-4608.2215336628515
L16_WC_SC,strict_matched_suffix,state_to_output,morphic_output,8,15,-2422.7663318024497,-12.42444272719205,-2417.4689403664083,-2381.1064496403114,-2339.624540566246,-3465.767834873417,37.37948094918923,-5542.76633180245
L16_WC_SC,strict_matched_suffix,state_to_output,motif,8,15,-2040.6598553937388,-10.464922335352506,-2035.3624639576979,-1998.9999732316005,-1957.5180641575357,-3240.7169563480484,26.904698399828032,-5160.659855393738
L16_WC_SC,strict_matched_suffix,state_to_output,motif+gru,8,15,-2309.7694403438227,-11.844971488942681,-2304.4720489077818,-2268.1095581816844,-2226.6276491076196,-2913.974233979463,30.009750325016796,-6261.769440343823
L16_WC_SC,strict_matched_suffix,state_to_output,output_slow,8,15,-83.14179123620305,-0.42636816018565665,-77.84439980016217,-41.481909074064866,0.0,-85.28570721880455,2.3895040435536252,-3203.141791236203
L16_WC_SC,strict_matched_suffix,state_to_output,synthesis_phase,8,15,-43.01919945446902,-0.22061127925368726,-37.721808018428135,-1.3593172923308328,40.122591781734045,-34.17274196008996,2.018452965649664,-3163.019199454469
L16_WC_SC,strict_matched_suffix,state_to_output,decoder_control,16,14,-1774.2085134243218,-9.74839842540836,-1734.0361276520184,-1739.205510552196,-1647.8156570141764,-2180.634694119533,35.77889947519819,-4894.208513424322
L16_WC_SC,strict_matched_suffix,state_to_output,field_coarse,16,14,-887.4235967291843,-4.875953828182332,-847.251210956881,-852.4205938570587,-761.0307403190392,-956.4836258620214,10.530987598038637,-4007.4235967291843
L16_WC_SC,strict_matched_suffix,state_to_output,field_fine,16,14,-23.08524189728258,-0.12684198844660757,17.08714387502078,11.917760974842958,103.30761451286256,19.806025721129288,2.0907924419991595,-3143.0852418972827
L16_WC_SC,strict_matched_suffix,state_to_output,field_meso,16,14,-77.64356225758775,-0.4266129794372953,-37.47117648528439,-42.640559385462225,48.74929415255739,-36.1637378857764,2.6103740208339796,-3197.6435622575877
L16_WC_SC,strict_matched_suffix,state_to_output,gru,16,14,-1644.2666348746438,-9.03443205975079,-1604.0942491023407,-1609.2636320025185,-1517.8737784644989,-2332.29300243983,25.900898433694227,-4764.266634874644
L16_WC_SC,strict_matched_suffix,state_to_output,gru+field_coarse,16,14,-1922.633194115712,-10.563918648987428,-1882.4608083434084,-1887.6301912435863,-1796.2403377055666,-2634.1971610779287,27.017958728101707,-5874.633194115712
L16_WC_SC,strict_matched_suffix,state_to_output,history,16,14,-40.17238577230335,-0.22072739435331512,0.0,-5.169382900177822,86.22047063784177,0.0,2.276454326183125,-2328.172385772303
L16_WC_SC,strict_matched_suffix,state_to_output,host,16,14,-245.0918710477699,-1.3466586321306038,-204.91948527546654,-210.08886817564436,-118.6990146376248,-189.3328892022834,4.1773867238131235,-3365.09187104777
L16_WC_SC,strict_matched_suffix,state_to_output,host+field_coarse,16,14,-1841.0404699724727,-10.11560697787073,-1800.8680842001695,-1806.0374671003474,-1714.6476135623275,-1821.152278590529,21.137546944618748,-5793.040469972473
L16_WC_SC,strict_matched_suffix,state_to_output,morphic_delta_l01,16,14,-1208.2634927693593,-6.638810399831645,-1168.091106997056,-1173.260489897234,-1081.8706363592141,-1640.7577147152904,20.768135446996876,-4328.26349276936
L16_WC_SC,strict_matched_suffix,state_to_output,morphic_delta_l01+morphic_delta_l16,16,14,-2149.2538582846714,-11.80908713343226,-2109.0814725123682,-2114.250855412546,-2022.8610018745264,-3259.469205424186,48.899378858622796,-6101.253858284672
L16_WC_SC,strict_matched_suffix,state_to_output,morphic_delta_l08,16,14,-1106.3459639301077,-6.0788239776379545,-1066.1735781578047,-1071.3429610579824,-979.9531075199629,-1739.769133309801,19.251604719662968,-4226.345963930107
L16_WC_SC,strict_matched_suffix,state_to_output,morphic_delta_l16,16,14,-1658.073998342325,-9.110296694188598,-1617.9016125700214,-1623.0709954701993,-1531.6811419321798,-2731.2520686334283,34.925006094886285,-4778.073998342325
L16_WC_SC,strict_matched_suffix,state_to_output,morphic_output,16,14,-2038.5088633834894,-11.200598150458733,-1998.3364776111862,-2003.505860511364,-1912.1160069733444,-3179.1924463568453,42.202271377483235,-5158.508863383489
L16_WC_SC,strict_matched_suffix,state_to_output,motif,16,14,-1370.9924015479485,-7.532925283230486,-1330.820015775645,-1335.989398675823,-1244.5995451378035,-2413.759626024558,25.511340395414095,-4490.992401547948
L16_WC_SC,strict_matched_suffix,state_to_output,motif+gru,16,14,-1361.7331197053506,-7.4820501082711575,-1321.5607339330475,-1326.7301168332249,-1235.3402632952057,-1534.2539792196626,26.12064485599539,-5313.733119705351
L16_WC_SC,strict_matched_suffix,state_to_output,output_slow,16,14,-126.39285641014514,-0.6944662440117865,-86.22047063784177,-91.38985353801961,0.0,-119.16329573038544,3.386254855175073,-3246.392856410145
L16_WC_SC,strict_matched_suffix,state_to_output,synthesis_phase,16,14,-30.4031974932594,-0.16705053567724945,9.76918827904396,4.59980537886614,95.98965891688574,6.550600394661764,2.1704264360016827,-3150.4031974932595
L16_WC_SC,strict_matched_suffix,state_to_output,decoder_control,64,8,-922.6543801743526,-8.871676732445698,-881.8327699580376,-930.3326533597965,-887.0081062321655,-1163.9328750974455,29.884618807838116,-4042.654380174353
L16_WC_SC,strict_matched_suffix,state_to_output,field_coarse,64,8,-1098.9288929628458,-10.566623970796595,-1058.107282746531,-1106.6071661482897,-1063.2826190206588,-1145.9137491887514,20.221972849121222,-4218.928892962846
L16_WC_SC,strict_matched_suffix,state_to_output,field_fine,64,8,-62.35997317359868,-0.5996151266692181,-21.538362957283667,-70.03824635904262,-26.713699231411592,-29.818551112597135,2.702804324566763,-3182.3599731735985
L16_WC_SC,strict_matched_suffix,state_to_output,field_meso,64,8,-14.2853020095514,-0.13735867316876346,26.536308206763614,-21.963575194995332,21.360971932635692,25.461637923085622,1.9309061631188142,-3134.2853020095513
L16_WC_SC,strict_matched_suffix,state_to_output,gru,64,8,-653.2440708196143,-6.281192988650138,-612.4224606032994,-660.9223440050582,-617.5977968774272,-1006.5784044158914,17.983018959774338,-3773.2440708196145
L16_WC_SC,strict_matched_suffix,state_to_output,gru+field_coarse,64,8,-963.033120339852,-9.259933849421653,-922.2115101235369,-970.7113935252959,-927.3868463976648,-1534.5053455426068,34.657388932521926,-4915.033120339852
L16_WC_SC,strict_matched_suffix,state_to_output,history,64,8,-40.82161021631501,-0.39251548284918275,0.0,-48.49988340175896,-5.1753362741279245,0.0,2.2082948294223126,-2328.821610216315
L16_WC_SC,strict_matched_suffix,state_to_output,host,64,8,-541.4294110098779,-5.206052028941134,-500.60780079356294,-549.1076841953218,-505.78313706769086,-488.35885189161445,8.728839670804112,-3661.429411009878
L16_WC_SC,strict_matched_suffix,state_to_output,host+field_coarse,64,8,-969.5508282317833,-9.3226041176133,-928.7292180154682,-977.2291014172271,-933.9045542895961,-951.0214988794029,24.50091924630256,-4921.550828231783
L16_WC_SC,strict_matched_suffix,state_to_output,morphic_delta_l01,64,8,-128.8384320559835,-1.2388310774613798,-88.01682183966847,-136.51670524142742,-93.19215811379638,-275.6212485554695,6.073395596935663,-3248.8384320559835
L16_WC_SC,strict_matched_suffix,state_to_output,morphic_delta_l01+morphic_delta_l16,64,8,-536.6179720396599,-5.159788192689037,-495.7963618233449,-544.2962452251038,-500.97169809747277,-1312.898969161647,27.582748992215645,-4488.617972039659
L16_WC_SC,strict_matched_suffix,state_to_output,morphic_delta_l08,64,8,-1062.87243956352,-10.219927303495384,-1022.050829347205,-1070.5507127489639,-1027.2261656213327,-1612.256931999713,39.589143647350475,-4182.87243956352
L16_WC_SC,strict_matched_suffix,state_to_output,morphic_delta_l16,64,8,-900.1097417040614,-8.654901362539052,-859.2881314877465,-907.7880148895053,-864.4634677618744,-1824.6064855518953,38.74622760155526,-4020.1097417040614
L16_WC_SC,strict_matched_suffix,state_to_output,morphic_output,64,8,-1219.9089938138945,-11.729894171287448,-1179.0873835975794,-1227.5872669993385,-1184.2627198717073,-1660.6965394185895,62.92137522448381,-4339.908993813895
L16_WC_SC,strict_matched_suffix,state_to_output,motif,64,8,-891.0870459329135,-8.56814467243186,-850.2654357165985,-898.7653191183575,-855.4407719907265,-1386.0075671554996,34.75015843104147,-4011.0870459329135
L16_WC_SC,strict_matched_suffix,state_to_output,motif+gru,64,8,-699.4330107384644,-6.725317410946773,-658.6114005221494,-707.1112839239084,-663.7867367962774,-1136.2445956386728,33.16577299720314,-4651.433010738465
L16_WC_SC,strict_matched_suffix,state_to_output,output_slow,64,8,-35.646273942187094,-0.3427526340594913,5.1753362741279245,-43.32454712763102,0.0,7.349634753506345,2.19804137380882,-3155.6462739421872
L16_WC_SC,strict_matched_suffix,state_to_output,synthesis_phase,64,8,-28.039547053061547,-0.26961102935636105,12.78206316325347,-35.71782023850548,7.606726889125547,12.910892150695153,2.1155893701072035,-3148.0395470530616
L16_WC_SC,sigma_only_adapted,output,history,1,127,345.87860461580675,0.20949642920400166,0.0,0.0,13.660681498343866,0.0,1.5723957211195776,-1942.1213953841932
L16_WC_SC,sigma_only_adapted,output,output_slow,1,127,332.2179231174628,0.20122224295424762,-13.660681498343866,-13.660681498343866,0.0,-20.17925746478296,1.590691932343538,-2787.7820768825372
L16_WC_SC,sigma_only_adapted,output,history,16,112,203.99039963233645,0.14010329645078054,0.0,-165.45575114562723,16.857298768196358,0.0,1.8530012825794233,-2084.0096003676636
L16_WC_SC,sigma_only_adapted,output,output_slow,16,112,187.1331008641401,0.1285254813627336,-16.857298768196358,-182.3130499138236,0.0,-20.488272842959184,1.8629680399952822,-2932.86689913586
L16_WC_SC,sigma_only_adapted,output,history,4,124,58.81023710456772,0.03648277736015367,0.0,0.0,-15.19770370971617,0.0,2.5718303245007914,-2229.189762895432
L16_WC_SC,sigma_only_adapted,output,output_slow,4,124,74.0079408142839,0.045910633259481325,15.19770370971617,15.19770370971617,0.0,13.403776994990405,2.4986539344198504,-3045.9920591857162
L16_WC_SC,sigma_only_adapted,output,history,64,64,177.4032889727044,0.21322510693834662,0.0,-39.43679285845364,22.973459290337154,0.0,1.754985142177456,-2110.5967110272954
L16_WC_SC,sigma_only_adapted,output,output_slow,64,64,154.42982968236723,0.18561277606053753,-22.973459290337154,-62.410252148790796,0.0,-26.292905588173618,1.8521239234217874,-2965.570170317633
L16_WC_SC,sigma_only_adapted,state_to_output,decoder_control,8,15,-326.3540372574387,-1.6736104474740445,-359.98580758810925,-343.4917245418774,-319.15182149625764,-3246.5588317000374,92.46607710660929,-3446.354037257439
L16_WC_SC,sigma_only_adapted,state_to_output,field_coarse,8,15,-301.3919544802478,-1.5455997665653733,-335.0237248109184,-318.5296417646866,-294.1897387190668,-3225.137639824755,51.10579483295268,-3421.391954480248
L16_WC_SC,sigma_only_adapted,state_to_output,field_fine,8,15,18.513194140156415,0.09493945712900725,-15.118576190514167,1.375506855717663,25.715409901337416,-22.34682993437874,1.749531847547027,-3101.4868058598436
L16_WC_SC,sigma_only_adapted,state_to_output,field_meso,8,15,20.924186692517594,0.10730352150009023,-12.707583638152999,3.786499408078832,28.126402453698592,-23.54180938132592,1.969730896960872,-3099.0758133074823
L16_WC_SC,sigma_only_adapted,state_to_output,gru,8,15,-180.16051658017545,-0.9239000850265408,-213.79228691084606,-197.2982038646142,-172.95830081899445,-1503.3765432477142,14.249816037120874,-3300.1605165801757
L16_WC_SC,sigma_only_adapted,state_to_output,gru+field_coarse,8,15,-342.9891828724184,-1.7589188865252225,-376.6209532030889,-360.1268701568571,-335.7869671112373,-4157.396339943021,74.83882335080162,-4294.9891828724185
L16_WC_SC,sigma_only_adapted,state_to_output,history,8,15,33.63177033067059,0.17247061708036202,0.0,16.49408304623183,40.833986091851585,0.0,1.7760796228219167,-2254.3682296693296
L16_WC_SC,sigma_only_adapted,state_to_output,host,8,15,-88.75532016034335,-0.45515548800176076,-122.38709049101392,-105.8930074447821,-81.55310439916234,-235.80555798996915,3.562606108052547,-3208.755320160343
L16_WC_SC,sigma_only_adapted,state_to_output,host+field_coarse,8,15,-280.04350203568606,-1.4361205232599286,-313.6752723663567,-297.1811893201249,-272.8412862745051,-2597.5518146783256,43.511956164492354,-4232.043502035686
L16_WC_SC,sigma_only_adapted,state_to_output,morphic_delta_l01,8,15,-249.88934635924116,-1.281483827483288,-283.52111668991176,-267.02703364367994,-242.68713059806015,-3126.7578117397647,33.804953420711264,-3369.8893463592412
L16_WC_SC,sigma_only_adapted,state_to_output,morphic_delta_l01+morphic_delta_l16,8,15,-291.2119132559643,-1.4933944269536632,-324.8436835866349,-308.34960054040306,-284.00969749478327,-3639.133037859555,50.49987532614531,-4243.211913255965
L16_WC_SC,sigma_only_adapted,state_to_output,morphic_delta_l08,8,15,-134.7852981034319,-0.6912066569406764,-168.41706843410248,-151.92298538787065,-127.58308234225088,-1221.896790910475,14.891118570222133,-3254.785298103432
L16_WC_SC,sigma_only_adapted,state_to_output,morphic_delta_l16,8,15,-229.96937738345798,-1.1793301404279897,-263.6011477141285,-247.10706466789668,-222.76716162227694,-2545.0054808360946,20.57895985121339,-3349.969377383458
L16_WC_SC,sigma_only_adapted,state_to_output,morphic_output,8,15,-266.8169803852755,-1.368292207103977,-300.44875071594606,-283.95466766971424,-259.6147646240945,-3141.5530688643476,37.37948094918923,-3386.8169803852757
L16_WC_SC,sigma_only_adapted,state_to_output,motif,8,15,-244.29625503377378,-1.2528013078655065,-277.92802536444435,-261.43394231821253,-237.09403927259274,-2929.742812108546,26.904698399828032,-3364.296255033774
L16_WC_SC,sigma_only_adapted,state_to_output,motif+gru,8,15,-251.25926497372768,-1.2885090511473214,-284.8910353043982,-268.39695225816644,-244.05704921254667,-2733.6098969563873,30.009750325016796,-4203.259264973728
L16_WC_SC,sigma_only_adapted,state_to_output,output_slow,8,15,-7.202215761181006,-0.03693443980092823,-40.833986091851585,-24.339903045619764,0.0,-58.37572303918544,2.3895040435536252,-3127.202215761181
L16_WC_SC,sigma_only_adapted,state_to_output,synthesis_phase,8,15,9.743563837369813,0.04996699403779391,-23.888206493300775,-7.3941234470689405,16.945779598550814,-25.01908651599645,2.018452965649664,-3110.25643616263
L16_WC_SC,sigma_only_adapted,state_to_output,decoder_control,16,14,-178.7769721056634,-0.982291055525623,-183.95816350703498,-196.99479730890687,-141.31092133518104,-1830.3479824242222,35.77889947519819,-3298.7769721056634
L16_WC_SC,sigma_only_adapted,state_to_output,field_coarse,16,14,-102.98366388409802,-0.5658443070554836,-108.16485528546954,-121.2014890873414,-65.51761311361565,-1006.2596872316639,10.530987598038637,-3222.983663884098
L16_WC_SC,sigma_only_adapted,state_to_output,field_fine,16,14,15.589313728055693,0.08565556993437194,10.408122326684154,-2.6285114751877234,53.05536449853807,2.109546267385351,2.0907924419991595,-3104.410686271944
L16_WC_SC,sigma_only_adapted,state_to_output,field_meso,16,14,-17.302700416962054,-0.09506978251078052,-22.483891818333596,-35.520525620205476,20.163350353520322,-38.306629609587,2.6103740208339796,-3137.302700416962
L16_WC_SC,sigma_only_adapted,state_to_output,gru,16,14,-205.09647472190105,-1.1269037072631927,-210.27766612327258,-223.3142999251445,-167.6304239514187,-2218.0285866000127,25.900898433694227,-3325.096474721901
L16_WC_SC,sigma_only_adapted,state_to_output,gru+field_coarse,16,14,-217.9249129743267,-1.1973896317270698,-223.10610437569824,-236.1427381775701,-180.45886220384432,-2272.525452567691,27.017958728101707,-4169.924912974327
L16_WC_SC,sigma_only_adapted,state_to_output,history,16,14,5.181191401371537,0.028468084622920532,0.0,-13.036633801871877,42.64724217185392,0.0,2.276454326183125,-2282.8188085986285
L16_WC_SC,sigma_only_adapted,state_to_output,host,16,14,-112.57017641663892,-0.6185174528386753,-117.75136781801045,-130.78800161988232,-75.10412564615655,-275.5271982922575,4.1773867238131235,-3232.570176416639
L16_WC_SC,sigma_only_adapted,state_to_output,host+field_coarse,16,14,-211.21900481856653,-1.1605439825195962,-216.40019621993807,-229.43683002180995,-173.75295404808415,-1588.1134544572137,21.137546944618748,-4163.219004818567
L16_WC_SC,sigma_only_adapted,state_to_output,morphic_delta_l01,16,14,-156.28940534011798,-0.8587329963742746,-161.47059674148954,-174.5072305433614,-118.82335456963561,-1739.959121720389,20.768135446996876,-3276.289405340118
L16_WC_SC,sigma_only_adapted,state_to_output,morphic_delta_l01+morphic_delta_l16,16,14,-247.58589999187697,-1.3603620878674558,-252.76709139324853,-265.80372519512036,-210.11984922139453,-3282.228362863344,48.899378858622796,-4199.585899991877
L16_WC_SC,sigma_only_adapted,state_to_output,morphic_delta_l08,16,14,-187.61292228427197,-1.0308402323311647,-192.79411368564354,-205.8307474875154,-150.14687151378962,-1671.5975522126248,19.251604719662968,-3307.612922284272
L16_WC_SC,sigma_only_adapted,state_to_output,morphic_delta_l16,16,14,-219.95495170588222,-1.2085436906916607,-225.1361431072538,-238.17277690912567,-182.48890093539984,-2383.2127446454997,34.925006094886285,-3339.954951705882
L16_WC_SC,sigma_only_adapted,state_to_output,morphic_output,16,14,-248.7870105525518,-1.3669615964425923,-253.9682019539233,-267.00483575579517,-211.3209597820694,-3006.2417911526964,42.202271377483235,-3368.7870105525517
L16_WC_SC,sigma_only_adapted,state_to_output,motif,16,14,-204.26904052712086,-1.1223573655336312,-209.45023192849243,-222.4868657303643,-166.80298975663848,-2238.890300492359,25.511340395414095,-3324.269040527121
L16_WC_SC,sigma_only_adapted,state_to_output,motif+gru,16,14,-114.53891958526313,-0.6293347229959513,-119.72011098663468,-132.75674478850655,-77.07286881478078,-1638.2895318283295,26.12064485599539,-4066.538919585263
L16_WC_SC,sigma_only_adapted,state_to_output,output_slow,16,14,-37.466050770482376,-0.20585742181583722,-42.64724217185392,-55.68387597372579,0.0,-104.90849241510801,3.386254855175073,-3157.4660507704825
L16_WC_SC,sigma_only_adapted,state_to_output,synthesis_phase,16,14,3.6077359959062694,0.01982272525223225,-1.5734554054652685,-14.610089207337143,41.07378676638865,-9.48089323181235,2.1704264360016827,-3116.3922640040937
L16_WC_SC,sigma_only_adapted,state_to_output,decoder_control,64,8,-110.73858528945948,-1.0647940893217258,-102.75045858452596,-135.2660469994331,-108.02895609781521,-722.2316838860391,29.884618807838116,-3230.7385852894595
L16_WC_SC,sigma_only_adapted,state_to_output,field_coarse,64,8,-88.33653280380366,-0.8493897384981122,-80.34840609887016,-112.86399451377727,-85.62690361215942,-573.2419449322181,20.221972849121222,-3208.3365328038035
L16_WC_SC,sigma_only_adapted,state_to_output,field_fine,64,8,-17.369476376606585,-0.16701419592890948,-9.38134967167307,-41.89693808658018,-14.659847184962327,-12.380786522991412,2.702804324566763,-3137.3694763766066
L16_WC_SC,sigma_only_adapted,state_to_output,field_meso,64,8,1.2776733045793165,0.012285320236339582,9.265800009512834,-23.249788405394277,3.9873024962235735,7.93682128490259,1.9309061631188142,-3118.7223266954206
L16_WC_SC,sigma_only_adapted,state_to_output,gru,64,8,-105.85522270259301,-1.017838679832625,-97.8670959976595,-130.38268441256662,-103.14559351094876,-458.8242864944272,17.983018959774338,-3225.855222702593
L16_WC_SC,sigma_only_adapted,state_to_output,gru+field_coarse,64,8,-114.21190871310043,-1.098191429933658,-106.22378200816689,-138.739370423074,-111.50227952145616,-957.2492400738901,34.657388932521926,-4066.2119087131005
L16_WC_SC,sigma_only_adapted,state_to_output,history,64,8,-7.988126704933515,-0.07680891062436072,0.0,-32.51558841490711,-5.27849751328926,0.0,2.2082948294223126,-2295.9881267049336
L16_WC_SC,sigma_only_adapted,state_to_output,host,64,8,-142.5661077797122,-1.3708279594203097,-134.57798107477873,-167.09356948968582,-139.85647858806794,-220.55268697647185,8.728839670804112,-3262.566107779712
L16_WC_SC,sigma_only_adapted,state_to_output,host+field_coarse,64,8,-112.0039052001834,-1.0769606269248404,-104.01577849524989,-136.53136691015698,-109.29427600853913,-712.0900495362881,24.50091924630256,-4064.0039052001835
L16_WC_SC,sigma_only_adapted,state_to_output,morphic_delta_l01,64,8,-39.51441470167504,-0.37994629520841383,-31.52628799674152,-64.04187641164863,-36.80478551003078,-107.52619323272683,6.073395596935663,-3159.514414701675
L16_WC_SC,sigma_only_adapted,state_to_output,morphic_delta_l01+morphic_delta_l16,64,8,-113.57506479173723,-1.0920679306897811,-105.58693808680371,-138.10252650171083,-110.86543560009298,-830.8898898455304,27.582748992215645,-4065.575064791737
L16_WC_SC,sigma_only_adapted,state_to_output,morphic_delta_l08,64,8,-143.46077876091266,-1.3794305650087755,-135.47265205597913,-167.98824047088624,-140.7511495692684,-864.0822096036807,39.589143647350475,-3263.4607787609125
L16_WC_SC,sigma_only_adapted,state_to_output,morphic_delta_l16,64,8,-148.55128590693778,-1.428377749105171,-140.56315920200424,-173.07874761691133,-145.8416567152935,-1075.243912832283,38.74622760155526,-3268.5512859069377
L16_WC_SC,sigma_only_adapted,state_to_output,morphic_output,64,8,-134.52555337993712,-1.2935149363455491,-126.53742667500362,-159.05301508991073,-131.81592418829288,-1160.8694027839074,62.92137522448381,-3254.5255533799373
L16_WC_SC,sigma_only_adapted,state_to_output,motif,64,8,-108.77997880182912,-1.0459613346329724,-100.79185209689561,-133.30744051180272,-106.07034961018486,-787.6695460617832,34.75015843104147,-3228.779978801829
L16_WC_SC,sigma_only_adapted,state_to_output,motif+gru,64,8,-102.6655021978929,-0.9871682903643548,-94.67737549295938,-127.1929639078665,-99.95587300624864,-870.6622185602389,33.16577299720314,-4054.6655021978927
L16_WC_SC,sigma_only_adapted,state_to_output,output_slow,64,8,-2.7096291916442556,-0.026054126842733227,5.27849751328926,-27.23709090161785,0.0,3.5403426385529695,2.19804137380882,-3122.709629191644
L16_WC_SC,sigma_only_adapted,state_to_output,synthesis_phase,64,8,-4.690129381182967,-0.045097397895990064,3.2979973237505478,-29.217591091156564,-1.9805001895387115,3.6863176248765717,2.1155893701072035,-3124.690129381183
L16_WE_SP,strict,output,history,1,255,-33659.893245499436,-10.153813950376904,0.0,0.0,605.4977669650124,0.0,226.02464231394575,-35947.893245499436
L16_WE_SP,strict,output,output_slow,1,255,-34265.39101246445,-10.336467877063184,-605.4977669650124,-605.4977669650124,0.0,-910.1175435331429,224.45098375178034,-37385.39101246445
L16_WE_SP,strict,output,history,16,240,-11126.792129866813,-3.5662795288034657,0.0,-17587.444979392945,6677.63621024757,0.0,181.45868497604462,-13414.792129866813
L16_WE_SP,strict,output,output_slow,16,240,-17804.428340114384,-5.706547544908457,-6677.63621024757,-24265.081189640518,0.0,-6508.848060772643,187.2148927151064,-20924.428340114384
L16_WE_SP,strict,output,history,4,252,1628.3513694976925,0.49705475259392323,0.0,0.0,4851.2040687391745,0.0,189.16181448357202,-659.6486305023075
L16_WE_SP,strict,output,output_slow,4,252,-3222.8526992414827,-0.9837767702202328,-4851.2040687391745,-4851.2040687391745,0.0,-5042.75413171495,188.76698588414126,-6342.852699241483
L16_WE_SP,strict,output,history,64,192,-4170.2214026317815,-1.6707617799005534,0.0,-9311.656611040644,366.4453920621607,0.0,175.4462821729674,-6458.2214026317815
L16_WE_SP,strict,output,output_slow,64,192,-4536.666794693942,-1.8175748376177654,-366.4453920621607,-9678.102003102806,0.0,-380.889153173732,168.87489026434045,-7656.666794693942
L16_WE_SP,strict,state_to_output,decoder_control,8,31,-5723.357747187645,-14.201880265974305,-4432.3131393664935,-2562.253133548275,-4616.772000041577,-4746.5644472503645,240.07855984643936,-8843.357747187645
L16_WE_SP,strict,state_to_output,field_coarse,8,31,-5288.1336479588335,-13.121919721982216,-3997.089040137683,-2127.029034319464,-4181.547900812766,-4229.043856879087,287.49029031450027,-8408.133647958834
L16_WE_SP,strict,state_to_output,field_fine,8,31,-5103.980452136322,-12.664963901082686,-3812.935844315171,-1942.8758384969524,-3997.394704990254,-3795.2656599201564,281.1384804133176,-8223.980452136322
L16_WE_SP,strict,state_to_output,field_meso,8,31,-1366.9504955912735,-3.391936713625989,-75.90588777012235,1794.1541180480967,-260.3647484452053,-60.098180717637774,185.14136511906855,-4486.9504955912735
L16_WE_SP,strict,state_to_output,gru,8,31,-951.8264716292931,-2.361852286921323,339.218136191858,2209.278142010077,154.75927551677512,-90.20329536013239,147.27977064498498,-4071.8264716292933
L16_WE_SP,strict,state_to_output,gru+field_coarse,8,31,-2586.651265837803,-6.418489493394052,-1295.6066580166519,574.4533478015674,-1480.0655186917347,-1507.0136030125645,219.8770718382007,-6538.651265837803
L16_WE_SP,strict,state_to_output,history,8,31,-1291.0446078211512,-3.2035846347919383,0.0,1870.060005818219,-184.45886067508286,0.0,185.59978004399446,-3579.044607821151
L16_WE_SP,strict,state_to_output,host,8,31,-2403.3728930572056,-5.963704449273463,-1112.3282852360544,757.7317205821646,-1296.7871459111373,-1053.8516377190072,169.1223840210003,-5523.372893057205
L16_WE_SP,strict,state_to_output,host+field_coarse,8,31,-3840.10382962658,-9.528793621902183,-2549.059221805429,-678.99921598721,-2733.518082480512,-2627.8892814090523,220.87008625957492,-7792.10382962658
L16_WE_SP,strict,state_to_output,morphic_delta_l01,8,31,-5035.836696787377,-12.495872696742872,-3744.7920889662264,-1874.7320831480074,-3929.250949641309,-5043.64650877334,296.78518158267394,-8155.836696787377
L16_WE_SP,strict,state_to_output,morphic_delta_l01+morphic_delta_l16,8,31,-3929.3065432889225,-9.750140305927847,-2638.2619354677713,-768.2019296495524,-2822.7207961428544,-3159.6087308522274,272.33359287327033,-7881.3065432889225
L16_WE_SP,strict,state_to_output,morphic_delta_l08,8,31,-3661.5294198737256,-9.085680942614704,-2370.4848120525744,-500.42480623435574,-2554.9436727276575,-2982.934174943936,213.14971429151285,-6781.529419873726
L16_WE_SP,strict,state_to_output,morphic_delta_l16,8,31,-2409.4686466206026,-5.978830388636731,-1118.4240387994519,751.6359670187671,-1302.882899474535,-2442.2402124005253,174.65498874122116,-5529.468646620602
L16_WE_SP,strict,state_to_output,morphic_output,8,31,-1580.981234255607,-3.9230303579543597,-289.9366264344557,1580.1233793837632,-474.39548710953864,-1102.7424358889411,201.7912245461152,-4700.981234255607
L16_WE_SP,strict,state_to_output,motif,8,31,-931.0065749845019,-2.310190012368491,360.03803283664934,2230.0980386548686,175.57917216156648,-64.89291478543355,186.18851932833323,-4051.0065749845016
L16_WE_SP,strict,state_to_output,motif+gru,8,31,-510.85350469237784,-1.267626562512104,780.1911031287733,2650.251108946992,595.7322424536904,-34.61073552596433,118.53667725209047,-4462.853504692378
L16_WE_SP,strict,state_to_output,output_slow,8,31,-1106.5857471460681,-2.745870340312824,184.45886067508286,2054.518866493302,0.0,199.8185570062611,149.1325461549009,-4226.585747146068
L16_WE_SP,strict,state_to_output,synthesis_phase,8,31,-1591.2132339195973,-3.9484199352843605,-300.1686260984461,1569.8913797197729,-484.62748677352903,-319.73715210474006,192.1547264823121,-4711.213233919598
L16_WE_SP,strict,state_to_output,decoder_control,128,16,-2218.7563588180565,-10.667097878932964,-574.2152727118228,-2142.811640402312,-2128.349285859119,-722.6953329690559,374.36894341012436,-5338.7563588180565
L16_WE_SP,strict,state_to_output,field_coarse,128,16,-2440.309888159225,-11.732259077688582,-795.7688020529912,-2364.3651697434807,-2349.9028152002875,-913.8387863727305,389.08032579307473,-5560.309888159225
L16_WE_SP,strict,state_to_output,field_fine,128,16,-948.9039458843648,-4.562038201367138,695.6371402218689,-872.9592274686208,-858.496872925427,703.4692128942087,146.16878758200176,-4068.903945884365
L16_WE_SP,strict,state_to_output,field_meso,128,16,-1053.5571866645628,-5.065178782041167,590.983899441671,-977.6124682488188,-963.1501137056248,599.9267231364277,206.87058760701368,-4173.557186664562
L16_WE_SP,strict,state_to_output,gru,128,16,-1643.101512635349,-7.899526503054563,1.439573470884696,-1567.1567942196052,-1552.694439676411,-368.90381134861565,239.7461144255609,-4763.101512635349
L16_WE_SP,strict,state_to_output,gru+field_coarse,128,16,-2658.8570739415836,-12.782966701642229,-1014.3159878353503,-2582.91235552584,-2568.450000982646,-1270.2751852796396,402.7652591402853,-6610.857073941584
L16_WE_SP,strict,state_to_output,history,128,16,-1644.541086106234,-7.906447529356894,0.0,-1568.5963676904898,-1554.1340131472962,0.0,230.04001878838056,-3932.5410861062337
L16_WE_SP,strict,state_to_output,host,128,16,-1085.2470644735672,-5.217533963815227,559.2940216326667,-1009.3023460578229,-994.8399915146292,484.6230476633748,213.57206541597048,-4205.247064473568
L16_WE_SP,strict,state_to_output,host+field_coarse,128,16,-2370.326707625999,-11.39580147897115,-725.7856215197655,-2294.3819892102556,-2279.9196346670615,-811.8386902815157,367.79127616054546,-6322.326707625999
L16_WE_SP,strict,state_to_output,morphic_delta_l01,128,16,-2084.9979019016346,-10.02402837452709,-440.4568157954004,-2009.0531834858903,-1994.5908289426964,-973.395029575822,275.57762305076295,-5204.997901901635
L16_WE_SP,strict,state_to_output,morphic_delta_l01+morphic_delta_l16,128,16,-2274.3978688762872,-10.934605138828305,-629.8567827700531,-2198.453150460543,-2183.990795917349,-1336.1513974523564,276.285641966589,-6226.397868876287
L16_WE_SP,strict,state_to_output,morphic_delta_l08,128,16,-2875.0034620364527,-13.822132029021407,-1230.4623759302187,-2799.0587436207084,-2784.5963890775147,-1214.1032419275325,270.08301753355175,-5995.003462036453
L16_WE_SP,strict,state_to_output,morphic_delta_l16,128,16,-1802.9788381297512,-8.66816749100842,-158.43775202351742,-1727.0341197140074,-1712.5717651708135,-849.208121569266,240.89612560558413,-4922.978838129751
L16_WE_SP,strict,state_to_output,morphic_output,128,16,-1383.2053843331705,-6.650025886217166,261.3357017730632,-1307.2606659174266,-1292.7983113742328,101.82115723389973,250.0169440574973,-4503.2053843331705
L16_WE_SP,strict,state_to_output,motif,128,16,-1223.4897060126887,-5.882162048137927,421.05138009354505,-1147.5449875969448,-1133.082633053751,67.44962203078424,231.63493642467873,-4343.489706012689
L16_WE_SP,strict,state_to_output,motif+gru,128,16,-1502.5466928316366,-7.223782177075176,141.99439327459737,-1426.6019744158925,-1412.1396198726986,-404.15224083661934,240.98826989965465,-5454.546692831636
L16_WE_SP,strict,state_to_output,output_slow,128,16,-90.40707295893799,-0.43464938922566343,1554.1340131472962,-14.462354543193868,0.0,1557.5805505439473,175.32507993297895,-3210.407072958938
L16_WE_SP,strict,state_to_output,synthesis_phase,128,16,-1272.790810552797,-6.119186589196139,371.75027555343695,-1196.846092137053,-1182.3837375938592,5.532248864284654,223.34627084750065,-4392.790810552797
L16_WE_SP,strict,state_to_output,decoder_control,16,30,-5157.674561883245,-13.224806568931397,-3148.9169441383556,-2162.1602429810246,-5422.170340442417,-3917.0508496654256,316.6244903501958,-8277.674561883245
L16_WE_SP,strict,state_to_output,field_coarse,16,30,-2842.871122147683,-7.289413133712007,-834.1135044027949,152.64319675453677,-3107.366900706856,-985.8187556829132,211.92786429798832,-5962.871122147682
L16_WE_SP,strict,state_to_output,field_fine,16,30,-4710.087469779679,-12.077147358409434,-2701.3298520347907,-1714.5731508774595,-4974.583248338852,-2681.339561623595,303.50585511999674,-7830.087469779679
L16_WE_SP,strict,state_to_output,field_meso,16,30,-2347.272658826876,-6.018647843145836,-338.51504108198765,648.241660075344,-2611.7684373860484,-272.2362035541944,216.57308063730935,-5467.272658826876
L16_WE_SP,strict,state_to_output,gru,16,30,-47.250784187326744,-0.12115585689058139,1961.5068335575615,2948.2635347148926,-311.7465627464995,1373.9842745637966,162.4564402742626,-3167.2507841873266
L16_WE_SP,strict,state_to_output,gru+field_coarse,16,30,-453.07303146649974,-1.1617257217089736,1555.6845862783885,2542.4412874357204,-717.5688100256723,1026.6459058784558,155.62616563285582,-4405.0730314665
L16_WE_SP,strict,state_to_output,history,16,30,-2008.7576177448882,-5.150660558320226,0.0,986.7567011573317,-2273.253396304061,0.0,213.7366397534581,-4296.757617744888
L16_WE_SP,strict,state_to_output,host,16,30,-2465.9553853799744,-6.322962526615319,-457.19776763508656,529.5589335222451,-2730.4511639391476,-457.48681665451915,190.79537557513314,-5585.955385379974
L16_WE_SP,strict,state_to_output,host+field_coarse,16,30,-3643.559155035747,-9.34245937188653,-1634.801537290859,-648.0448361335274,-3908.0549335949195,-1677.3558000614876,159.89427493309745,-7595.559155035748
L16_WE_SP,strict,state_to_output,morphic_delta_l01,16,30,-1893.9828071653023,-4.856366172218724,114.77481057958576,1101.5315117369173,-2158.478585724475,-219.36265739348298,257.3148101201173,-5013.982807165303
L16_WE_SP,strict,state_to_output,morphic_delta_l01+morphic_delta_l16,16,30,-1899.0424810216518,-4.869339694927312,109.71513672323628,1096.4718378805678,-2163.5382595808246,-1058.6169036373676,231.38282294736362,-5851.042481021652
L16_WE_SP,strict,state_to_output,morphic_delta_l08,16,30,-3219.5887162351755,-8.255355682654296,-1210.8310984902878,-224.07439733295612,-3484.0844947943488,-1799.668941161864,230.1286198633522,-6339.5887162351755
L16_WE_SP,strict,state_to_output,morphic_delta_l16,16,30,-1160.9850206264907,-2.976884668273053,847.7725971183974,1834.5292982757292,-1425.4807991856633,-439.7842870026957,196.3876360653264,-4280.985020626491
L16_WE_SP,strict,state_to_output,morphic_output,16,30,-2491.0998098989435,-6.387435409997291,-482.3421921540554,504.4145090032763,-2755.5955884581163,-2024.501954127887,244.88058603962688,-5611.099809898944
L16_WE_SP,strict,state_to_output,motif,16,30,-1297.1192034390372,-3.3259466754847105,711.638414305851,1698.3951154631827,-1561.6149819982097,-107.39442032117523,214.8642270952087,-4417.119203439037
L16_WE_SP,strict,state_to_output,motif+gru,16,30,380.99427349955744,0.9769083935886088,2389.7518912444457,3376.508592401777,116.49849494038475,1963.0033696021492,145.85827251384697,-3571.0057265004425
L16_WE_SP,strict,state_to_output,output_slow,16,30,264.49577855917266,0.6781943039978786,2273.253396304061,3260.0100974613924,0.0,2170.8959331462565,156.3130930807294,-2855.504221440827
L16_WE_SP,strict,state_to_output,synthesis_phase,16,30,-1408.6514543853282,-3.611926806116226,600.1061633595599,1586.8628645168917,-1673.147232944501,527.0158057243177,199.5536079360808,-4528.651454385328
L16_WE_SP,strict,state_to_output,decoder_control,64,24,-2339.1269648707284,-7.497201810483104,-1955.4969254632483,-2355.264197468569,-581.2572235261614,-3198.219110639452,263.09768094168635,-5459.126964870728
L16_WE_SP,strict,state_to_output,field_coarse,64,24,-1037.7970273137853,-3.3262725234416197,-654.1669879063056,-1053.934259911626,720.0727140307815,-738.6150738172473,153.6082027192469,-4157.797027313785
L16_WE_SP,strict,state_to_output,field_fine,64,24,-3290.1750597625014,-10.545432883854172,-2906.5450203550217,-3306.3122923603423,-1532.3053184179348,-3014.6457613663656,209.46030580963978,-6410.175059762501
L16_WE_SP,strict,state_to_output,field_meso,64,24,-574.3854231350208,-1.840978920304554,-190.75538372754116,-590.5226557328616,1183.484318209546,-192.47698868739383,177.88900611380637,-3694.3854231350206
L16_WE_SP,strict,state_to_output,gru,64,24,-924.742927113327,-2.9639196381837403,-541.1128877058474,-940.8801597111677,833.1268142312397,-1332.4799124685212,170.1109249015929,-4044.742927113327
L16_WE_SP,strict,state_to_output,gru+field_coarse,64,24,-767.3929082054663,-2.4595926545046995,-383.76286879798647,-783.530140803307,990.4768331391006,-1117.438189138039,147.46162077448983,-4719.3929082054665
L16_WE_SP,strict,state_to_output,history,64,24,-383.6300394074797,-1.229583459639358,0.0,-399.7672720053204,1374.239701937087,0.0,166.9023821726326,-2671.6300394074797
L16_WE_SP,strict,state_to_output,host,64,24,-2095.1357214626046,-6.715178594431425,-1711.505682055125,-2111.272954060445,-337.265980118038,-1676.5345011099994,217.93281574708772,-5215.135721462604
L16_WE_SP,strict,state_to_output,host+field_coarse,64,24,-942.8698089120402,-3.022018618307821,-559.2397695045605,-959.007041509881,814.9999324325265,-613.0563639852212,216.74880073217835,-4894.86980891204
L16_WE_SP,strict,state_to_output,morphic_delta_l01,64,24,-331.0385159953089,-1.061020884600349,52.59152341217086,-347.17574859314954,1426.831225349258,-1307.5638287580678,183.90301908785426,-3451.038515995309
L16_WE_SP,strict,state_to_output,morphic_delta_l01+morphic_delta_l16,64,24,-1103.9790943017047,-3.538394533018284,-720.3490548942249,-1120.1163268995451,653.8906470428622,-2631.513613875896,201.02633272049383,-5055.979094301705
L16_WE_SP,strict,state_to_output,morphic_delta_l08,64,24,-3083.1484580017986,-9.881886083339099,-2699.5184185943185,-3099.2856905996396,-1325.2787166572316,-3156.1937331336408,247.57885275142863,-6203.148458001799
L16_WE_SP,strict,state_to_output,morphic_delta_l16,64,24,-1592.33557448283,-5.103639661803943,-1208.7055350753503,-1608.4728070806705,165.53416686173665,-2308.7771810284003,204.27094274718903,-4712.3355744828295
L16_WE_SP,strict,state_to_output,morphic_output,64,24,34.000223516463365,0.10897507537328001,417.6302629239431,17.8629909186227,1791.86996486103,-280.5734486941946,182.24894703417547,-3085.9997764835366
L16_WE_SP,strict,state_to_output,motif,64,24,188.39230236625178,0.6038214819431147,572.0223417737316,172.25506976841115,1946.2620437108185,93.75907292466407,167.0341262286306,-2931.607697633748
L16_WE_SP,strict,state_to_output,motif+gru,64,24,-389.5994168535244,-1.2487160796587322,-5.969377446044717,-405.7366494513651,1368.2703244910422,-847.9320340902227,166.35842139088078,-4341.599416853524
L16_WE_SP,strict,state_to_output,output_slow,64,24,-1757.8697413445666,-5.634197888924893,-1374.239701937087,-1774.0069739424073,0.0,-1219.696322657036,192.6275227188547,-4877.869741344566
L16_WE_SP,strict,state_to_output,synthesis_phase,64,24,-1393.8780614617935,-4.46755788930062,-1010.248022054314,-1410.0152940596345,363.99167988277304,-960.8246418609692,186.97882783986094,-4513.878061461794
L16_WE_SP,strict_matched_suffix,output,history,1,127,-16605.39752866397,-10.057781664847951,0.0,0.0,322.30469874213935,0.0,225.35213516350976,-18893.39752866397
L16_WE_SP,strict_matched_suffix,output,output_slow,1,127,-16927.702227406106,-10.252999532044885,-322.30469874213935,-322.30469874213935,0.0,-475.8371715265059,223.1357948112267,-20047.702227406106
L16_WE_SP,strict_matched_suffix,output,history,16,112,-5525.3019000249715,-3.7948502060611067,0.0,-8622.899293783,3083.2530215642955,0.0,182.5059107120882,-7813.3019000249715
L16_WE_SP,strict_matched_suffix,output,output_slow,16,112,-8608.554921589268,-5.912469039553069,-3083.2530215642955,-11706.152315347295,0.0,-3009.7991705938366,188.45276851627816,-11728.554921589268
L16_WE_SP,strict_matched_suffix,output,history,4,124,1144.982345743155,0.7102868149771433,0.0,0.0,2467.744708273818,0.0,190.08562349110113,-1143.017654256845
L16_WE_SP,strict_matched_suffix,output,output_slow,4,124,-1322.762362530663,-0.820572185192719,-2467.744708273818,-2467.744708273818,0.0,-2550.924730476144,189.11806320298334,-4442.762362530663
L16_WE_SP,strict_matched_suffix,output,history,64,64,-1467.115659418522,-1.763360167570339,0.0,-3232.021752444821,-59.40533327537281,0.0,176.1952763654883,-3755.1156594185222
L16_WE_SP,strict_matched_suffix,output,output_slow,64,64,-1407.7103261431491,-1.6919595266143619,59.40533327537281,-3172.616419169448,0.0,49.48123738861009,169.2127558684009,-4527.710326143149
L16_WE_SP,strict_matched_suffix,state_to_output,decoder_control,8,15,-2846.738779278654,-14.5986604065572,-2175.082014331715,-1251.164561423087,-2305.796604591742,-2328.4239626321214,242.58995317001947,-5966.738779278654
L16_WE_SP,strict_matched_suffix,state_to_output,field_coarse,8,15,-2764.367340426902,-14.17624277142001,-2092.7105754799627,-1168.7931225713346,-2223.425165739989,-2201.7639565589434,289.9622530318948,-5884.367340426902
L16_WE_SP,strict_matched_suffix,state_to_output,field_fine,8,15,-2495.087877243032,-12.795322447400164,-1823.4311122960926,-899.5136593874646,-1954.145702556119,-1823.2847622119612,286.2629717351887,-5615.0878772430315
L16_WE_SP,strict_matched_suffix,state_to_output,field_meso,8,15,-693.8258227660956,-3.558081142390234,-22.16905781915612,901.7483950894718,-152.88364807918248,-15.654147026516144,185.9962070614317,-3813.8258227660954
L16_WE_SP,strict_matched_suffix,state_to_output,gru,8,15,-451.07576117161955,-2.3132090316493312,220.58100377531994,1144.498456683948,89.86641351529359,39.87320110890244,146.80961572886534,-3571.0757611716194
L16_WE_SP,strict_matched_suffix,state_to_output,gru+field_coarse,8,15,-1413.7411632672815,-7.249954683421957,-742.084398320342,181.833054588286,-872.7989885803684,-837.3518047170633,220.6460808969188,-5365.741163267281
L16_WE_SP,strict_matched_suffix,state_to_output,history,8,15,-671.6567649469395,-3.444393666394561,0.0,923.9174529086281,-130.71459026002634,0.0,186.86189057665337,-2959.6567649469393
L16_WE_SP,strict_matched_suffix,state_to_output,host,8,15,-1229.972134214861,-6.3075494062300566,-558.3153692679214,365.6020836407065,-689.0299595279478,-523.4149017679426,172.8103178006979,-4349.9721342148605
L16_WE_SP,strict_matched_suffix,state_to_output,host+field_coarse,8,15,-2137.6707554453305,-10.962414130488874,-1466.013990498391,-542.0965375897629,-1596.7285807584171,-1502.3200508398827,227.12750870885458,-6089.6707554453305
L16_WE_SP,strict_matched_suffix,state_to_output,morphic_delta_l01,8,15,-2462.3839232879,-12.627609863014872,-1790.727158340961,-866.809705432333,-1921.4417486009875,-2390.7706743155686,297.0587975685129,-5582.3839232879
L16_WE_SP,strict_matched_suffix,state_to_output,morphic_delta_l01+morphic_delta_l16,8,15,-1909.5802096723526,-9.792719023960782,-1237.9234447254132,-314.0059918167851,-1368.6380349854396,-1458.45897363951,272.1187429219063,-5861.580209672353
L16_WE_SP,strict_matched_suffix,state_to_output,morphic_delta_l08,8,15,-1902.5113940498497,-9.756468687435127,-1230.8546291029104,-306.93717619428253,-1361.5692193629368,-1528.0653389715312,213.37582841474804,-5022.5113940498495
L16_WE_SP,strict_matched_suffix,state_to_output,morphic_delta_l16,8,15,-1270.1311620783497,-6.513493138863332,-598.4743971314101,325.44305577721775,-729.1889873914365,-1253.9028114874554,175.36390218726137,-4390.13116207835
L16_WE_SP,strict_matched_suffix,state_to_output,morphic_output,8,15,-797.8530484967698,-4.09155409485523,-126.19628354983041,797.7211693587974,-256.91087380985675,-528.994192121887,203.27007674059539,-3917.8530484967696
L16_WE_SP,strict_matched_suffix,state_to_output,motif,8,15,-501.35841517794756,-2.5710687957843463,170.29834976899184,1094.2158026776199,39.58375950896547,-55.56881758715167,187.85233672189554,-3621.358415177948
L16_WE_SP,strict_matched_suffix,state_to_output,motif+gru,8,15,-255.94109863465803,-1.312518454536708,415.7156663122815,1339.6331192209095,285.00107605225514,69.24629625580661,119.0262569335006,-4207.941098634658
L16_WE_SP,strict_matched_suffix,state_to_output,output_slow,8,15,-540.9421746869132,-2.7740624342918623,130.71459026002634,1054.6320431686543,0.0,148.6358872675757,149.2572892902977,-3660.942174686913
L16_WE_SP,strict_matched_suffix,state_to_output,synthesis_phase,8,15,-830.4849671973911,-4.258897267678929,-158.82820225045168,765.0892506581763,-289.5427925104781,-169.09343387898528,193.21117969484143,-3950.484967197391
L16_WE_SP,strict_matched_suffix,state_to_output,decoder_control,16,14,-2485.681807387024,-13.657592348280351,-1446.1091303166031,-1042.6869637375753,-2550.930818363988,-1769.086178957532,323.028342020887,-5605.681807387024
L16_WE_SP,strict_matched_suffix,state_to_output,field_coarse,16,14,-1388.4989222203833,-7.629114957254854,-348.9262451499625,54.49592142906542,-1453.7479331973468,-432.6785986695885,213.1703346765874,-4508.498922220383
L16_WE_SP,strict_matched_suffix,state_to_output,field_fine,16,14,-2411.682689690479,-13.251003789508127,-1372.1100126200588,-968.687846041031,-2476.9317006674432,-1363.202802593984,309.81021572730157,-5531.682689690479
L16_WE_SP,strict_matched_suffix,state_to_output,field_meso,16,14,-1228.7213039583091,-6.751215955814885,-189.14862688788864,214.27353969113926,-1293.9703149352729,-161.65634240011002,219.78777877484941,-4348.721303958309
L16_WE_SP,strict_matched_suffix,state_to_output,gru,16,14,18.620029557228655,0.10230785471004755,1058.1927066276494,1461.6148732066772,-46.62898141973494,810.715102153222,161.3040420288043,-3101.3799704427715
L16_WE_SP,strict_matched_suffix,state_to_output,gru+field_coarse,16,14,-89.24742426459389,-0.4903704629922741,950.3252528058267,1353.747419384855,-154.4964352415575,739.1210349634683,152.60337978440452,-4041.247424264594
L16_WE_SP,strict_matched_suffix,state_to_output,history,16,14,-1039.5726770704205,-5.7119377861012115,0.0,403.42216657902793,-1104.8216880473842,0.0,216.30003969571897,-3327.5726770704205
L16_WE_SP,strict_matched_suffix,state_to_output,host,16,14,-1228.3489691422822,-6.749170160122429,-188.77629207186152,214.6458745071664,-1293.5979801192457,-194.83786382402184,195.46090662292465,-4348.348969142282
L16_WE_SP,strict_matched_suffix,state_to_output,host+field_coarse,16,14,-1724.7125565287647,-9.476442618289916,-685.1398794583439,-281.71771287931585,-1789.961567505728,-712.7435777143631,162.27487223766303,-5676.712556528764
L16_WE_SP,strict_matched_suffix,state_to_output,morphic_delta_l01,16,14,-1014.02115807995,-5.57154482461511,25.55151899047054,428.97368556949846,-1079.2701690569138,-107.03904193003447,259.57100668316235,-4134.02115807995
L16_WE_SP,strict_matched_suffix,state_to_output,morphic_delta_l01+morphic_delta_l16,16,14,-997.0479816486334,-5.478285613454029,42.5246954217871,445.94686200081503,-1062.296992625597,-539.3227484795822,232.49254295893184,-4949.047981648633
L16_WE_SP,strict_matched_suffix,state_to_output,morphic_delta_l08,16,14,-1614.7112685946875,-8.872039937333447,-575.138591524267,-171.71642494523894,-1679.9602795716514,-848.5799725310536,231.2077572496862,-4734.711268594688
L16_WE_SP,strict_matched_suffix,state_to_output,morphic_delta_l16,16,14,-594.2583673059402,-3.2651558643183525,445.3143097644804,848.7364763435083,-659.5073782829037,-156.72514570294095,198.2154535355397,-3714.2583673059403
L16_WE_SP,strict_matched_suffix,state_to_output,morphic_output,16,14,-1257.5649514341085,-6.909697535352245,-217.9922743636877,185.42989221534026,-1322.8139624110718,-984.6636505916682,248.05174125972167,-4377.5649514341085
L16_WE_SP,strict_matched_suffix,state_to_output,motif,16,14,-648.2102042125395,-3.5615945286403266,391.3624728578812,794.7846394369092,-713.459215189503,11.47272926933406,216.04589401875884,-3768.2102042125393
L16_WE_SP,strict_matched_suffix,state_to_output,motif+gru,16,14,203.7851797454557,1.1196987898101962,1243.3578568158764,1646.7800233949042,138.5361687684921,1077.2801297801993,145.5630601806373,-3748.214820254544
L16_WE_SP,strict_matched_suffix,state_to_output,output_slow,16,14,65.2490109769636,0.3585110493239758,1104.8216880473842,1508.243854626412,0.0,1048.8434750163435,163.7364765279557,-3054.7509890230363
L16_WE_SP,strict_matched_suffix,state_to_output,synthesis_phase,16,14,-750.2464386650186,-4.1222331794781235,289.32623840540214,692.74840498443,-815.4954496419821,244.50569992841417,202.34766255104117,-3870.2464386650186
L16_WE_SP,strict_matched_suffix,state_to_output,decoder_control,64,8,-907.1769841355906,-8.72285561668837,-748.7446994326133,-917.2039685737719,-286.55298868763066,-1100.4319081158526,273.1578480389992,-4027.176984135591
L16_WE_SP,strict_matched_suffix,state_to_output,field_coarse,64,8,-322.4488257797045,-3.100469478651005,-164.0165410767271,-332.4758102178859,298.1751696682554,-186.4632223825039,150.1025822641413,-3442.4488257797047
L16_WE_SP,strict_matched_suffix,state_to_output,field_fine,64,8,-1155.2041277600497,-11.107731997692785,-996.7718430570723,-1165.2311121982311,-534.5801323120896,-1033.6496343102601,206.5991796512158,-4275.204127760049
L16_WE_SP,strict_matched_suffix,state_to_output,field_meso,64,8,-230.35304502026653,-2.2149331251948707,-71.92076031728917,-240.38002945844795,390.2709504276935,-71.39134233898929,175.89478567801459,-3350.3530450202666
L16_WE_SP,strict_matched_suffix,state_to_output,gru,64,8,-274.8168706162412,-2.64246990977155,-116.38458591326378,-284.84385505442253,345.80712483171885,-386.62588456445195,164.96308738909252,-3394.8168706162414
L16_WE_SP,strict_matched_suffix,state_to_output,gru+field_coarse,64,8,-244.64523522569533,-2.3523580310163013,-86.21295052271793,-254.67221966387672,375.97876022226467,-336.4959904594276,141.62509821592877,-4196.645235225696
L16_WE_SP,strict_matched_suffix,state_to_output,history,64,8,-158.43228470297743,-1.5233873529132445,0.0,-168.45926914115876,462.1917107449825,0.0,164.73881586790637,-2446.4322847029775
L16_WE_SP,strict_matched_suffix,state_to_output,host,64,8,-686.708658615908,-6.602967871306808,-528.2763739129306,-696.7356430540893,-66.08466316794804,-514.5465269847732,213.9780351984919,-3806.708658615908
L16_WE_SP,strict_matched_suffix,state_to_output,host+field_coarse,64,8,-325.8386325610849,-3.1330637746258168,-167.40634785810747,-335.86561699926625,294.7853628868751,-185.20519761985577,212.2589877523087,-4277.8386325610845
L16_WE_SP,strict_matched_suffix,state_to_output,morphic_delta_l01,64,8,-114.06885945644684,-1.0968159563119888,44.363425246530596,-124.09584389462816,506.5551359915132,-438.969547479603,181.11768105904133,-3234.0688594564467
L16_WE_SP,strict_matched_suffix,state_to_output,morphic_delta_l01+morphic_delta_l16,64,8,-388.6558457069406,-3.737075439489814,-230.22356100396325,-398.682830145122,231.96814974101935,-892.2292447593684,199.62112875592555,-4340.65584570694
L16_WE_SP,strict_matched_suffix,state_to_output,morphic_delta_l08,64,8,-1129.6139224701392,-10.861672331443646,-971.1816377671619,-1139.6409069083206,-508.98992702217924,-1113.1140216133065,251.78137899833078,-4249.613922470139
L16_WE_SP,strict_matched_suffix,state_to_output,morphic_delta_l16,64,8,-608.3281530497409,-5.849309163939816,-449.89586834676345,-618.3551374879221,12.29584239821913,-841.9705430586182,204.8587556436511,-3728.3281530497406
L16_WE_SP,strict_matched_suffix,state_to_output,morphic_output,64,8,-3.706493075708785,-0.035639356497199855,154.72579162726865,-13.733477513890115,616.9175023722512,-68.7525333330236,178.61171583025015,-3123.7064930757087
L16_WE_SP,strict_matched_suffix,state_to_output,motif,64,8,39.014706498004685,0.37514140863466044,197.44699120098213,28.987722059823348,659.6387019459647,24.854868054854606,164.04510817198576,-3080.9852935019953
L16_WE_SP,strict_matched_suffix,state_to_output,motif+gru,64,8,-115.9643733913919,-1.1150420518403068,42.46791131158551,-125.99135782957325,504.6596220565681,-243.40623933581355,161.76875705149845,-4067.9643733913917
L16_WE_SP,strict_matched_suffix,state_to_output,output_slow,64,8,-620.6239954479599,-5.9675384177688455,-462.1917107449825,-630.6509798861414,0.0,-414.2312166343854,187.52920987541304,-3740.6239954479597
L16_WE_SP,strict_matched_suffix,state_to_output,synthesis_phase,64,8,-546.9090191580117,-5.258740568827036,-388.4767344550343,-556.9360035961929,73.7149762899483,-364.074527168636,184.3113224184117,-3666.9090191580117
L16_WE_SP,sigma_only_adapted,output,history,1,127,3231.6158368407123,1.957368768528596,0.0,0.0,82.69817311058563,0.0,225.35213516350976,943.6158368407123
L16_WE_SP,sigma_only_adapted,output,output_slow,1,127,3148.9176637301266,1.9072790210358126,-82.69817311058563,-82.69817311058563,0.0,-99.17473581633632,223.1357948112267,28.917663730126606
L16_WE_SP,sigma_only_adapted,output,history,16,112,3103.0218999530716,2.1311963598578787,0.0,-221.03995463626558,123.5197225852754,0.0,182.5059107120882,815.0218999530716
L16_WE_SP,sigma_only_adapted,output,output_slow,16,112,2979.5021773677963,2.046361385554805,-123.5197225852754,-344.559677221541,0.0,-221.4760815230517,188.45276851627816,-140.49782263220368
L16_WE_SP,sigma_only_adapted,output,history,4,124,3834.938447569441,2.378994074174591,0.0,0.0,263.99541338755216,0.0,190.08562349110113,1546.938447569441
L16_WE_SP,sigma_only_adapted,output,output_slow,4,124,3570.943034181889,2.215225207308864,-263.99541338755216,-263.99541338755216,0.0,-254.29838090236586,189.11806320298334,450.94303418188883
L16_WE_SP,sigma_only_adapted,output,history,64,64,1804.5583157416156,2.168940283343288,0.0,-81.50817757274191,-177.37304026400727,0.0,176.1952763654883,-483.4416842583844
L16_WE_SP,sigma_only_adapted,output,output_slow,64,64,1981.931356005623,2.3821290336606045,177.37304026400727,95.86486269126536,0.0,127.4761412771339,169.2127558684009,-1138.068643994377
L16_WE_SP,sigma_only_adapted,state_to_output,decoder_control,8,15,320.15511490956555,1.6418211021003362,-65.44857049416676,-44.08098869633963,-79.96610913163451,-447.7788633311037,242.58995317001947,-2799.844885090434
L16_WE_SP,sigma_only_adapted,state_to_output,field_coarse,8,15,342.41518807433863,1.7559753234581468,-43.18849732939371,-21.820915531566584,-57.70603596686148,-811.4404919068711,289.9622530318948,-2777.5848119256616
L16_WE_SP,sigma_only_adapted,state_to_output,field_fine,8,15,365.43898080276085,1.8740460553987737,-20.164704600971454,1.2028771968556806,-34.68224323843921,-129.7070371372101,286.2629717351887,-2754.561019197239
L16_WE_SP,sigma_only_adapted,state_to_output,field_meso,8,15,386.58697667571204,1.9824973162857027,0.9832912719796997,22.350873069806838,-13.534247365488062,-0.44373471297919986,185.9962070614317,-2733.413023324288
L16_WE_SP,sigma_only_adapted,state_to_output,gru,8,15,369.0495437259531,1.8925617626971953,-16.554141677779274,4.813440120047861,-31.071680315247036,-103.0743865245856,146.80961572886534,-2750.9504562740467
L16_WE_SP,sigma_only_adapted,state_to_output,gru+field_coarse,8,15,351.33813091661034,1.8017340047005659,-34.26555448712199,-12.89797268929485,-48.783093124589755,-846.3101278171081,220.6460808969188,-3600.66186908339
L16_WE_SP,sigma_only_adapted,state_to_output,history,8,15,385.60368540373236,1.9774547969422172,0.0,21.367581797827135,-14.517538637467759,0.0,186.86189057665337,-1902.3963145962675
L16_WE_SP,sigma_only_adapted,state_to_output,host,8,15,377.44471061593833,1.9356139005945556,-8.158974787793982,13.208607010033154,-22.676513425261746,-40.27749689295152,172.8103178006979,-2742.555289384062
L16_WE_SP,sigma_only_adapted,state_to_output,host+field_coarse,8,15,342.8377640502358,1.758142379744799,-42.76592135349654,-21.398339555669402,-57.283459990964296,-645.1343972189686,227.12750870885458,-3609.162235949764
L16_WE_SP,sigma_only_adapted,state_to_output,morphic_delta_l01,8,15,341.02751354641066,1.748859043827747,-44.576171857321654,-23.208590059494526,-59.09371049478942,-379.71139813130316,297.0587975685129,-2778.972486453589
L16_WE_SP,sigma_only_adapted,state_to_output,morphic_delta_l01+morphic_delta_l16,8,15,344.99999015890546,1.7692307187636178,-40.60369524482691,-19.23611344699976,-55.12123388229466,-501.1098231578139,272.1187429219063,-3607.0000098410947
L16_WE_SP,sigma_only_adapted,state_to_output,morphic_delta_l08,8,15,362.8081241264671,1.8605544826998313,-22.795561277265286,-1.4279794794381495,-37.313099914733044,-588.0740197240573,213.37582841474804,-2757.191875873533
L16_WE_SP,sigma_only_adapted,state_to_output,morphic_delta_l16,8,15,379.75305955873716,1.9474515874807035,-5.850625844995177,15.516955952831964,-20.368164482462937,-172.23172254394427,175.36390218726137,-2740.2469404412627
L16_WE_SP,sigma_only_adapted,state_to_output,morphic_output,8,15,386.97297864352754,1.9844768135565516,1.3692932397952355,22.73687503762237,-13.148245397672525,-14.733437451061,203.27007674059539,-2733.0270213564727
L16_WE_SP,sigma_only_adapted,state_to_output,motif,8,15,378.18062943099744,1.9393878432358844,-7.423055972734868,13.94452582509227,-21.94059461020263,-8.121750733472934,187.85233672189554,-2741.819370569003
L16_WE_SP,sigma_only_adapted,state_to_output,motif+gru,8,15,375.0515132099181,1.9233410933841952,-10.552172193814238,10.815409604012899,-25.069710831281995,-136.82076065749956,119.0262569335006,-3576.948486790082
L16_WE_SP,sigma_only_adapted,state_to_output,output_slow,8,15,400.1212240412001,2.051903713031795,14.517538637467759,35.8851204352949,0.0,-55.82276835632316,149.2572892902977,-2719.8787759588
L16_WE_SP,sigma_only_adapted,state_to_output,synthesis_phase,8,15,370.38067952975314,1.8993881001525803,-15.22300587397927,6.144575923847866,-29.74054451144703,-22.96521608371232,193.21117969484143,-2749.6193204702467
L16_WE_SP,sigma_only_adapted,state_to_output,decoder_control,16,14,310.9118034727519,1.7083066124876478,-60.65131503209881,-30.03243110686499,-88.6873626856213,-314.09650985540975,323.028342020887,-2809.0881965272483
L16_WE_SP,sigma_only_adapted,state_to_output,field_coarse,16,14,357.38884672450257,1.9636749820027615,-14.174271780348032,16.44461214488578,-42.21031943387051,-67.95884274490102,213.1703346765874,-2762.6111532754976
L16_WE_SP,sigma_only_adapted,state_to_output,field_fine,16,14,319.37228440990435,1.754792771482991,-52.19083409494627,-21.57195016971246,-80.22688174846874,-252.72433466375756,309.81021572730157,-2800.6277155900957
L16_WE_SP,sigma_only_adapted,state_to_output,field_meso,16,14,369.05242569309513,2.0277605807312917,-2.510692811755483,28.108191113478338,-30.546740465277956,-7.313846951412234,219.78777877484941,-2750.9475743069047
L16_WE_SP,sigma_only_adapted,state_to_output,gru,16,14,415.5512537657413,2.2832486470645126,43.98813526089072,74.60701918612455,15.952087607368243,-1.652409275440606,161.3040420288043,-2704.4487462342586
L16_WE_SP,sigma_only_adapted,state_to_output,gru+field_coarse,16,14,370.3186857726471,2.034718053695863,-1.2444327322034576,29.374451193030353,-29.28048038572593,-45.62654923867102,152.60337978440452,-3581.681314227353
L16_WE_SP,sigma_only_adapted,state_to_output,history,16,14,371.56311850485065,2.041555596180498,0.0,30.618883925233817,-28.036047653522473,0.0,216.30003969571897,-1916.4368814951495
L16_WE_SP,sigma_only_adapted,state_to_output,host,16,14,373.45383108051584,2.051944126816021,1.8907125756652494,32.509596500899065,-26.145335077857226,-25.021586355856662,195.46090662292465,-2746.546168919484
L16_WE_SP,sigma_only_adapted,state_to_output,host+field_coarse,16,14,329.78873089790454,1.8120259939445305,-41.774387606946014,-11.155503681712204,-69.8104352604685,-136.33003522260213,162.27487223766303,-3622.2112691020957
L16_WE_SP,sigma_only_adapted,state_to_output,morphic_delta_l01,16,14,400.5777215036604,2.200976491778354,29.014602998809792,59.6334869240436,0.9785553452873139,-32.04405660663806,259.57100668316235,-2719.4222784963395
L16_WE_SP,sigma_only_adapted,state_to_output,morphic_delta_l01+morphic_delta_l16,16,14,369.66379017253115,2.0311197262226988,-1.899328332319448,28.71955559291437,-29.93537598584193,-86.46167420055315,232.49254295893184,-3582.336209827469
L16_WE_SP,sigma_only_adapted,state_to_output,morphic_delta_l08,16,14,351.1547714576685,1.9294218211959808,-20.408347047182023,10.210536878051794,-48.44439470070451,-276.2504855298406,231.2077572496862,-2768.8452285423314
L16_WE_SP,sigma_only_adapted,state_to_output,morphic_delta_l16,16,14,367.86601105765146,2.0212418189980847,-3.6971074471991168,26.921776478034698,-31.733155100721593,-63.373548135917254,198.2154535355397,-2752.1339889423484
L16_WE_SP,sigma_only_adapted,state_to_output,morphic_output,16,14,350.9326875596386,1.9282015799980143,-20.630430945211998,9.988452980021814,-48.666478598734464,-55.95432631242974,248.05174125972167,-2769.0673124403615
L16_WE_SP,sigma_only_adapted,state_to_output,motif,16,14,372.3456820643257,2.045855395957833,0.7825635594750251,31.401447484708847,-27.25348409404745,-0.7236255882412588,216.04589401875884,-2747.6543179356745
L16_WE_SP,sigma_only_adapted,state_to_output,motif+gru,16,14,397.89536879772106,2.1862382900973683,26.332250292870377,56.9511342181042,-1.7037973606520955,-5.332775861213642,145.5630601806373,-3554.104631202279
L16_WE_SP,sigma_only_adapted,state_to_output,output_slow,16,14,399.5991661583731,2.1955998140569952,28.036047653522473,58.65493157875629,0.0,22.526103179281186,163.7364765279557,-2720.400833841627
L16_WE_SP,sigma_only_adapted,state_to_output,synthesis_phase,16,14,380.93041965039896,2.093024283793401,9.36730114554833,39.98618507078214,-18.668746507974145,6.16871511048711,202.34766255104117,-2739.069580349601
L16_WE_SP,sigma_only_adapted,state_to_output,decoder_control,64,8,201.91757193373255,1.9415151147474283,-17.597160702955883,-3.1227979573051874,-16.954511855541412,-281.4726254832078,273.1578480389992,-2918.0824280662673
L16_WE_SP,sigma_only_adapted,state_to_output,field_coarse,64,8,223.40653087422737,2.148139719944494,3.8917982375389264,18.366160983189623,4.534447084953401,-42.11569114527765,150.1025822641413,-2896.5934691257726
L16_WE_SP,sigma_only_adapted,state_to_output,field_fine,64,8,191.78196503206374,1.844057356077536,-27.732767604624698,-13.258404858974004,-27.09011875721022,-90.35855742182267,206.5991796512158,-2928.218034967936
L16_WE_SP,sigma_only_adapted,state_to_output,field_meso,64,8,215.99740038257187,2.0768980806016524,-3.5173322541165692,10.957030491534125,-2.8746834067020934,-5.027922907982942,175.89478567801459,-2904.002599617428
L16_WE_SP,sigma_only_adapted,state_to_output,gru,64,8,202.6234448123122,1.9483023539645403,-16.891287824376246,-2.416925078725553,-16.24863897696177,-115.59600503867695,164.96308738909252,-2917.3765551876877
L16_WE_SP,sigma_only_adapted,state_to_output,gru+field_coarse,64,8,216.82042995922868,2.084811826531045,-2.6943026774597736,11.78006006819092,-2.051653830045299,-168.176968286835,141.62509821592877,-3735.1795700407715
L16_WE_SP,sigma_only_adapted,state_to_output,history,64,8,219.51473263668845,2.1107185830450814,0.0,14.474362745650696,0.6426488474144758,0.0,164.73881586790637,-2068.4852673633113
L16_WE_SP,sigma_only_adapted,state_to_output,host,64,8,207.34663637782666,1.9937176574791025,-12.168096258861777,2.3062664867889193,-11.525447411447303,-59.021315261290276,213.9780351984919,-2912.6533636221734
L16_WE_SP,sigma_only_adapted,state_to_output,host+field_coarse,64,8,206.67739194923269,1.9872826148964682,-12.837340687455765,1.6370220581949315,-12.194691840041289,-223.29481502720813,212.2589877523087,-3745.3226080507675
L16_WE_SP,sigma_only_adapted,state_to_output,morphic_delta_l01,64,8,206.2244891463733,1.9829277802535894,-13.290243490315172,1.1841192553355224,-12.647594642900696,-27.396579495074295,181.11768105904133,-2913.7755108536267
L16_WE_SP,sigma_only_adapted,state_to_output,morphic_delta_l01+morphic_delta_l16,64,8,201.20068058513647,1.9346219287032353,-18.31405205155198,-3.8396893059012838,-17.6714032041375,-67.26231818157038,199.62112875592555,-3750.7993194148635
L16_WE_SP,sigma_only_adapted,state_to_output,morphic_delta_l08,64,8,193.41398994804885,1.8597499033466236,-26.100742688639606,-11.626379942988914,-25.458093841225132,-320.3758997854377,251.78137899833078,-2926.5860100519512
L16_WE_SP,sigma_only_adapted,state_to_output,morphic_delta_l16,64,8,202.411057692532,1.9462601701205,-17.10367494415643,-2.6293121985057377,-16.461026096741953,-161.81373360745914,204.8587556436511,-2917.588942307468
L16_WE_SP,sigma_only_adapted,state_to_output,morphic_output,64,8,221.20763383341497,2.1269964791674516,1.6929011967265195,16.16726394237721,2.335550044140996,-4.6465882076208285,178.61171583025015,-2898.792366166585
L16_WE_SP,sigma_only_adapted,state_to_output,motif,64,8,222.96333158585088,2.1438781883254894,3.448598949162448,17.922961694813143,4.091247796576924,4.501190457640335,164.04510817198576,-2897.036668414149
L16_WE_SP,sigma_only_adapted,state_to_output,motif+gru,64,8,208.57527309832116,2.005531472099242,-10.93945953836726,3.534903207283434,-10.296810690952782,-92.58249694895314,161.76875705149845,-3743.4247269016787
L16_WE_SP,sigma_only_adapted,state_to_output,output_slow,64,8,218.87208378927397,2.1045392672045575,-0.6426488474144758,13.831713898236217,0.0,-7.706928412070587,187.52920987541304,-2901.127916210726
L16_WE_SP,sigma_only_adapted,state_to_output,synthesis_phase,64,8,207.9583898104721,1.9995999020237702,-11.556342826216328,2.9180199194343652,-10.913693978801854,-33.63155207477852,184.3113224184117,-2912.041610189528
w0_energy01,strict,output,history,1,895,1252.015960524284,0.10760773188863636,0.0,0.0,20.13898681137679,0.0,0.8834935287629575,-1035.984039475716
w0_energy01,strict,output,output_slow,1,895,1231.8769737129073,0.10587683487003931,-20.13898681137679,-20.13898681137679,0.0,-19.82751359494094,0.8866382685482581,-1888.1230262870927
w0_energy01,strict,output,history,16,880,200.41254723909933,0.017518579304117075,0.0,-206.9734890773763,72.4889866075006,0.0,0.9949246515524482,-2087.5874527609008
w0_energy01,strict,output,output_slow,16,880,127.92356063159873,0.01118212942583905,-72.4889866075006,-279.46247568487684,0.0,-74.10687370200894,1.0038801939417494,-2992.076439368401
w0_energy01,strict,output,history,4,892,515.614120574669,0.044464825851558205,0.0,0.0,55.88450627615565,0.0,0.9674920705200923,-1772.385879425331
w0_energy01,strict,output,output_slow,4,892,459.7296142985134,0.03964553417544959,-55.88450627615565,-55.88450627615565,0.0,-55.86476140979158,0.9734462073910806,-2660.2703857014867
w0_energy01,strict,output,history,64,832,67.25051590360735,0.006217688230732928,0.0,-320.4503482532673,104.86825196670186,0.0,1.0104934526296911,-2220.7494840963927
w0_energy01,strict,output,output_slow,64,832,-37.61773606309451,-0.003477971159679596,-104.86825196670186,-425.3186002199691,0.0,-106.33794149686666,1.0247049928105538,-3157.6177360630945
w0_energy01,strict,state_to_output,decoder_control,8,111,-240.11137704444218,-0.16639735068914913,-318.6258540728795,-427.19828651083446,-287.83672362144705,-481.2279340431884,1.518656068285908,-3360.111377044442
w0_energy01,strict,state_to_output,field_coarse,8,111,-245.3317898059257,-0.17001510035060685,-323.84626683436306,-432.418699272318,-293.0571363829306,-399.9631000371115,1.4279830424404139,-3365.331789805926
w0_energy01,strict,state_to_output,field_fine,8,111,54.36241895117224,0.03767319400635637,-24.15205807726513,-132.7244905152201,6.6370723741673245,-38.975660695157764,1.0826340493006166,-3065.6375810488275
w0_energy01,strict,state_to_output,field_meso,8,111,80.16064421251112,0.055551381990652196,1.6461671840737377,-106.92626525388124,32.43529763550619,-4.4665104800342705,1.0511639472355396,-3039.839355787489
w0_energy01,strict,state_to_output,gru,8,111,-436.355917387992,-0.3023949531448316,-514.8703944164293,-623.4428268543843,-484.0812639649969,-995.7111122317757,1.9149410105226061,-3556.355917387992
w0_energy01,strict,state_to_output,gru+field_coarse,8,111,-572.2444672501797,-0.3965658123701869,-650.758944278617,-759.3313767165721,-619.9698138271847,-1196.7788628832768,2.15778644445212,-4524.24446725018
w0_energy01,strict,state_to_output,history,8,111,78.51447702843738,0.0544105869912941,0.0,-108.57243243795497,30.78913045143245,0.0,1.0460657608638892,-2209.4855229715627
w0_energy01,strict,state_to_output,host,8,111,17.415205644575636,0.012068749580440496,-61.09927138386173,-169.67170382181672,-30.310140932429277,-70.00344935351283,1.0981614110593247,-3102.5847943554245
w0_energy01,strict,state_to_output,host+field_coarse,8,111,-240.9469734055739,-0.16697641954648226,-319.4614504340113,-428.0338828719662,-288.6723199825788,-405.43873893591734,1.4362010947769863,-4192.946973405574
w0_energy01,strict,state_to_output,morphic_delta_l01,8,111,-1096.748175973356,-0.7600472459967816,-1175.2626530017928,-1283.835085439748,-1144.4735225503607,-2752.0720252746187,3.743001695261113,-4216.748175973356
w0_energy01,strict,state_to_output,morphic_delta_l01+morphic_delta_l16,8,111,-909.367025669286,-0.6301919789807942,-987.8815026977235,-1096.4539351356784,-957.092372246291,-2217.085793924539,3.2717623122345523,-4861.367025669286
w0_energy01,strict,state_to_output,morphic_delta_l08,8,111,-481.68863349376244,-0.3338105568217342,-560.2031105221998,-668.7755429601548,-529.4139800707674,-1093.4525118408499,2.024927267116979,-3601.6886334937626
w0_energy01,strict,state_to_output,morphic_delta_l16,8,111,-465.00006325012225,-0.3222453660777008,-543.5145402785597,-652.0869727165147,-512.7254098271272,-1025.8480557779671,1.969736252158274,-3585.0000632501224
w0_energy01,strict,state_to_output,morphic_output,8,111,-485.8167549138534,-0.33667134782664826,-564.3312319422907,-672.9036643802458,-533.5421014908583,-1095.8899551512927,2.0360718271062184,-3605.8167549138534
w0_energy01,strict,state_to_output,motif,8,111,-589.4010085425055,-0.40845530737526364,-667.9154855709429,-776.4879180088979,-637.1263551195105,-1232.0190774841276,2.1494621776319427,-3709.401008542505
w0_energy01,strict,state_to_output,motif+gru,8,111,-648.1272807764241,-0.44915265473071664,-726.6417578048615,-835.2141902428165,-695.852627353429,-1623.0187971645635,2.431692558550698,-4600.127280776424
w0_energy01,strict,state_to_output,output_slow,8,111,47.72534657700493,0.033073698251562665,-30.78913045143245,-139.36156288938744,0.0,-58.52238072467537,1.1091487808106808,-3072.274653422995
w0_energy01,strict,state_to_output,synthesis_phase,8,111,-2.954132489946879,-0.00204721586274905,-81.46860951838426,-190.04104195633926,-50.6794790669518,-72.03120301796301,1.1048801947650329,-3122.954132489947
w0_energy01,strict,state_to_output,decoder_control,128,96,-256.8936999290304,-0.20584431084056923,-153.35136349743806,-87.87795509467892,55.600997135305754,-307.00733502213427,1.6197600652619288,-3376.8936999290304
w0_energy01,strict,state_to_output,field_coarse,128,96,-333.5220088434833,-0.26724519939381675,-229.97967241189102,-164.50626400913194,-21.02731177914721,-161.55116762240502,1.3749425415777214,-3453.5220088434835
w0_energy01,strict,state_to_output,field_fine,128,96,-261.26056630244653,-0.20934340248593472,-157.71822987085426,-92.24482146809514,51.23413076188955,-47.613141488128015,1.2760903865999962,-3381.2605663024465
w0_energy01,strict,state_to_output,field_meso,128,96,-168.84086069775418,-0.13528915120012355,-65.29852426616188,0.17488413659720692,143.6538363665819,-27.33826938197987,1.2571529804342887,-3288.840860697754
w0_energy01,strict,state_to_output,gru,128,96,-442.3401773989831,-0.35443924471072363,-338.7978409673908,-273.3244325646317,-129.84548033464702,-633.19960502884,2.154508207605247,-3562.340177398983
w0_energy01,strict,state_to_output,gru+field_coarse,128,96,-656.2845367953842,-0.5258690198680963,-552.7422003637918,-487.26879196103266,-343.789839731048,-761.3880153358348,2.277910368788616,-4608.284536795384
w0_energy01,strict,state_to_output,history,128,96,-103.54233643159229,-0.08296661573044253,0.0,65.4734084027591,208.95236063274382,0.0,1.2217240440968786,-2391.5423364315925
w0_energy01,strict,state_to_output,host,128,96,-99.43338375466165,-0.07967418570085068,4.108952676930635,69.58236107968975,213.06131330967446,-5.486825924947345,1.2215140528734219,-3219.4333837546615
w0_energy01,strict,state_to_output,host+field_coarse,128,96,-240.5027548767932,-0.19271054076666122,-136.9604184452009,-71.48701004244182,71.99194218754289,-112.81189900536127,1.341288167783054,-4192.502754876793
w0_energy01,strict,state_to_output,morphic_delta_l01,128,96,-995.2827150400461,-0.7975021755128575,-891.7403786084539,-826.2669702056946,-682.7880179757101,-2438.40470155582,5.155954793089477,-4115.282715040046
w0_energy01,strict,state_to_output,morphic_delta_l01+morphic_delta_l16,128,96,-1046.604559596767,-0.8386254483948454,-943.0622231651749,-877.5888147624157,-734.1098625324311,-2825.4926972917483,5.663721263370605,-4998.604559596767
w0_energy01,strict,state_to_output,morphic_delta_l08,128,96,-501.41061652108823,-0.40177132734061555,-397.86828008949607,-332.3948716867369,-188.91591945675222,-690.107791252106,2.2578922714643896,-3621.4106165210883
w0_energy01,strict,state_to_output,morphic_delta_l16,128,96,-493.1262408056771,-0.39513320577377975,-389.5839043740849,-324.11049597132575,-180.63154374134106,-729.4016193976688,2.25447635037131,-3613.1262408056773
w0_energy01,strict,state_to_output,morphic_output,128,96,-526.4561021085477,-0.42183982540749015,-422.91376567695545,-357.4403572741964,-213.96140504421163,-825.9282980431694,2.388999610209779,-3646.456102108548
w0_energy01,strict,state_to_output,motif,128,96,-393.4921438986004,-0.3152981922264426,-289.9498074670081,-224.47639906424897,-80.99744683426422,-474.5833562490964,1.9079339006281122,-3513.4921438986003
w0_energy01,strict,state_to_output,motif+gru,128,96,-611.2315830029349,-0.4897688966369671,-507.68924657134266,-442.2158381685836,-298.7368859385989,-1136.2044137653872,2.8923155581717848,-4563.231583002935
w0_energy01,strict,state_to_output,output_slow,128,96,-312.4946970643361,-0.25039639187847446,-208.95236063274382,-143.4789522299847,0.0,-114.82252108040062,1.3348469128236538,-3432.494697064336
w0_energy01,strict,state_to_output,synthesis_phase,128,96,-67.67514543227578,-0.054226879352785085,35.86719099931649,101.3405994020756,244.8195516320603,-55.2862602931592,1.2637848636966875,-3187.6751454322757
w0_energy01,strict,state_to_output,decoder_control,16,110,-409.4015571086418,-0.28629479518086837,-454.7371330634576,-596.7821871177634,-345.00188181147894,-759.3810371772738,1.8390488285267126,-3529.401557108642
w0_energy01,strict,state_to_output,field_coarse,16,110,-5.882668795822866,-0.004113754402673333,-51.21824475063865,-193.26329880494455,58.51700650133997,-74.9396312714997,1.166469955640857,-3125.882668795823
w0_energy01,strict,state_to_output,field_fine,16,110,16.100738894847197,0.011259257968424613,-29.234837059968577,-171.27989111427445,80.50041419201006,-24.591250837115098,1.1123516309478065,-3103.8992611051526
w0_energy01,strict,state_to_output,field_meso,16,110,14.28350559375263,0.009988465450176663,-31.05207036106316,-173.09712441536902,78.68318089091548,-38.16933044333197,1.1277102536722752,-3105.7164944062474
w0_energy01,strict,state_to_output,gru,16,110,-526.2623721533182,-0.3680156448624603,-571.597948108134,-713.6430021624399,-461.8626968561553,-1092.8486908822172,2.0420381190849968,-3646.262372153318
w0_energy01,strict,state_to_output,gru+field_coarse,16,110,-495.59742742614145,-0.3465716275707283,-540.9330033809573,-682.978057435263,-431.19775212897866,-994.8197274996886,2.021221436215351,-4447.597427426142
w0_energy01,strict,state_to_output,history,16,110,45.33557595481577,0.03170319996840264,0.0,-142.04505405430587,109.73525125197862,0.0,1.0855950412069721,-2242.664424045184
w0_energy01,strict,state_to_output,host,16,110,17.367844203961134,0.012145345597175618,-27.967731750854625,-170.0127858051605,81.767519501124,-23.046604809906942,1.1049442363105935,-3102.6321557960387
w0_energy01,strict,state_to_output,host+field_coarse,16,110,-19.498067652349405,-0.013635012344300283,-64.83364360716519,-206.87869766147105,44.90160764481345,-84.05846096128525,1.164751821775906,-3971.4980676523496
w0_energy01,strict,state_to_output,morphic_delta_l01,16,110,-1109.7235861505935,-0.7760304798255899,-1155.0591621054095,-1297.1042161597152,-1045.3239108534308,-2735.972412871308,3.7224178819850953,-4229.723586150593
w0_energy01,strict,state_to_output,morphic_delta_l01+morphic_delta_l16,16,110,-920.9228592394614,-0.6440019994681548,-966.2584351942772,-1108.3034892485832,-856.5231839422986,-2251.4450571909083,3.230544862475296,-4872.922859239461
w0_energy01,strict,state_to_output,morphic_delta_l08,16,110,-540.1773652101868,-0.3777464092378929,-585.5129411650026,-727.5579952193084,-475.777689913024,-1252.1670086776303,2.2706448471636747,-3660.177365210187
w0_energy01,strict,state_to_output,morphic_delta_l16,16,110,-572.3506480330328,-0.4002452084147083,-617.6862239878486,-759.7312780421545,-507.95097273587,-1331.525545683255,2.3391770036948554,-3692.350648033033
w0_energy01,strict,state_to_output,morphic_output,16,110,-568.9590948719022,-0.3978734929174141,-614.2946708267178,-756.3397248810238,-504.55941957473925,-1297.780182345174,2.311608812200003,-3688.9590948719024
w0_energy01,strict,state_to_output,motif,16,110,-615.4001171691322,-0.4303497322861064,-660.7356931239478,-802.7807471782537,-551.0004418719693,-1410.313690914598,2.4229547170952874,-3735.400117169132
w0_energy01,strict,state_to_output,motif+gru,16,110,-679.3647836380696,-0.47508026827837035,-724.7003595928854,-866.7454136471914,-614.9651083409067,-1629.9728012526218,2.508922513946178,-4631.36478363807
w0_energy01,strict,state_to_output,output_slow,16,110,-64.39967529716286,-0.04503473797004396,-109.73525125197862,-251.7803053062845,0.0,-131.1251942509664,1.229244931353386,-3184.399675297163
w0_energy01,strict,state_to_output,synthesis_phase,16,110,13.010009497223287,0.009097908739316984,-32.32556645759249,-174.37062051189838,77.40968479438614,-41.6026176072631,1.1266712401746537,-3106.989990502777
w0_energy01,strict,state_to_output,decoder_control,64,104,-596.6845877093715,-0.4413347542229079,-585.0471051918992,-752.4528151628533,-551.2207393928788,-1311.2195970673142,2.5245435886852428,-3716.6845877093715
w0_energy01,strict,state_to_output,field_coarse,64,104,-96.80011136801237,-0.07159771550888488,-85.16262885054005,-252.5683388214943,-51.33626305151973,-103.90880582743452,1.2470616013612552,-3216.8001113680125
w0_energy01,strict,state_to_output,field_fine,64,104,-19.484056988902182,-0.014411284755105164,-7.8465744714298395,-175.2522844423841,25.979791327590483,-12.551528976878659,1.1466201636009175,-3139.484056988902
w0_energy01,strict,state_to_output,field_meso,64,104,-43.66216368346742,-0.03229449976587827,-32.024681165995105,-199.43039113694942,1.8016846330252108,-29.496698001353067,1.1605690190817237,-3163.6621636834675
w0_energy01,strict,state_to_output,gru,64,104,-647.2707644922356,-0.47875056545283695,-635.6332819747632,-803.0389919457175,-601.8069161757429,-1548.5193220607744,2.8540539547357318,-3767.2707644922357
w0_energy01,strict,state_to_output,gru+field_coarse,64,104,-738.2355933762425,-0.5460322436214812,-726.5981108587703,-894.0038208297244,-692.7717450597498,-1639.282024982224,2.9706168691906814,-4690.235593376243
w0_energy01,strict,state_to_output,history,64,104,-11.637482517472321,-0.008607605412331598,0.0,-167.4057099709543,33.82636579902032,0.0,1.1384285124729645,-2299.637482517472
w0_energy01,strict,state_to_output,host,64,104,-0.08404996877039395,-6.216713666449256e-05,11.553432548701931,-155.85227742225237,45.37979834772226,10.122617611473267,1.1337182419666194,-3120.0840499687706
w0_energy01,strict,state_to_output,host+field_coarse,64,104,-99.91125262536136,-0.07389885549213118,-88.27377010788902,-255.6794800788433,-54.44740430886872,-103.28120136611011,1.2660488852824792,-4051.911252625361
w0_energy01,strict,state_to_output,morphic_delta_l01,64,104,-1400.256262507523,-1.0356925018546768,-1388.6187799900506,-1556.024489961005,-1354.79241419103,-4635.791465107506,6.657232224236257,-4520.2562625075225
w0_energy01,strict,state_to_output,morphic_delta_l01+morphic_delta_l16,64,104,-1298.9967583236812,-0.9607964188784625,-1287.3592758062089,-1454.764985777163,-1253.5329100071885,-4469.311012012015,6.4445367522327786,-5250.996758323681
w0_energy01,strict,state_to_output,morphic_delta_l08,64,104,-647.6888453943948,-0.47905979688934525,-636.0513628769224,-803.4570728478768,-602.2249970779021,-1452.2792671289264,2.731038606288644,-3767.688845394395
w0_energy01,strict,state_to_output,morphic_delta_l16,64,104,-635.0022693147358,-0.4696762347002484,-623.3647867972636,-790.7704967682179,-589.5384209982433,-1514.5183881111363,2.8084493954862357,-3755.0022693147357
w0_energy01,strict,state_to_output,morphic_output,64,104,-667.685214932921,-0.4938500110450599,-656.0477324154485,-823.4534423864029,-622.2213666164283,-1597.0086973709276,2.9110729910161828,-3787.685214932921
w0_energy01,strict,state_to_output,motif,64,104,-629.8585898689065,-0.46587173806871784,-618.2211073514342,-785.6268173223884,-584.3947415524138,-1324.8371219238297,2.6058013855055986,-3749.8585898689066
w0_energy01,strict,state_to_output,motif+gru,64,104,-775.4071946500362,-0.5735260315458848,-763.7697121325639,-931.1754221035181,-729.9433463335436,-2245.6062800812165,3.6230412705117883,-4727.407194650036
w0_energy01,strict,state_to_output,output_slow,64,104,-45.46384831649266,-0.03362710674296794,-33.82636579902032,-201.2320757699746,0.0,-48.690884725109896,1.1871179185870238,-3165.4638483164927
w0_energy01,strict,state_to_output,synthesis_phase,64,104,-65.3738388573328,-0.048353431107494675,-53.73635633986047,-221.14206631081476,-19.90999054084015,-57.57717554712278,1.1996895433323174,-3185.373838857333
w0_energy01,strict_matched_suffix,output,history,1,767,1134.2947195041168,0.11375937413540435,0.0,0.0,16.395612610609852,0.0,0.8811027609092453,-1153.7052804958832
w0_energy01,strict_matched_suffix,output,output_slow,1,767,1117.899106893507,0.11211504431787253,-16.395612610609852,-16.395612610609852,0.0,-16.376525315385894,0.8844549890027251,-2002.100893106493
w0_energy01,strict_matched_suffix,output,history,16,752,211.7640945196021,0.02166162996313442,0.0,-122.74626485674321,65.93218859531333,0.0,0.9934953844002357,-2076.235905480398
w0_energy01,strict_matched_suffix,output,output_slow,16,752,145.83190592428878,0.014917338985708753,-65.93218859531333,-188.67845345205654,0.0,-66.44200223116995,1.002919252007624,-2974.1680940757115
w0_energy01,strict_matched_suffix,output,history,4,764,518.2552780800002,0.05218035421667339,0.0,0.0,57.310321112617316,0.0,0.9641447543788785,-1769.7447219199998
w0_energy01,strict_matched_suffix,output,output_slow,4,764,460.9449569673828,0.04641008426977273,-57.310321112617316,-57.310321112617316,0.0,-56.29541357771411,0.9714009751251487,-2659.055043032617
w0_energy01,strict_matched_suffix,output,history,64,704,33.17904998875436,0.003625333259260747,0.0,-271.6754934259849,77.42163097564045,0.0,1.0210184765880863,-2254.8209500112457
w0_energy01,strict_matched_suffix,output,output_slow,64,704,-44.242580986886075,-0.004834198097343321,-77.42163097564045,-349.09712440162536,0.0,-79.75724399777039,1.0333403916855757,-3164.242580986886
w0_energy01,strict_matched_suffix,state_to_output,decoder_control,8,95,-220.21220325817038,-0.17830947632240515,-311.13361802232595,-397.5989236733899,-294.6252079844945,-468.0932131944867,1.5918341826888744,-3340.2122032581706
w0_energy01,strict_matched_suffix,state_to_output,field_coarse,8,95,-103.14542235104508,-0.08351856060813367,-194.06683711520066,-280.53214276626466,-177.5584270773693,-250.43130028928044,1.3398117679589594,-3223.145422351045
w0_energy01,strict_matched_suffix,state_to_output,field_fine,8,95,79.56289037167025,0.06442339301349818,-11.358524392485343,-97.82383004354932,5.149885645346055,-21.458126805962472,1.0753052896754058,-3040.43710962833
w0_energy01,strict_matched_suffix,state_to_output,field_meso,8,95,91.46013417564626,0.0740567888061913,0.5387194114906828,-85.92658623957328,17.04712944932208,-3.566867143473141,1.054921891663912,-3028.539865824354
w0_energy01,strict_matched_suffix,state_to_output,gru,8,95,-409.39300170678365,-0.33149230907431876,-500.31441647093925,-586.7797221220032,-483.80600643310777,-981.9513461898695,2.0541248002961576,-3529.3930017067837
w0_energy01,strict_matched_suffix,state_to_output,gru+field_coarse,8,95,-456.93372802960965,-0.3699868243154734,-547.8551427937653,-634.3204484448293,-531.3467327559338,-1043.9206539755046,2.1911548676206802,-4408.9337280296095
w0_energy01,strict_matched_suffix,state_to_output,history,8,95,90.92141476415557,0.07362057875640127,0.0,-86.46530565106397,16.508410037831396,0.0,1.0509657549213252,-2197.0785852358445
w0_energy01,strict_matched_suffix,state_to_output,host,8,95,62.23749184174449,0.05039473023623036,-28.68392292241108,-115.14922857347504,-12.175512884579684,-35.86129550646303,1.076665737702009,-3057.7625081582555
w0_energy01,strict_matched_suffix,state_to_output,host+field_coarse,8,95,-109.8644601784766,-0.08895907706759239,-200.78587494263218,-287.2511805936962,-184.2774649048008,-261.99726913318204,1.3464561646845667,-4061.8644601784767
w0_energy01,strict_matched_suffix,state_to_output,morphic_delta_l01,8,95,-1057.9284175190153,-0.8566222004202553,-1148.8498322831708,-1235.3151379342348,-1132.3414222453393,-2736.177432880562,4.186970708743822,-4177.928417519015
w0_energy01,strict_matched_suffix,state_to_output,morphic_delta_l01+morphic_delta_l16,8,95,-871.0402147172435,-0.7052957204188207,-961.9616294813991,-1048.4269351324629,-945.4532194435677,-2198.872085498434,3.63446361699792,-4823.0402147172435
w0_energy01,strict_matched_suffix,state_to_output,morphic_delta_l08,8,95,-449.0936138011943,-0.36363855368517756,-540.0150285653499,-626.4803342164139,-523.5066185275184,-1073.8492940563913,2.177570872048598,-3569.0936138011944
w0_energy01,strict_matched_suffix,state_to_output,morphic_delta_l16,8,95,-433.1618991243365,-0.35073837985776235,-524.0833138884921,-610.5486195395561,-507.5749038506607,-1007.3205114566642,2.1139099430165884,-3553.1618991243367
w0_energy01,strict_matched_suffix,state_to_output,morphic_output,8,95,-452.51813823268486,-0.3664114479616882,-543.4395529968403,-629.9048586479043,-526.931142959009,-1076.4238051781658,2.190552092502874,-3572.518138232685
w0_energy01,strict_matched_suffix,state_to_output,motif,8,95,-551.8764480627059,-0.4468635206985473,-642.7978628268613,-729.2631684779253,-626.2894527890298,-1202.3360027465517,2.3141059534526245,-3671.876448062706
w0_energy01,strict_matched_suffix,state_to_output,motif+gru,8,95,-607.3765207507005,-0.4918028508102838,-698.297935514856,-784.76324116592,-681.7895254770247,-1590.8246262499817,2.6413811308319675,-4559.3765207507
w0_energy01,strict_matched_suffix,state_to_output,output_slow,8,95,74.41300472632417,0.0602534451225297,-16.508410037831396,-102.97371568889537,0.0,-37.48364699636402,1.1016477707532621,-3045.5869952736757
w0_energy01,strict_matched_suffix,state_to_output,synthesis_phase,8,95,27.250395958282997,0.022065097941929554,-63.67101880587257,-150.13632445693656,-47.162608768041174,-56.0874106104835,1.1060218940578717,-3092.749604041717
w0_energy01,strict_matched_suffix,state_to_output,decoder_control,128,80,-232.61769020432598,-0.22367085596569805,-166.09749285963602,-130.96582308833982,25.241768660713397,-311.81110091077386,1.7204338416076763,-3352.617690204326
w0_energy01,strict_matched_suffix,state_to_output,field_coarse,128,80,-184.70386752784924,-0.17759987262293198,-118.18367018315922,-83.05200041186302,73.15559133719017,-77.27370663494119,1.366641204647159,-3304.703867527849
w0_energy01,strict_matched_suffix,state_to_output,field_fine,128,80,-183.24891898553838,-0.17620088363994074,-116.72872164084836,-81.59705186955215,74.61053987950102,-35.657486379419865,1.296196622973034,-3303.2489189855382
w0_energy01,strict_matched_suffix,state_to_output,field_meso,128,80,-110.37069353707328,-0.10612566686257047,-43.850496192383275,-8.718826421087059,147.4887653279661,-15.840398194447202,1.275826522830612,-3230.3706935370733
w0_energy01,strict_matched_suffix,state_to_output,gru,128,80,-393.31435857425333,-0.37818688324447436,-326.7941612295633,-291.6624914582671,-135.45489970921395,-634.0889341735051,2.3639822827612194,-3513.314358574253
w0_energy01,strict_matched_suffix,state_to_output,gru+field_coarse,128,80,-493.7232338685377,-0.4747338787197478,-427.2030365238477,-392.0713667525515,-235.8637750034983,-677.6729585470316,2.452460451826839,-4445.723233868538
w0_energy01,strict_matched_suffix,state_to_output,history,128,80,-66.52019734469,-0.06396172821604808,0.0,35.1316697712962,191.33926152034937,0.0,1.2422499982206001,-2354.52019734469
w0_energy01,strict_matched_suffix,state_to_output,host,128,80,-67.48835655515197,-0.06489265053379997,-0.9681592104619541,34.163510560834254,190.37110230988742,-7.959395227662558,1.2375757165748016,-3187.4883565551518
w0_energy01,strict_matched_suffix,state_to_output,host+field_coarse,128,80,-130.82264134166604,-0.12579100129006351,-64.30244399697604,-29.170774225679843,127.03681752337334,-48.74444133855969,1.3299191581373033,-4082.822641341666
w0_energy01,strict_matched_suffix,state_to_output,morphic_delta_l01,128,80,-930.8203520706668,-0.8950195692987181,-864.3001547259767,-829.1684849546805,-672.9608932056274,-2441.383325708922,5.970904865071679,-4050.8203520706666
w0_energy01,strict_matched_suffix,state_to_output,morphic_delta_l01+morphic_delta_l16,128,80,-968.4350329648173,-0.9311875316969397,-901.9148356201274,-866.7831658488312,-710.575574099778,-2827.895913792287,6.57964759558318,-4920.435032964817
w0_energy01,strict_matched_suffix,state_to_output,morphic_delta_l08,128,80,-444.18085499923905,-0.42709697596080676,-377.660657654549,-342.5289878832528,-186.32139613419966,-691.5334354665206,2.489247877068678,-3564.1808549992393
w0_energy01,strict_matched_suffix,state_to_output,morphic_delta_l16,128,80,-436.80982766764805,-0.4200094496804308,-370.2896303229581,-335.1579605516619,-178.9503688026087,-730.348272969987,2.4842032821976305,-3556.8098276676483
w0_energy01,strict_matched_suffix,state_to_output,morphic_output,128,80,-472.1030132647539,-0.4539452050622633,-405.58281592006387,-370.45114614876763,-214.24355439971453,-826.9691215299101,2.6461100818534007,-3592.103013264754
w0_energy01,strict_matched_suffix,state_to_output,motif,128,80,-351.9862560308827,-0.338448323106618,-285.4660586861927,-250.3343889148965,-94.12679716584333,-479.0955248437034,2.070279492277088,-3471.986256030883
w0_energy01,strict_matched_suffix,state_to_output,motif+gru,128,80,-556.1834909067179,-0.5347918181795365,-489.66329356202795,-454.5316237907317,-298.32403204167855,-1141.33050426662,3.2533135329484897,-4508.183490906718
w0_energy01,strict_matched_suffix,state_to_output,output_slow,128,80,-257.8594588650394,-0.2479417873702302,-191.33926152034937,-156.2075917490532,0.0,-117.40061789762022,1.3795399272439064,-3377.8594588650394
w0_energy01,strict_matched_suffix,state_to_output,synthesis_phase,128,80,-61.10549828346422,-0.05875528681102329,5.414699061225786,40.546368832522006,196.75396058157517,-69.23543547321258,1.300190128505055,-3181.1054982834644
w0_energy01,strict_matched_suffix,state_to_output,decoder_control,16,94,-393.8065149683804,-0.3222639238693784,-438.05050422858267,-576.1561533667086,-362.2408946564517,-747.1996853840394,1.9761374800082487,-3513.8065149683803
w0_energy01,strict_matched_suffix,state_to_output,field_coarse,16,94,6.01022324647678,0.0049183496288680685,-38.23376601372554,-176.33941515185137,37.57584355840548,-57.62477052314247,1.186774497818941,-3113.989776753523
w0_energy01,strict_matched_suffix,state_to_output,field_fine,16,94,32.23774761289765,0.026381135526102825,-12.006241647304659,-150.1118907854305,63.803367924826354,-8.25607954135933,1.1197661600127242,-3087.7622523871023
w0_energy01,strict_matched_suffix,state_to_output,field_meso,16,94,22.656867334523866,0.018540807966058812,-21.587121925678453,-159.6927710638043,54.22248764645256,-26.574403295155065,1.1430818865223615,-3097.3431326654763
w0_energy01,strict_matched_suffix,state_to_output,gru,16,94,-505.9959036546053,-0.4140719342509045,-550.2398929148076,-688.3455420529335,-474.4302833426766,-1074.8124745138066,2.209054429805707,-3625.995903654605
w0_energy01,strict_matched_suffix,state_to_output,gru+field_coarse,16,94,-466.0736803397034,-0.3814023570701337,-510.31766959990574,-648.4233187380316,-434.5080600277747,-964.8033701973527,2.1749207267183244,-4418.073680339703
w0_energy01,strict_matched_suffix,state_to_output,history,16,94,44.243989260202326,0.03620621052389716,0.0,-138.10564913812584,75.80960957213101,0.0,1.1071843874685516,-2243.7560107397976
w0_energy01,strict_matched_suffix,state_to_output,host,16,94,43.66795118917352,0.035734820940403866,-0.5760380710288029,-138.68168720915466,75.2335715011022,1.591902916637081,1.1031637671436927,-3076.3320488108266
w0_energy01,strict_matched_suffix,state_to_output,host+field_coarse,16,94,4.900766289484952,0.004010447045405035,-39.34322297071736,-177.44887210884323,36.46638660141364,-54.994135262700595,1.1708051215895134,-3947.099233710515
w0_energy01,strict_matched_suffix,state_to_output,morphic_delta_l01,16,94,-1074.6502813134064,-0.8794192154774193,-1118.8942705736085,-1256.9999197117345,-1043.0846610014778,-2719.0778501482946,4.176044611775386,-4194.650281313407
w0_energy01,strict_matched_suffix,state_to_output,morphic_delta_l01+morphic_delta_l16,16,94,-885.236917028119,-0.7244164623798028,-929.4809062883212,-1067.5865554264471,-853.6712967161902,-2230.620200320098,3.5965376464755163,-4837.236917028119
w0_energy01,strict_matched_suffix,state_to_output,morphic_delta_l08,16,94,-516.9588681005437,-0.42304326358473293,-561.2028573607461,-699.3085064988719,-485.393247788615,-1235.8965699175542,2.47885918961202,-3636.9588681005434
w0_energy01,strict_matched_suffix,state_to_output,morphic_delta_l16,16,94,-547.3858525420579,-0.44794259618826343,-591.6298418022602,-729.7354909403862,-515.8202322301292,-1312.5390744192282,2.556330069757221,-3667.385852542058
w0_energy01,strict_matched_suffix,state_to_output,morphic_output,16,94,-545.2587032064939,-0.4462018847843649,-589.5026924666962,-727.608341604822,-513.6930828945652,-1279.8941513102263,2.5252716699229167,-3665.258703206494
w0_energy01,strict_matched_suffix,state_to_output,motif,16,94,-596.8652015068661,-0.48843306178957946,-641.1091907670684,-779.2148399051943,-565.2995811949374,-1394.567269440181,2.6545973998137287,-3716.865201506866
w0_energy01,strict_matched_suffix,state_to_output,motif+gru,16,94,-654.5235755063932,-0.5356166739004854,-698.7675647665953,-836.8732139047213,-622.9579551944645,-1606.4436016735986,2.748799842274859,-4606.523575506393
w0_energy01,strict_matched_suffix,state_to_output,output_slow,16,94,-31.56562031192869,-0.02583111318488436,-75.80960957213101,-213.91525871025686,0.0,-91.3356092306969,1.2343549740250237,-3151.565620311929
w0_energy01,strict_matched_suffix,state_to_output,synthesis_phase,16,94,27.09156830255455,0.02216985949472549,-17.152420957647767,-155.2580700957736,58.657188614483246,-22.75625866575338,1.136479888442946,-3092.9084316974454
w0_energy01,strict_matched_suffix,state_to_output,decoder_control,64,88,-541.803328890792,-0.47360430847097207,-568.3237353764933,-702.69438525935,-539.9383297069337,-1292.1171098919829,2.7405097802575,-3661.803328890792
w0_energy01,strict_matched_suffix,state_to_output,field_coarse,64,88,-43.71044055811332,-0.03820842706128787,-70.2308470438146,-204.6014969266712,-41.84544137425499,-85.84765881851193,1.2204358793509908,-3163.7104405581135
w0_energy01,strict_matched_suffix,state_to_output,field_fine,64,88,12.420046444961535,0.010856683955385957,-14.100360040739757,-148.47100992359637,14.285045628819843,-15.913405148167072,1.1349886594233638,-3107.5799535550386
w0_energy01,strict_matched_suffix,state_to_output,field_meso,64,88,-3.439439628524765,-0.003006503171787382,-29.95984611422606,-164.33049599708266,-1.574440444666462,-25.31582423245627,1.143197694690551,-3123.4394396285247
w0_energy01,strict_matched_suffix,state_to_output,gru,64,88,-598.4390753784221,-0.5231110798762431,-624.9594818641235,-759.33013174698,-596.574076194564,-1543.278733789526,3.145103458910038,-3718.439075378422
w0_energy01,strict_matched_suffix,state_to_output,gru+field_coarse,64,88,-681.3159993749737,-0.5955559435095924,-707.836405860675,-842.2070557435316,-679.4510001911153,-1620.5927807182622,3.2568262469485507,-4633.315999374974
w0_energy01,strict_matched_suffix,state_to_output,history,64,88,26.52040648570129,0.02318217350148714,0.0,-134.37064988285658,28.385405669559596,0.0,1.1229536877549773,-2261.479593514299
w0_energy01,strict_matched_suffix,state_to_output,host,64,88,35.44888296428163,0.030986785807938486,8.92847647858034,-125.44217340427625,37.313882148139946,8.627421128507882,1.1182424814861804,-3084.5511170357186
w0_energy01,strict_matched_suffix,state_to_output,host+field_coarse,64,88,-45.395940618022756,-0.03968176627449541,-71.91634710372405,-206.28699698658065,-43.53094143416446,-85.60606379539291,1.235625511624167,-3997.395940618023
w0_energy01,strict_matched_suffix,state_to_output,morphic_delta_l01,64,88,-1335.5812081558045,-1.1674660910452836,-1362.1016146415059,-1496.4722645243623,-1333.716208971946,-4625.109519312834,7.6324134150094505,-4455.581208155804
w0_energy01,strict_matched_suffix,state_to_output,morphic_delta_l01+morphic_delta_l16,64,88,-1231.0443486886418,-1.0760877173851764,-1257.564755174343,-1391.9354050572,-1229.1793495047834,-4457.895447843254,7.380368723368119,-5183.044348688642
w0_energy01,strict_matched_suffix,state_to_output,morphic_delta_l08,64,88,-595.3751314888589,-0.520432807245506,-621.8955379745602,-756.2661878574168,-593.5101323050005,-1446.1420691986623,2.9986498003778954,-3715.3751314888586
w0_energy01,strict_matched_suffix,state_to_output,morphic_delta_l16,64,88,-582.2510656708914,-0.5089607217402897,-608.7714721565927,-743.1421220394493,-580.3860664870331,-1506.1409730221058,3.0874072052610946,-3702.2510656708914
w0_energy01,strict_matched_suffix,state_to_output,morphic_output,64,88,-613.5487043978828,-0.5363187975505969,-640.0691108835841,-774.4397607664406,-611.6837052140245,-1587.9458943820114,3.2077168540944356,-3733.548704397883
w0_energy01,strict_matched_suffix,state_to_output,motif,64,88,-573.5236726194007,-0.5013318816603153,-600.0440791051019,-734.4147289879586,-571.6586734355424,-1305.9785196142377,2.835561191086676,-3693.5236726194007
w0_energy01,strict_matched_suffix,state_to_output,motif+gru,64,88,-712.2760590503567,-0.6226189327363258,-738.796465536058,-873.1671154189145,-710.4110598664984,-2225.9149665851824,4.037114596611325,-4664.276059050357
w0_energy01,strict_matched_suffix,state_to_output,output_slow,64,88,-1.8649991838583126,-0.0016302440418341894,-28.385405669559596,-162.7560555524162,0.0,-44.459154342468,1.176864908710545,-3121.8649991838583
w0_energy01,strict_matched_suffix,state_to_output,synthesis_phase,64,88,-20.072300760305875,-0.017545717447819822,-46.59270724600715,-180.96335712886375,-18.20730157644756,-43.13515147969241,1.1763357303484943,-3140.072300760306
w0_energy01,sigma_only_adapted,output,history,1,767,1053.049803208515,0.10561125295441931,0.0,0.0,28.016889160979737,0.0,0.8811027609092453,-1234.950196791485
w0_energy01,sigma_only_adapted,output,output_slow,1,767,1025.032914047535,0.10280141550973174,-28.016889160979737,-28.016889160979737,0.0,-27.516940670511357,0.8844549890027251,-2094.967085952465
w0_energy01,sigma_only_adapted,output,history,16,752,131.5590819802575,0.013457352903054163,0.0,-185.3010596591013,73.59196986665151,0.0,0.9934953844002357,-2156.4409180197426
w0_energy01,sigma_only_adapted,output,output_slow,16,752,57.96711211360602,0.005929532744845133,-73.59196986665151,-258.8930295257528,0.0,-78.94416805722157,1.002919252007624,-3062.032887886394
w0_energy01,sigma_only_adapted,output,history,4,764,423.56448193186395,0.042646444012471196,0.0,0.0,50.387939365786224,0.0,0.9641447543788785,-1864.435518068136
w0_energy01,sigma_only_adapted,output,output_slow,4,764,373.1765425660777,0.03757315168808676,-50.387939365786224,-50.387939365786224,0.0,-44.31542729303821,0.9714009751251487,-2746.823457433922
w0_energy01,sigma_only_adapted,output,history,64,704,-9.399428695773892,-0.0010270354781221473,0.0,-234.92176712810516,56.80981748162422,0.0,1.0210184765880863,-2297.399428695774
w0_energy01,sigma_only_adapted,output,output_slow,64,704,-66.20924617739807,-0.00723440189875416,-56.80981748162422,-291.73158460972934,0.0,-77.26015283536307,1.0333403916855757,-3186.209246177398
w0_energy01,sigma_only_adapted,state_to_output,decoder_control,8,95,-403.3154392439376,-0.3265712058655365,-436.76101662603037,-594.2557737025674,-367.1617912961484,-569.1391763454694,1.5918341826888744,-3523.3154392439374
w0_energy01,sigma_only_adapted,state_to_output,field_coarse,8,95,-200.3773880496032,-0.16224889720615646,-233.82296543169605,-391.31772250823303,-164.22374010181414,-267.5803547077129,1.3398117679589594,-3320.3773880496033
w0_energy01,sigma_only_adapted,state_to_output,field_fine,8,95,48.6904766479345,0.039425487164319435,15.244899265841651,-142.24985781069535,84.84412459572359,-15.719623837572351,1.0753052896754058,-3071.3095233520653
w0_energy01,sigma_only_adapted,state_to_output,field_meso,8,95,41.18932154839669,0.03335167736712283,7.743744166303852,-149.7510129102331,77.34296949618579,-8.316481692015941,1.054921891663912,-3078.8106784516035
w0_energy01,sigma_only_adapted,state_to_output,gru,8,95,-784.3622410178338,-0.6351111263302298,-817.8078183999266,-975.3025754764635,-748.2085930700447,-969.7319841760003,2.0541248002961576,-3904.3622410178336
w0_energy01,sigma_only_adapted,state_to_output,gru+field_coarse,8,95,-846.245881772247,-0.6852193374674065,-879.6914591543398,-1037.1862162308767,-810.0922338244579,-1084.9866410083523,2.1911548676206802,-4798.245881772247
w0_energy01,sigma_only_adapted,state_to_output,history,8,95,33.445577382092836,0.02708143917578367,0.0,-157.49475707653698,69.59922532988193,0.0,1.0509657549213252,-2254.554422617907
w0_energy01,sigma_only_adapted,state_to_output,host,8,95,53.27902446939398,0.04314091050153359,19.833447087301145,-137.66130998923586,89.43267241718308,-9.460583300586825,1.076665737702009,-3066.720975530606
w0_energy01,sigma_only_adapted,state_to_output,host+field_coarse,8,95,-199.31666286751926,-0.16139001041904394,-232.76224024961212,-390.2569973261491,-163.1630149197302,-243.6177762506819,1.3464561646845667,-4151.316662867519
w0_energy01,sigma_only_adapted,state_to_output,morphic_delta_l01,8,95,-2709.6491122451253,-2.194047864166093,-2743.0946896272185,-2900.589446703755,-2673.495464297336,-3181.3363429043493,4.186970708743822,-5829.649112245125
w0_energy01,sigma_only_adapted,state_to_output,morphic_delta_l01+morphic_delta_l16,8,95,-2135.3901676180917,-1.7290608644680905,-2168.8357450001845,-2326.330502076721,-2099.2365196703026,-2534.401577998013,3.63446361699792,-6087.390167618092
w0_energy01,sigma_only_adapted,state_to_output,morphic_delta_l08,8,95,-959.6920701751017,-0.7770785993320661,-993.1376475571946,-1150.6324046337318,-923.5384222273126,-1238.0694756383618,2.177570872048598,-4079.6920701751014
w0_energy01,sigma_only_adapted,state_to_output,morphic_delta_l16,8,95,-906.1932214834585,-0.7337596935088733,-939.6387988655514,-1097.1335559420882,-870.0395735356693,-1160.8768009219075,2.1139099430165884,-4026.1932214834587
w0_energy01,sigma_only_adapted,state_to_output,morphic_output,8,95,-964.3282886778786,-0.7808326224112377,-997.7738660599716,-1155.2686231365083,-928.1746407300895,-1244.5735884387113,2.190552092502874,-4084.328288677879
w0_energy01,sigma_only_adapted,state_to_output,motif,8,95,-1041.1741494480077,-0.8430559914558767,-1074.6197268301007,-1232.1144839066376,-1005.0205015002188,-1390.3326644604479,2.3141059534526245,-4161.1741494480075
w0_energy01,sigma_only_adapted,state_to_output,motif+gru,8,95,-1108.1346587360172,-0.8972750273166131,-1141.58023611811,-1299.0749931946468,-1071.981010788228,-1459.9491834402081,2.6413811308319675,-5060.134658736017
w0_energy01,sigma_only_adapted,state_to_output,output_slow,8,95,-36.15364794778912,-0.029274208864606573,-69.59922532988193,-227.0939824064189,0.0,-57.1036650311945,1.1016477707532621,-3156.153647947789
w0_energy01,sigma_only_adapted,state_to_output,synthesis_phase,8,95,-14.91701706379422,-0.012078556326958883,-48.36259444588707,-205.85735152242404,21.236630883994874,-49.59619338192065,1.1060218940578717,-3134.9170170637944
w0_energy01,sigma_only_adapted,state_to_output,decoder_control,16,94,-668.4560945993942,-0.5470180806869019,-702.4580860219298,-862.9144866384868,-570.5124703997782,-822.6670644650121,1.9761374800082487,-3788.4560945993944
w0_energy01,sigma_only_adapted,state_to_output,field_coarse,16,94,-43.846821117218106,-0.03588119567693789,-77.84881253975391,-238.30521315631086,54.09680308239776,-68.66745870528155,1.186774497818941,-3163.846821117218
w0_energy01,sigma_only_adapted,state_to_output,field_fine,16,94,41.18197357776607,0.03370046937624065,7.1799821552302685,-153.27641846132667,139.12559777738193,-11.030588458321418,1.1197661600127242,-3078.8180264222337
w0_energy01,sigma_only_adapted,state_to_output,field_meso,16,94,10.9330014093612,0.008946809663961702,-23.068990013174606,-183.5253906297316,108.87662560897705,-34.024760043384134,1.1430818865223615,-3109.066998590639
w0_energy01,sigma_only_adapted,state_to_output,gru,16,94,-964.616465409672,-0.7893751762763273,-998.6184568322077,-1159.0748574487645,-866.6728412100562,-1161.0711565065494,2.209054429805707,-4084.616465409672
w0_energy01,sigma_only_adapted,state_to_output,gru+field_coarse,16,94,-891.3374612817187,-0.729408724453125,-925.3394527042545,-1085.7958533208116,-793.393837082103,-1085.4397110602974,2.1749207267183244,-4843.337461281719
w0_energy01,sigma_only_adapted,state_to_output,history,16,94,34.00199142253578,0.027824870231207676,0.0,-160.45640061655695,131.94561562215168,0.0,1.1071843874685516,-2253.998008577464
w0_energy01,sigma_only_adapted,state_to_output,host,16,94,54.01423923239486,0.04420150510015946,20.012247809859055,-140.4441528066979,151.95786343201073,-4.21899916018282,1.1031637671436927,-3065.985760767605
w0_energy01,sigma_only_adapted,state_to_output,host+field_coarse,16,94,-3.9790813592045637,-0.0032562040582688736,-37.98107278174036,-198.43747339829733,93.9645428404113,-63.52121307202806,1.1708051215895134,-3955.9790813592044
w0_energy01,sigma_only_adapted,state_to_output,morphic_delta_l01,16,94,-2716.6054124169164,-2.223081352223336,-2750.6074038394518,-2911.063804456009,-2618.6617882173005,-3119.7649841979737,4.176044611775386,-5836.605412416917
w0_energy01,sigma_only_adapted,state_to_output,morphic_delta_l01+morphic_delta_l16,16,94,-2266.4463949139604,-1.8547024508297547,-2300.448386336496,-2460.904786953053,-2168.502770714344,-2582.4500395795876,3.5965376464755163,-6218.446394913961
w0_energy01,sigma_only_adapted,state_to_output,morphic_delta_l08,16,94,-981.8919143310168,-0.8035122048535326,-1015.8939057535525,-1176.3503063701094,-883.9482901314009,-1311.6991911034424,2.47885918961202,-4101.891914331017
w0_energy01,sigma_only_adapted,state_to_output,morphic_delta_l16,16,94,-1027.32589290992,-0.8406922200572177,-1061.3278843324556,-1221.7842849490125,-929.382268710304,-1379.3040543487264,2.556330069757221,-4147.32589290992
w0_energy01,sigma_only_adapted,state_to_output,morphic_output,16,94,-1025.3856715286827,-0.8391044775193802,-1059.3876629512185,-1219.8440635677755,-927.4420473290668,-1356.2930357890014,2.5252716699229167,-4145.385671528683
w0_energy01,sigma_only_adapted,state_to_output,motif,16,94,-1138.749773840345,-0.9318737920133755,-1172.7517652628808,-1333.2081658794377,-1040.806149640729,-1463.754606336239,2.6545973998137287,-4258.749773840345
w0_energy01,sigma_only_adapted,state_to_output,motif+gru,16,94,-1321.907096149044,-1.0817570344918528,-1355.9090875715801,-1516.3654881881369,-1223.9634719494281,-1678.1013717942715,2.748799842274859,-5273.907096149044
w0_energy01,sigma_only_adapted,state_to_output,output_slow,16,94,-97.94362419961587,-0.08015026530246798,-131.94561562215168,-292.40201623870865,0.0,-119.52433187385103,1.2343549740250237,-3217.943624199616
w0_energy01,sigma_only_adapted,state_to_output,synthesis_phase,16,94,12.86253810030913,0.010525808592724329,-21.13945332222666,-181.59585393878365,110.806162299925,-26.56719555198981,1.136479888442946,-3107.137461899691
w0_energy01,sigma_only_adapted,state_to_output,decoder_control,64,88,-1161.37932223565,-1.0151917152409529,-1176.2883369684869,-1299.4973793225229,-1112.0242642850585,-1289.3826048147623,2.7405097802575,-4281.37932223565
w0_energy01,sigma_only_adapted,state_to_output,field_coarse,64,88,-93.19801534082325,-0.08146679662659374,-108.10703007366027,-231.3160724276962,-43.842957390232044,-73.1362833558115,1.2204358793509908,-3213.198015340823
w0_energy01,sigma_only_adapted,state_to_output,field_fine,64,88,3.9477039351857606,0.0034507901531344062,-10.961310797651276,-134.1703531516872,53.30276188577696,-7.14516894680283,1.1349886594233638,-3116.052296064814
w0_energy01,sigma_only_adapted,state_to_output,field_meso,64,88,-8.462790254209738,-0.007397543928505015,-23.37180498704677,-146.58084734108272,40.89226769638145,-17.58446736504184,1.143197694690551,-3128.4627902542097
w0_energy01,sigma_only_adapted,state_to_output,gru,64,88,-1384.2223798581474,-1.209984597778101,-1399.1313945909844,-1522.3404369450202,-1334.867321907556,-1715.0948209797343,3.145103458910038,-4504.222379858147
w0_energy01,sigma_only_adapted,state_to_output,gru+field_coarse,64,88,-1610.5931087635893,-1.4078611090590816,-1625.5021234964265,-1748.7111658504623,-1561.2380508129982,-1776.0044935829073,3.2568262469485507,-5562.593108763589
w0_energy01,sigma_only_adapted,state_to_output,history,64,88,14.909014732837038,0.013032355535696712,0.0,-123.20904235403594,64.26407268342822,0.0,1.1229536877549773,-2273.090985267163
w0_energy01,sigma_only_adapted,state_to_output,host,64,88,-10.07763450582285,-0.00880912107152347,-24.986649238659883,-148.19569159269582,39.277423444768345,5.128507440835595,1.1182424814861804,-3130.077634505823
w0_energy01,sigma_only_adapted,state_to_output,host+field_coarse,64,88,-98.55843459678712,-0.08615247779439433,-113.46744932962415,-236.6764916836601,-49.203376646195935,-83.52586294574296,1.235625511624167,-4050.5584345967873
w0_energy01,sigma_only_adapted,state_to_output,morphic_delta_l01,64,88,-4028.4647237571007,-3.5213852480394237,-4043.3737384899378,-4166.5827808439735,-3979.1096658065094,-5062.596838801382,7.6324134150094505,-7148.464723757101
w0_energy01,sigma_only_adapted,state_to_output,morphic_delta_l01+morphic_delta_l16,64,88,-3833.428674037721,-3.3508991905924135,-3848.3376887705576,-3971.546731124594,-3784.0736160871293,-4928.149558603118,7.380368723368119,-7785.428674037721
w0_energy01,sigma_only_adapted,state_to_output,morphic_delta_l08,64,88,-1507.2906966901078,-1.3175617978060383,-1522.1997114229453,-1645.408753776981,-1457.935638739517,-1666.848809334232,2.9986498003778954,-4627.290696690108
w0_energy01,sigma_only_adapted,state_to_output,morphic_delta_l16,64,88,-1493.2224633633969,-1.3052643910519204,-1508.1314780962339,-1631.3405204502697,-1443.8674054128055,-1778.7063697392646,3.0874072052610946,-4613.222463363397
w0_energy01,sigma_only_adapted,state_to_output,morphic_output,64,88,-1570.4452704326195,-1.3727668447837582,-1585.3542851654568,-1708.5633275194928,-1521.0902124820284,-1889.2073833018096,3.2077168540944356,-4690.4452704326195
w0_energy01,sigma_only_adapted,state_to_output,motif,64,88,-1280.7409365270382,-1.119528790670488,-1295.649951259875,-1418.858993613911,-1231.3858785764467,-1555.8735252856393,2.835561191086676,-4400.740936527038
w0_energy01,sigma_only_adapted,state_to_output,motif+gru,64,88,-1838.2533462912138,-1.6068648131916206,-1853.1623610240506,-1976.3714033780866,-1788.898288340622,-2512.813020312618,4.037114596611325,-5790.253346291214
w0_energy01,sigma_only_adapted,state_to_output,output_slow,64,88,-49.35505795059119,-0.0431425331735937,-64.26407268342822,-187.4731150374642,0.0,-39.19639404476454,1.176864908710545,-3169.3550579505913
w0_energy01,sigma_only_adapted,state_to_output,synthesis_phase,64,88,-93.53340649950614,-0.08175997071635152,-108.44242123234318,-231.65146358637912,-44.17834854891495,-49.27058188083697,1.1763357303484943,-3213.5334064995063
w0_energy03,strict,output,history,1,895,1312.2265638706908,0.1127826870537766,0.0,0.0,97.69049478160579,0.0,0.8859963151381911,-975.7734361293092
w0_energy03,strict,output,output_slow,1,895,1214.5360690890852,0.10438642622166612,-97.69049478160579,-97.69049478160579,0.0,-99.87801082550683,0.8983907699820055,-1905.4639309109148
w0_energy03,strict,output,history,16,880,342.6857711698487,0.029955049927434325,0.0,127.99750422168894,99.71356469035334,0.0,0.9906357201105598,-1945.3142288301513
w0_energy03,strict,output,output_slow,16,880,242.97220647949533,0.021238829237718124,-99.71356469035334,28.283939531335648,0.0,-101.42442899663061,1.0031555486502708,-2877.0277935205045
w0_energy03,strict,output,history,4,892,816.3711818202305,0.0704011022611444,0.0,0.0,40.17871758792147,0.0,0.941502156482511,-1471.6288181797695
w0_energy03,strict,output,output_slow,4,892,776.192464232309,0.06693622492517325,-40.17871758792147,-40.17871758792147,0.0,-39.05932333583393,0.9464793781953784,-2343.8075357676908
w0_energy03,strict,output,history,64,832,90.44240498666312,0.008361908745068706,0.0,-99.58145385789584,102.27622827160155,0.0,1.019103918385125,-2197.557595013337
w0_energy03,strict,output,output_slow,64,832,-11.833823284938461,-0.001094103484184399,-102.27622827160155,-201.8576821294974,0.0,-106.24391084504762,1.0330384153076275,-3131.8338232849383
w0_energy03,strict,state_to_output,decoder_control,8,111,-216.77575096782874,-0.15022574564645097,-329.24779402751636,-407.4357548372353,-286.1368718450271,-472.5487876454165,1.4147392212012264,-3336.7757509678286
w0_energy03,strict,state_to_output,field_coarse,8,111,-202.12462237399563,-0.14007250337768234,-314.59666543368326,-392.78462624340216,-271.485743251194,-369.4988513352455,1.314914035986709,-3322.1246223739954
w0_energy03,strict,state_to_output,field_fine,8,111,82.91286059597033,0.05745866985167729,-29.559182463717292,-107.74714327343618,13.551739718771953,-43.074427964924304,1.0106601591364581,-3037.0871394040296
w0_energy03,strict,state_to_output,field_meso,8,111,85.19429851781467,0.05903970791255348,-27.27774454187293,-105.46570535159182,15.833177640616313,-29.403634494611158,1.0036507574180724,-3034.805701482185
w0_energy03,strict,state_to_output,gru,8,111,-351.1080116476514,-0.2433180953899178,-463.58005470733895,-541.7680155170578,-420.4691325248497,-807.5371838877635,1.6575550149330815,-3471.1080116476514
w0_energy03,strict,state_to_output,gru+field_coarse,8,111,-506.4334838125825,-0.3509587552408749,-618.9055268722701,-697.093487681989,-575.7946046897808,-1025.734959389289,1.9069864257095495,-4458.433483812582
w0_energy03,strict,state_to_output,history,8,111,112.4720430596876,0.0779432037835673,0.0,-78.1879608097189,43.11092218248924,0.0,0.9697332065198621,-2175.5279569403124
w0_energy03,strict,state_to_output,host,8,111,9.974686393737827,0.006912464583324897,-102.49735666594978,-180.68531747566868,-59.38643448346056,-118.99635599292793,1.0634020629315106,-3110.025313606262
w0_energy03,strict,state_to_output,host+field_coarse,8,111,-214.91681539692485,-0.14893750200757092,-327.3888584566125,-405.57681926633137,-284.27793627412325,-414.17161252103307,1.3578371603057675,-4166.916815396925
w0_energy03,strict,state_to_output,morphic_delta_l01,8,111,-992.9073104672141,-0.6880854542392336,-1105.379353526902,-1183.5673143366207,-1062.2684313444124,-2497.1565323189166,3.4174647041963455,-4112.907310467214
w0_energy03,strict,state_to_output,morphic_delta_l01+morphic_delta_l16,8,111,-808.5136411323729,-0.560300513605248,-920.9856841920603,-999.1736450017794,-877.8747620095712,-1986.5446768867073,2.9631567063235584,-4760.513641132373
w0_energy03,strict,state_to_output,morphic_delta_l08,8,111,-390.1625446274357,-0.27038291380972673,-502.63458768712337,-580.8225484968422,-459.5236655046341,-882.6543375320114,1.7524772155523458,-3510.1625446274356
w0_energy03,strict,state_to_output,morphic_delta_l16,8,111,-370.3314886160483,-0.25663997825089974,-482.8035316757358,-560.9914924854548,-439.69260949324666,-817.5244300059453,1.7013328598811615,-3490.3314886160483
w0_energy03,strict,state_to_output,morphic_output,8,111,-392.86054322781195,-0.2722526287095024,-505.3325862874995,-583.5205470972185,-462.2216641050103,-879.1874669871404,1.7598992804385203,-3512.860543227812
w0_energy03,strict,state_to_output,motif,8,111,-458.03945647268574,-0.317421660757232,-570.5114995323734,-648.6994603420923,-527.4005773498841,-1000.3374496601637,1.8716184041570068,-3578.0394564726857
w0_energy03,strict,state_to_output,motif+gru,8,111,-516.4037200572255,-0.35786813586779315,-628.8757631169133,-707.0637239266321,-585.7648409344239,-1351.6348060701034,2.108334799630193,-4468.403720057226
w0_energy03,strict,state_to_output,output_slow,8,111,69.36112087719839,0.04806730483520332,-43.11092218248924,-121.29888299220814,0.0,-58.64780501161891,1.0295516574605694,-3050.6388791228014
w0_energy03,strict,state_to_output,synthesis_phase,8,111,46.998254193535736,0.03256982272594299,-65.47378886615189,-143.6617496758708,-22.36286668366266,-65.60456501955305,1.034739546500722,-3073.0017458064644
w0_energy03,strict,state_to_output,decoder_control,128,96,-260.0305138017923,-0.2083577834950259,-198.98871404584162,-51.4053822610917,-35.49546737132928,-424.29761570885586,1.4597253532874066,-3380.0305138017925
w0_energy03,strict,state_to_output,field_coarse,128,96,-156.5325107475585,-0.1254266913041334,-95.49071099160781,52.09262079314212,68.00253568290455,-34.6141937280253,1.130258451080491,-3276.5325107475583
w0_energy03,strict,state_to_output,field_fine,128,96,-197.3973847891681,-0.15817098140157698,-136.3555850332174,11.227746751532514,27.13766164129496,-10.838233325818205,1.0774133243236896,-3317.397384789168
w0_energy03,strict,state_to_output,field_meso,128,96,-106.8068870596545,-0.08558244155421034,-45.76508730370381,101.8182444810461,117.72815937080857,-6.648271206920246,1.0796674253582126,-3226.8068870596544
w0_energy03,strict,state_to_output,gru,128,96,-393.29911366155295,-0.3151435205621418,-332.25731390560225,-184.67398212085232,-168.76406723108983,-577.8255633468012,1.8844680289941806,-3513.299113661553
w0_energy03,strict,state_to_output,gru+field_coarse,128,96,-490.17285684980595,-0.3927667122193958,-429.13105709385525,-281.54772530910526,-265.6378104193428,-582.3050846302368,1.9304061932972627,-4442.172856849806
w0_energy03,strict,state_to_output,history,128,96,-61.041799755950706,-0.0489116985223964,0.0,147.58333178474993,163.49324667451242,0.0,1.0628107794086763,-2349.0417997559507
w0_energy03,strict,state_to_output,host,128,96,-115.72028630454912,-0.09272458838505539,-54.67848654859842,92.9048452361515,108.81476012591396,-68.51506570275517,1.1130774082780754,-3235.720286304549
w0_energy03,strict,state_to_output,host+field_coarse,128,96,-185.11489626046665,-0.14832924379845083,-124.07309650451592,23.51023528023399,39.42015016999645,-94.67796310317887,1.1759514603767833,-4137.114896260467
w0_energy03,strict,state_to_output,morphic_delta_l01,128,96,-949.4812833561443,-0.7608023103815259,-888.4394836001935,-740.8561518154436,-724.9462369256811,-2279.7246217403913,4.771652017094503,-4069.4812833561446
w0_energy03,strict,state_to_output,morphic_delta_l01+morphic_delta_l16,128,96,-1006.5038786138298,-0.8064934924790302,-945.4620788578791,-797.878747073129,-781.9688321833668,-2657.953711436105,5.270287374623345,-4958.50387861383
w0_energy03,strict,state_to_output,morphic_delta_l08,128,96,-452.8401596345187,-0.3628526920148387,-391.798359878568,-244.21502809381812,-228.30511320405571,-632.0081975512087,1.9881756462779117,-3572.840159634519
w0_energy03,strict,state_to_output,morphic_delta_l16,128,96,-450.64104877731876,-0.36109058395618493,-389.5992490213681,-242.01591723661815,-226.10600234685575,-684.4428745819562,1.9949818432794983,-3570.6410487773187
w0_energy03,strict,state_to_output,morphic_output,128,96,-484.48707282410584,-0.3882107955321361,-423.4452730681551,-275.8619412834052,-259.9520263936427,-775.1801860350411,2.1173858677105892,-3604.487072824106
w0_energy03,strict,state_to_output,motif,128,96,-368.4945009687801,-0.29526802962241994,-307.4527012128295,-159.86936942807955,-143.9594545383171,-465.44820936389186,1.7081372888600062,-3488.49450096878
w0_energy03,strict,state_to_output,motif+gru,128,96,-581.4871984101319,-0.4659352551363236,-520.4453986541813,-372.8620668694313,-356.9521519796689,-1093.7261134365765,2.6352022913751276,-4533.487198410132
w0_energy03,strict,state_to_output,output_slow,128,96,-224.53504643046307,-0.17991590258851206,-163.49324667451242,-15.909914889762458,0.0,-74.04536996847342,1.1718177482762797,-3344.535046430463
w0_energy03,strict,state_to_output,synthesis_phase,128,96,16.857377262791104,0.013507513832364667,77.89917701874182,225.48250880349173,241.39242369325422,-17.58095669340969,1.0853969443373872,-3103.142622737209
w0_energy03,strict,state_to_output,decoder_control,16,110,-283.05377174865066,-0.19793970052353194,-384.53764665982834,-475.42818226279314,-315.5536092184442,-557.5802365070451,1.5331899037568038,-3403.0537717486504
w0_energy03,strict,state_to_output,field_coarse,16,110,103.95300269226883,0.07269440747711106,2.469127781091119,-88.42140782187374,71.45316522247528,6.080836705314287,1.0089474465371553,-3016.046997307731
w0_energy03,strict,state_to_output,field_fine,16,110,52.26197529036428,0.03654683586738761,-49.2218996208134,-140.11243522377825,19.762137820570757,-42.26915339658164,1.0500948034232611,-3067.7380247096357
w0_energy03,strict,state_to_output,field_meso,16,110,44.174440833598176,0.030891217366152572,-57.30943407757954,-148.19996968054437,11.674603363804623,-58.28425005223623,1.0627223402795658,-3075.825559166402
w0_energy03,strict,state_to_output,gru,16,110,-427.07949903372673,-0.29865699233127746,-528.5633739449045,-619.4539095478693,-459.5793365035203,-924.9929456207342,1.7825728629243311,-3547.0794990337267
w0_energy03,strict,state_to_output,gru+field_coarse,16,110,-364.3226624655456,-0.25477109263324865,-465.80653737672327,-556.6970729796881,-396.8224999353391,-733.226004185325,1.6871714908561055,-4316.322662465545
w0_energy03,strict,state_to_output,history,16,110,101.48387491117771,0.07096774469313126,0.0,-90.89053560296485,68.98403744138416,0.0,1.0032947091238078,-2186.5161250888223
w0_energy03,strict,state_to_output,host,16,110,29.633159888606905,0.02072248943259224,-71.8507150225708,-162.74125062553566,-2.866677581186634,-87.12835296125898,1.081779323975398,-3090.3668401113932
w0_energy03,strict,state_to_output,host+field_coarse,16,110,63.72940606040106,0.04456601822405669,-37.75446885077664,-128.64500445374148,31.22956859060752,-64.36558786030874,1.0687258826316628,-3888.270593939599
w0_energy03,strict,state_to_output,morphic_delta_l01,16,110,-979.2180283448681,-0.6847678519894183,-1080.7019032560456,-1171.5924388590106,-1011.7178658146615,-2469.869702644571,3.3573840572768985,-4099.218028344868
w0_energy03,strict,state_to_output,morphic_delta_l01+morphic_delta_l16,16,110,-800.5592207626654,-0.5598316229109548,-902.043095673843,-992.933631276808,-833.0590582324588,-2022.2836913345018,2.8945150033043197,-4752.559220762665
w0_energy03,strict,state_to_output,morphic_delta_l08,16,110,-418.6264581194937,-0.2927457749087368,-520.1103330306713,-611.0008686336362,-451.12629558928717,-1007.6272141187304,1.9499813291622485,-3538.6264581194937
w0_energy03,strict,state_to_output,morphic_delta_l16,16,110,-451.1635728356348,-0.3154990019829614,-552.6474477468125,-643.5379833497773,-483.66341030542833,-1082.6558309834431,2.013657436351799,-3571.163572835635
w0_energy03,strict,state_to_output,morphic_output,16,110,-447.6789577030816,-0.3130622081839732,-549.1628326142593,-640.0533682172241,-480.17879517287514,-1050.2487336868737,1.9877245682896745,-3567.678957703082
w0_energy03,strict,state_to_output,motif,16,110,-499.23886610514757,-0.3491180881854179,-600.7227410163252,-691.6132766192902,-531.7387035749412,-1205.9474969005887,2.135231914811878,-3619.2388661051477
w0_energy03,strict,state_to_output,motif+gru,16,110,-569.6564157266961,-0.39836112987880845,-671.1402906378738,-762.0308262408387,-602.1562531964896,-1402.4071657065988,2.184995984296481,-4521.656415726696
w0_energy03,strict,state_to_output,output_slow,16,110,32.49983746979355,0.0227271590697857,-68.98403744138416,-159.87457304434903,0.0,-77.0249596119814,1.0943121240459297,-3087.5001625302066
w0_energy03,strict,state_to_output,synthesis_phase,16,110,46.993597646672974,0.03286265569697411,-54.490277264504726,-145.3808128674696,14.493760176879439,-70.24450743584447,1.0679217170517832,-3073.006402353327
w0_energy03,strict,state_to_output,decoder_control,64,104,-471.0605824862319,-0.3484175905963254,-487.26944438148513,-635.3168166865288,-449.9382456145483,-1032.9857496430852,2.199694227003353,-3591.060582486232
w0_energy03,strict,state_to_output,field_coarse,64,104,-19.69812313705602,-0.01456961770492309,-35.90698503230928,-183.95435733735292,1.424213734627592,-44.168922947052984,1.1596654085157143,-3139.698123137056
w0_energy03,strict,state_to_output,field_fine,64,104,4.9015301943984095,0.0036253921556201256,-11.307331700854848,-159.3547040058985,26.02386706608202,-12.247588897429175,1.1086032644340165,-3115.098469805602
w0_energy03,strict,state_to_output,field_meso,64,104,-10.117132077452458,-0.00748308585610389,-26.32599397270571,-174.37336627774934,11.005204794231151,-20.665687262338338,1.1226148905867857,-3130.1171320774524
w0_energy03,strict,state_to_output,gru,64,104,-531.6597127254082,-0.39323943248920723,-547.8685746206614,-695.915946925705,-510.53737585372454,-1270.6519695284128,2.5219311108083864,-3651.659712725408
w0_energy03,strict,state_to_output,gru+field_coarse,64,104,-596.216480913137,-0.4409885213854564,-612.4253428083904,-760.4727151134341,-575.0941440414535,-1300.3719761836826,2.603456503593898,-4548.216480913137
w0_energy03,strict,state_to_output,history,64,104,16.20886189525325,0.011988803176962463,0.0,-148.04737230504364,37.331198766936865,0.0,1.0970520584943064,-2271.7911381047466
w0_energy03,strict,state_to_output,host,64,104,7.62651249816734,0.005640911611070518,-8.582349397085917,-156.6297217021296,28.748849369850944,-8.962877832913069,1.10953593092107,-3112.3734875018326
w0_energy03,strict,state_to_output,host+field_coarse,64,104,-42.1764688652589,-0.031195613066019895,-58.385330760512154,-206.4327030655558,-21.054131993575297,-62.121853581705594,1.183680515772335,-3994.176468865259
w0_energy03,strict,state_to_output,morphic_delta_l01,64,104,-1245.152323813147,-0.920970653707949,-1261.3611857084002,-1409.408558013444,-1224.0299869414634,-4031.116663060624,6.131846660959077,-4365.152323813147
w0_energy03,strict,state_to_output,morphic_delta_l01+morphic_delta_l16,64,104,-1148.6985442655139,-0.8496291007881019,-1164.9074061607673,-1312.9547784658107,-1127.5762073938304,-3868.8401459099596,5.899764213335432,-5100.698544265514
w0_energy03,strict,state_to_output,morphic_delta_l08,64,104,-532.9787337191292,-0.39421503973308375,-549.1875956143824,-697.234967919426,-511.85639684744564,-1186.0131912364209,2.4053148697929494,-3652.978733719129
w0_energy03,strict,state_to_output,morphic_delta_l16,64,104,-525.1300679582426,-0.38840981357858184,-541.338929853496,-689.3863021585396,-504.0077310865591,-1239.0412339078532,2.4672788731076194,-3645.1300679582428
w0_energy03,strict,state_to_output,morphic_output,64,104,-556.5741199576939,-0.4116672484894186,-572.7829818529472,-720.8303541579908,-535.4517830860103,-1312.0784190417812,2.5620556842156734,-3676.574119957694
w0_energy03,strict,state_to_output,motif,64,104,-513.7802451928084,-0.3800149742550358,-529.9891070880616,-678.0364793931053,-492.65790832112475,-1088.2431725261536,2.3122749670728937,-3633.7802451928083
w0_energy03,strict,state_to_output,motif+gru,64,104,-645.3260996007534,-0.47731220384671114,-661.5349614960065,-809.5823338010503,-624.2037627290697,-1881.4939614385867,3.218836895157208,-4597.326099600754
w0_energy03,strict,state_to_output,output_slow,64,104,-21.122336871683604,-0.01562303023053521,-37.331198766936865,-185.3785710719805,0.0,-48.306363958483324,1.154238080758306,-3141.1223368716837
w0_energy03,strict,state_to_output,synthesis_phase,64,104,-31.02779593964498,-0.022949553209796584,-47.236657834898224,-195.28403013994188,-9.905459067961363,-47.95114920829634,1.1466723380232302,-3151.027795939645
w0_energy03,strict_matched_suffix,output,history,1,767,1111.5575117840365,0.11147904039555075,0.0,0.0,93.02719026424177,0.0,0.89564892512738,-1176.4424882159635
w0_energy03,strict_matched_suffix,output,output_slow,1,767,1018.5303215197947,0.10214926502053903,-93.02719026424177,-93.02719026424177,0.0,-94.79644464730043,0.9092586058549972,-2101.4696784802054
w0_energy03,strict_matched_suffix,output,history,16,752,275.0735369293552,0.028137636756276105,0.0,112.4205294491946,89.28692956303115,0.0,1.0027779382241284,-2012.9264630706448
w0_energy03,strict_matched_suffix,output,output_slow,16,752,185.786607366324,0.01900435836398568,-89.28692956303115,23.133599886163417,0.0,-89.0274546367693,1.0153484775897508,-2934.213392633676
w0_energy03,strict_matched_suffix,output,history,4,764,699.1899139653499,0.07039769572748186,0.0,0.0,39.06605510439449,0.0,0.9498523732662151,-1588.81008603465
w0_energy03,strict_matched_suffix,output,output_slow,4,764,660.1238588609555,0.0664643434213608,-39.06605510439449,-39.06605510439449,0.0,-36.87470753202148,0.955436843619778,-2459.8761411390446
w0_energy03,strict_matched_suffix,output,history,64,704,51.24643345443238,0.005599479179898643,0.0,-102.63975523888345,93.84175147769936,0.0,1.0349289729547264,-2236.7535665455675
w0_energy03,strict_matched_suffix,output,output_slow,64,704,-42.59531802326697,-0.00465420870009473,-93.84175147769936,-196.48150671658283,0.0,-98.83061124608315,1.050218972179184,-3162.595318023267
w0_energy03,strict_matched_suffix,state_to_output,decoder_control,8,95,-226.7583951795661,-0.1836100365826446,-314.6311489338378,-375.7045419805563,-277.76807534403173,-453.7578104140837,1.47263095416637,-3346.758395179566
w0_energy03,strict_matched_suffix,state_to_output,field_coarse,8,95,-161.74445346878514,-0.13096716880063575,-249.61720722305682,-310.6906002697754,-212.75413363325075,-291.6048536096586,1.292178473237884,-3281.744453468785
w0_energy03,strict_matched_suffix,state_to_output,field_fine,8,95,61.3849180488003,0.049704387084048826,-26.48783570547134,-87.56122875218992,10.37523788433471,-36.78281848789863,1.0098518467359154,-3058.6150819511995
w0_energy03,strict_matched_suffix,state_to_output,field_meso,8,95,60.79889536668099,0.04922987479083481,-27.07385838759066,-88.14725143430923,9.789215202215392,-28.192714655234425,1.0038946553899286,-3059.201104633319
w0_energy03,strict_matched_suffix,state_to_output,gru,8,95,-349.6584224041935,-0.2831242286673632,-437.5311761584652,-498.6045692051838,-400.6681025686592,-785.888306243241,1.7527984067766866,-3469.6584224041935
w0_energy03,strict_matched_suffix,state_to_output,gru+field_coarse,8,95,-461.1615771425321,-0.3734101839210786,-549.0343308968038,-610.1077239435223,-512.1712573069976,-934.2298814965643,1.973228608156039,-4413.161577142532
w0_energy03,strict_matched_suffix,state_to_output,history,8,95,87.87275375427164,0.07115202733139404,0.0,-61.07339304671857,36.86307358980605,0.0,0.9687393744790519,-2200.127246245728
w0_energy03,strict_matched_suffix,state_to_output,host,8,95,9.27401278183717,0.007509322090556413,-78.59874097243448,-139.67213401915308,-41.735667382628435,-95.1820566824891,1.0548636447661264,-3110.725987218163
w0_energy03,strict_matched_suffix,state_to_output,host+field_coarse,8,95,-173.12801250437843,-0.14018462550961816,-261.00076625865006,-322.07415930536865,-224.13769266884398,-331.1913953690813,1.3354041921097164,-4125.128012504379
w0_energy03,strict_matched_suffix,state_to_output,morphic_delta_l01,8,95,-988.3886945822759,-0.8003147324552842,-1076.2614483365476,-1137.3348413832662,-1039.3983747467416,-2484.4408196079994,3.816089644941613,-4108.388694582276
w0_energy03,strict_matched_suffix,state_to_output,morphic_delta_l01+morphic_delta_l16,8,95,-802.3876880260324,-0.649706629980593,-890.2604417803038,-951.3338348270225,-853.3973681904978,-1968.2216104169308,3.280232895333681,-4754.387688026032
w0_energy03,strict_matched_suffix,state_to_output,morphic_delta_l08,8,95,-388.7366589039677,-0.3147665254283139,-476.6094126582393,-537.6828057049579,-439.7463390684333,-862.387982801291,1.8645517434794854,-3508.7366589039675
w0_energy03,strict_matched_suffix,state_to_output,morphic_delta_l16,8,95,-371.69685371659216,-0.3009691123211273,-459.5696074708638,-520.6430005175823,-422.7065338810577,-800.4796059505195,1.8074522420461958,-3491.696853716592
w0_energy03,strict_matched_suffix,state_to_output,morphic_output,8,95,-392.33580883102786,-0.31768081686722904,-480.20856258529955,-541.2819556320181,-443.3454889954935,-860.8664506745126,1.87465919191731,-3512.335808831028
w0_energy03,strict_matched_suffix,state_to_output,motif,8,95,-469.1520661191937,-0.3798802154811285,-557.0248198734654,-618.0982129201839,-520.1617462836592,-991.8724995114349,2.011932570254787,-3589.1520661191935
w0_energy03,strict_matched_suffix,state_to_output,motif+gru,8,95,-523.2704596032072,-0.4237007770066455,-611.1432133574788,-672.2166064041975,-574.2801397676727,-1339.7270025168546,2.2853577450492306,-4475.270459603207
w0_energy03,strict_matched_suffix,state_to_output,output_slow,8,95,51.009680164465586,0.04130338474855513,-36.86307358980605,-97.93646663652463,0.0,-50.828772701898586,1.0307132868773567,-3068.9903198355346
w0_energy03,strict_matched_suffix,state_to_output,synthesis_phase,8,95,21.29002200558916,0.01723888421505195,-66.58273174868248,-127.65612479540106,-29.71965815887643,-65.84580032427776,1.0415961133056364,-3098.709977994411
w0_energy03,strict_matched_suffix,state_to_output,decoder_control,128,80,-278.63532245799166,-0.26791857928653046,-181.16748747963146,-53.45097701138462,-49.36039294043344,-416.2942224877007,1.5388109453281238,-3398.6353224579916
w0_energy03,strict_matched_suffix,state_to_output,field_coarse,128,80,-135.37289699855177,-0.13016624711399208,-37.90506202019158,89.81144844805529,93.90203251900644,15.0296930971544,1.1071990139810604,-3255.372896998552
w0_energy03,strict_matched_suffix,state_to_output,field_fine,128,80,-225.5285292171394,-0.2168543550164802,-128.06069423877926,-0.34418377053239624,3.7464003004187703,-6.711098242626299,1.0857351311690828,-3345.5285292171393
w0_energy03,strict_matched_suffix,state_to_output,field_meso,128,80,-134.842496495847,-0.1296562466306221,-37.374661517486786,90.34184895076008,94.43243302171123,-0.16874588902998822,1.0875191491988845,-3254.842496495847
w0_energy03,strict_matched_suffix,state_to_output,gru,128,80,-407.1534425222725,-0.3914936947329543,-309.6856075439123,-181.96909707566545,-177.87851300471428,-575.0282868453887,2.049398392303587,-3527.1534425222726
w0_energy03,strict_matched_suffix,state_to_output,gru+field_coarse,128,80,-449.701931578491,-0.4324057034408567,-352.2340966001308,-224.51758613188392,-220.42700206093275,-529.4155307616991,2.0601532114495384,-4401.701931578491
w0_energy03,strict_matched_suffix,state_to_output,history,128,80,-97.46783497836017,-0.09371907209457708,0.0,127.7165104682469,131.80709453919803,0.0,1.0695798662575755,-2385.4678349783603
w0_energy03,strict_matched_suffix,state_to_output,host,128,80,-143.35418573225448,-0.13784056320409085,-45.886350753894256,81.83015971435262,85.92074378530376,-60.346163683054,1.123350681169548,-3263.3541857322543
w0_energy03,strict_matched_suffix,state_to_output,host+field_coarse,128,80,-164.5034922950486,-0.1581764348990852,-67.03565731668843,60.68085315155844,64.77143722250958,-40.88378814587947,1.1574594883264064,-4116.503492295049
w0_energy03,strict_matched_suffix,state_to_output,morphic_delta_l01,128,80,-952.00830657748,-0.9153926024783461,-854.5404715991197,-726.8239611308728,-722.7333770599217,-2274.973495260276,5.509825634984159,-4072.0083065774797
w0_energy03,strict_matched_suffix,state_to_output,morphic_delta_l01+morphic_delta_l16,128,80,-999.5637899953343,-0.9611190288416677,-902.0959550169742,-774.3794445487273,-770.2888604777761,-2652.2013923139634,6.105820475885676,-4951.563789995334
w0_energy03,strict_matched_suffix,state_to_output,morphic_delta_l08,128,80,-465.173231571074,-0.447281953433725,-367.7053965927138,-239.98888612446692,-235.89830205351575,-629.5237085770154,2.174443744208371,-3585.173231571074
w0_energy03,strict_matched_suffix,state_to_output,morphic_delta_l16,128,80,-462.70985587265795,-0.44491332295447883,-365.2420208942977,-237.52551042605086,-233.4349263550997,-682.2160989349986,2.1830505114314134,-3582.709855872658
w0_energy03,strict_matched_suffix,state_to_output,morphic_output,128,80,-493.5515806404151,-0.4745688275388607,-396.083745662055,-268.3672351938081,-264.2766511228569,-771.8617261885979,2.3281674679437425,-3613.551580640415
w0_energy03,strict_matched_suffix,state_to_output,motif,128,80,-387.88680089084517,-0.3729680777796588,-290.418965912485,-162.70245544423807,-158.611871373287,-462.49364376014154,1.8372175992945834,-3507.8868008908453
w0_energy03,strict_matched_suffix,state_to_output,motif+gru,128,80,-585.3827679270814,-0.5628680460837322,-487.9149329487211,-360.19842248047433,-356.10783840952314,-1088.9509049478374,2.946010877005852,-4537.382767927082
w0_energy03,strict_matched_suffix,state_to_output,output_slow,128,80,-229.27492951755823,-0.22045666299765215,-131.80709453919803,-4.090584070951152,0.0,-47.92308634043816,1.1703951158420134,-3349.274929517558
w0_energy03,strict_matched_suffix,state_to_output,synthesis_phase,128,80,-0.23104433545902126,-0.00022215801486444352,97.23679064290117,224.95330111114805,229.0438851820992,-3.276285187181575,1.0787797290727068,-3120.231044335459
w0_energy03,strict_matched_suffix,state_to_output,decoder_control,16,94,-296.08675250368253,-0.24229685147600863,-348.5133332257923,-445.8221802379579,-293.14730742680695,-530.9876445717356,1.6170328084299388,-3416.0867525036824
w0_energy03,strict_matched_suffix,state_to_output,field_coarse,16,94,63.35835278583264,0.05184807920280904,10.931772063722903,-86.37707494844274,66.29779786270824,10.6829326448015,1.0222228138629046,-3056.6416472141673
w0_energy03,strict_matched_suffix,state_to_output,field_fine,16,94,16.10006954007086,0.01317517965635913,-36.32651118203887,-133.6353581942045,19.03951461694646,-28.599936728787874,1.062756289785923,-3103.8999304599292
w0_energy03,strict_matched_suffix,state_to_output,field_meso,16,94,3.3376383056084844,0.002731291575784357,-49.088942416501254,-146.3977894286669,6.277083382484088,-51.200626985858506,1.0844594171170405,-3116.6623616943916
w0_energy03,strict_matched_suffix,state_to_output,gru,16,94,-441.2364211030427,-0.361077267678431,-493.66300182515243,-590.971848837318,-438.2969760261671,-904.2561486250178,1.91618924362074,-3561.2364211030426
w0_energy03,strict_matched_suffix,state_to_output,gru+field_coarse,16,94,-373.5111829796257,-0.3056556325528852,-425.9377637017354,-523.2466107139011,-370.5717379027501,-713.2630852820893,1.8029011196353593,-4325.511182979626
w0_energy03,strict_matched_suffix,state_to_output,history,16,94,52.42658072210975,0.04290227555000797,0.0,-97.30884701216564,55.36602579898534,0.0,1.024037791208006,-2235.57341927789
w0_energy03,strict_matched_suffix,state_to_output,host,16,94,-7.572294932909738,-0.006196640697962143,-59.998875655019475,-157.30772266718515,-4.632849856034138,-72.88273862759453,1.1018129150925569,-3127.5722949329097
w0_energy03,strict_matched_suffix,state_to_output,host+field_coarse,16,94,23.840980558221595,0.01950980405746448,-28.58560016388815,-125.8944471760538,26.780425635097192,-53.36912870668661,1.085646805973884,-3928.1590194417786
w0_energy03,strict_matched_suffix,state_to_output,morphic_delta_l01,16,94,-982.2947023610571,-0.8038418186260696,-1034.721283083167,-1132.0301300953324,-979.3552572841816,-2457.0904053230497,3.7657129940749363,-4102.294702361057
w0_energy03,strict_matched_suffix,state_to_output,morphic_delta_l01+morphic_delta_l16,16,94,-802.2467596688634,-0.6565030766520977,-854.6733403909733,-951.9821874031388,-799.307314591988,-2002.271696570791,3.2170427724845796,-4754.246759668864
w0_energy03,strict_matched_suffix,state_to_output,morphic_delta_l08,16,94,-427.91306323214167,-0.35017435616378206,-480.3396439542514,-577.6484909664171,-424.9736181552661,-990.3434941790298,2.114024971146243,-3547.9130632321417
w0_energy03,strict_matched_suffix,state_to_output,morphic_delta_l16,16,94,-459.2132063231943,-0.3757882212137433,-511.639787045304,-608.9486340574697,-456.2737612463187,-1064.4641199991356,2.1876644766353475,-3579.2132063231943
w0_energy03,strict_matched_suffix,state_to_output,morphic_output,16,94,-457.45002413950755,-0.37434535526964613,-509.8766048616173,-607.185451873783,-454.51057906263196,-1033.1571108545554,2.1583865240159428,-3577.4500241395076
w0_energy03,strict_matched_suffix,state_to_output,motif,16,94,-511.712390378812,-0.41874991029362685,-564.1389711009217,-661.4478181130874,-508.7729453019365,-1182.0814981011029,2.324720824681458,-3631.712390378812
w0_energy03,strict_matched_suffix,state_to_output,motif+gru,16,94,-577.0398207056182,-0.47220934591294456,-629.466401427728,-726.7752484398936,-574.1003756287428,-1373.3202021020072,2.378927256771017,-4529.039820705619
w0_energy03,strict_matched_suffix,state_to_output,output_slow,16,94,-2.9394450768756073,-0.0024054378697836395,-55.36602579898534,-152.67487281115098,0.0,-67.70558275471275,1.1170712127349576,-3122.9394450768755
w0_energy03,strict_matched_suffix,state_to_output,synthesis_phase,16,94,0.12385021318664968,0.00010135041995634181,-52.30273050892308,-149.61157752108872,3.063295290062263,-66.32162659315962,1.0951487272907292,-3119.876149786813
w0_energy03,strict_matched_suffix,state_to_output,decoder_control,64,88,-470.5889500529145,-0.4113539773189812,-470.4200415686232,-581.902418039303,-444.0594435498184,-1023.7877480976492,2.3555299365910947,-3590.5889500529147
w0_energy03,strict_matched_suffix,state_to_output,field_coarse,64,88,-30.710439204628965,-0.026844789514535807,-30.54153072033769,-142.02390719101743,-4.1809327015329085,-45.02637589749388,1.1337320832564082,-3150.710439204629
w0_energy03,strict_matched_suffix,state_to_output,field_fine,64,88,-10.560629270749754,-0.009231319292613421,-10.391720786458478,-121.8740972571382,15.968877232346312,-16.794518118483452,1.0841171315112434,-3130.56062927075
w0_energy03,strict_matched_suffix,state_to_output,field_meso,64,88,-20.1759699569503,-0.017636337374956557,-20.007061472659018,-131.48943794333877,6.353536546145762,-18.329660303156007,1.0893963273147431,-3140.17596995695
w0_energy03,strict_matched_suffix,state_to_output,gru,64,88,-525.6688841470732,-0.4595007728558332,-525.4999756627818,-636.9823521334615,-499.139377643977,-1263.0302784081393,2.73878984997767,-3645.668884147073
w0_energy03,strict_matched_suffix,state_to_output,gru+field_coarse,64,88,-589.7905871422178,-0.5155512125369036,-589.6216786579265,-701.1040551286062,-563.2610806391217,-1295.519480367966,2.832368416587255,-4541.790587142218
w0_energy03,strict_matched_suffix,state_to_output,history,64,88,-0.1689084842912809,-0.00014764727647839242,0.0,-111.48237647067972,26.360598018804787,0.0,1.065472188669939,-2288.1689084842915
w0_energy03,strict_matched_suffix,state_to_output,host,64,88,-11.150401102780489,-0.009746854110822106,-10.981492618489211,-122.46386908916894,15.37910540031557,-11.968711317724674,1.0865106725769573,-3131.1504011027805
w0_energy03,strict_matched_suffix,state_to_output,host+field_coarse,64,88,-51.72832071387971,-0.04521706356108366,-51.55941222958843,-163.04178870026817,-25.19881421078364,-65.68629387284409,1.1672861875903848,-4003.72832071388
w0_energy03,strict_matched_suffix,state_to_output,morphic_delta_l01,64,88,-1224.7656568662994,-1.0705993504076043,-1224.596748382008,-1336.0791248526875,-1198.2361503632033,-4024.5809095527516,7.0076479187654,-4344.7656568663
w0_energy03,strict_matched_suffix,state_to_output,morphic_delta_l01+morphic_delta_l16,64,88,-1124.0637230357943,-0.9825731844718482,-1123.894814551503,-1235.3771910221828,-1097.5342165326983,-3859.7402795763705,6.729340934022402,-5076.063723035794
w0_energy03,strict_matched_suffix,state_to_output,morphic_delta_l08,64,88,-531.9913223481874,-0.46502737967498897,-531.8224138638961,-643.3047903345758,-505.46181584509134,-1180.7607170858992,2.604109624366896,-3651.991322348187
w0_energy03,strict_matched_suffix,state_to_output,morphic_delta_l16,64,88,-519.8159506072988,-0.4543845722091772,-519.6470421230075,-631.1294185936872,-493.28644410420264,-1234.082016638106,2.6780046632906784,-3639.815950607299
w0_energy03,strict_matched_suffix,state_to_output,morphic_output,64,88,-551.058642360571,-0.48169461744805153,-550.8897338762797,-662.3721103469594,-524.5291358574749,-1306.2363338036585,2.7889560000835725,-3671.058642360571
w0_energy03,strict_matched_suffix,state_to_output,motif,64,88,-508.9592611423169,-0.4448944590404868,-508.79035265802565,-620.2727291287054,-482.42975463922085,-1073.9848598730048,2.4855738910393046,-3628.959261142317
w0_energy03,strict_matched_suffix,state_to_output,motif+gru,64,88,-627.3741445966081,-0.5484039725494826,-627.2052361123168,-738.6876125829965,-600.844638093512,-1863.8581427856448,3.5518453994683776,-4579.374144596608
w0_energy03,strict_matched_suffix,state_to_output,output_slow,64,88,-26.529506503096066,-0.02319012806214691,-26.360598018804787,-137.8429744894845,0.0,-43.47385648396244,1.1259361225512574,-3146.529506503096
w0_energy03,strict_matched_suffix,state_to_output,synthesis_phase,64,88,-50.13024983127198,-0.04382014845390907,-49.9613413469807,-161.44371781766043,-23.600743328175916,-48.00328537743292,1.1229741745988424,-3170.130249831272
w0_energy03,sigma_only_adapted,output,history,1,767,1017.958884336848,0.1020919551034849,0.0,0.0,110.37971057569082,0.0,0.89564892512738,-1270.0411156631521
w0_energy03,sigma_only_adapted,output,output_slow,1,767,907.5791737611571,0.09102188083052423,-110.37971057569082,-110.37971057569082,0.0,-108.36297404710012,0.9092586058549972,-2212.420826238843
w0_energy03,sigma_only_adapted,output,history,16,752,171.66964075678797,0.017560315134695987,0.0,82.62655184019519,83.6500152816925,0.0,1.0027779382241284,-2116.330359243212
w0_energy03,sigma_only_adapted,output,output_slow,16,752,88.0196254750955,0.009003644177076053,-83.6500152816925,-1.0234634414973556,0.0,-100.99921023911594,1.0153484775897508,-3031.9803745249046
w0_energy03,sigma_only_adapted,output,history,4,764,518.0834148506773,0.052163050226608665,0.0,0.0,39.909426749519085,0.0,0.9498523732662151,-1769.9165851493226
w0_energy03,sigma_only_adapted,output,output_slow,4,764,478.1739881011583,0.04814478333680611,-39.909426749519085,-39.909426749519085,0.0,-38.819134424446375,0.955436843619778,-2641.826011898842
w0_energy03,sigma_only_adapted,output,history,64,704,-8.280058418615603,-0.0009047266628732084,0.0,-90.69056176897789,87.13845707099864,0.0,1.0349289729547264,-2296.2800584186157
w0_energy03,sigma_only_adapted,output,output_slow,64,704,-95.41851548961425,-0.010425974157519039,-87.13845707099864,-177.82901883997653,0.0,-105.00167587920896,1.050218972179184,-3215.418515489614
w0_energy03,sigma_only_adapted,state_to_output,decoder_control,8,95,-326.84331954984066,-0.26465046117396007,-399.11779673605895,-431.00716574151795,-345.78410455334216,-524.617235361718,1.47263095416637,-3446.8433195498405
w0_energy03,sigma_only_adapted,state_to_output,field_coarse,8,95,-99.97685264610251,-0.08095291712235021,-172.25132983232083,-204.14069883777978,-118.91763764960398,-298.85541679269795,1.292178473237884,-3219.9768526461025
w0_energy03,sigma_only_adapted,state_to_output,field_fine,8,95,42.64009624742633,0.03452639372261241,-29.634380938791978,-61.52374994425092,23.69931124392486,-42.914936807456044,1.0098518467359154,-3077.3599037525737
w0_energy03,sigma_only_adapted,state_to_output,field_meso,8,95,41.689287184833375,0.033756507841970346,-30.585190001384934,-62.47455900684388,22.7485021813319,-38.93442738075238,1.0038946553899286,-3078.3107128151664
w0_energy03,sigma_only_adapted,state_to_output,gru,8,95,-549.2223169918993,-0.4447144267140885,-621.4967941781176,-653.3861631835766,-568.1631019954008,-785.9090347276323,1.7527984067766866,-3669.2223169918993
w0_energy03,sigma_only_adapted,state_to_output,gru+field_coarse,8,95,-563.2048361856226,-0.456036304603743,-635.479313371841,-667.3686823772998,-582.1456211891241,-877.0590981459081,1.973228608156039,-4515.204836185622
w0_energy03,sigma_only_adapted,state_to_output,history,8,95,72.27447718621832,0.05852184387548042,0.0,-31.889369005458946,53.33369218271683,0.0,0.9687393744790519,-2215.7255228137815
w0_energy03,sigma_only_adapted,state_to_output,host,8,95,13.207713268569137,0.010694504670906184,-59.06676391764917,-90.95613292310811,-5.733071734932333,-99.27194983006487,1.0548636447661264,-3106.792286731431
w0_energy03,sigma_only_adapted,state_to_output,host+field_coarse,8,95,-121.59604358442071,-0.09845833488617062,-193.87052077063902,-225.75988977609796,-140.53682858792217,-336.54136787169,1.3354041921097164,-4073.596043584421
w0_energy03,sigma_only_adapted,state_to_output,morphic_delta_l01,8,95,-2371.4621900066236,-1.9202122996005049,-2443.736667192842,-2475.6260361983013,-2390.402975010125,-2724.5472819944916,3.816089644941613,-5491.462190006623
w0_energy03,sigma_only_adapted,state_to_output,morphic_delta_l01+morphic_delta_l16,8,95,-1849.088984711809,-1.4972380443010598,-1921.3634618980273,-1953.252830903486,-1868.02976971531,-2080.1460134020717,3.280232895333681,-5801.088984711809
w0_energy03,sigma_only_adapted,state_to_output,morphic_delta_l08,8,95,-695.4849301418517,-0.563145692422552,-767.7594073280701,-799.6487763335289,-714.4257151453533,-1039.4613757940526,1.8645517434794854,-3815.4849301418517
w0_energy03,sigma_only_adapted,state_to_output,morphic_delta_l16,8,95,-651.096918095232,-0.5272039822633457,-723.3713952814503,-755.2607642869093,-670.0377030987336,-953.1142480369849,1.8074522420461958,-3771.096918095232
w0_energy03,sigma_only_adapted,state_to_output,morphic_output,8,95,-700.0264995019559,-0.5668230765198023,-772.300976688174,-804.1903456936332,-718.9672845054573,-1034.7895375384444,1.87465919191731,-3820.026499501956
w0_energy03,sigma_only_adapted,state_to_output,motif,8,95,-870.4325839527297,-0.7048037117026151,-942.7070611389479,-974.596430144407,-889.3733689562312,-1186.1377726490707,2.011932570254787,-3990.4325839527296
w0_energy03,sigma_only_adapted,state_to_output,motif+gru,8,95,-937.2006023961085,-0.7588668845312619,-1009.4750795823268,-1041.3644485877855,-956.14138739961,-1324.0211585745383,2.2853577450492306,-4889.2006023961085
w0_energy03,sigma_only_adapted,state_to_output,output_slow,8,95,18.940785003501478,0.015336668019029538,-53.33369218271683,-85.22306118817579,0.0,-68.9791482454818,1.0307132868773567,-3101.0592149964987
w0_energy03,sigma_only_adapted,state_to_output,synthesis_phase,8,95,11.16136666522982,0.009037543858485686,-61.113110520988485,-93.00247952644744,-7.779418338271661,-69.61000397869093,1.0415961133056364,-3108.8386333347703
w0_energy03,sigma_only_adapted,state_to_output,decoder_control,16,94,-560.0476104340466,-0.4583041001915275,-531.2478788704594,-668.1398678752303,-482.77368720133643,-875.951527274105,1.6170328084299388,-3680.047610434047
w0_energy03,sigma_only_adapted,state_to_output,field_coarse,16,94,-29.806500170062044,-0.02439157133392966,-1.0067686064748615,-137.89875761124574,47.46742306264813,-0.4811397923148717,1.0222228138629046,-3149.806500170062
w0_energy03,sigma_only_adapted,state_to_output,field_fine,16,94,-30.361993569312418,-0.024846148583725382,-1.562262005725227,-138.45425101049614,46.91192966339776,-37.961279212906724,1.062756289785923,-3150.3619935693123
w0_energy03,sigma_only_adapted,state_to_output,field_meso,16,94,-85.46336091566259,-0.06993728389170424,-56.66362935207539,-193.5556183568463,-8.1894376829524,-80.21920634570097,1.0844594171170405,-3205.4633609156626
w0_energy03,sigma_only_adapted,state_to_output,gru,16,94,-958.1017294690128,-0.7840439684689139,-929.3019979054257,-1066.1939869101966,-880.8278062363026,-1207.7984775241825,1.91618924362074,-4078.1017294690128
w0_energy03,sigma_only_adapted,state_to_output,gru+field_coarse,16,94,-915.8439575295913,-0.7494631403679143,-887.0442259660042,-1023.9362149707752,-838.5700342968811,-1059.3936182479915,1.8029011196353593,-4867.8439575295915
w0_energy03,sigma_only_adapted,state_to_output,history,16,94,-28.799731563587173,-0.023567701770529602,0.0,-136.8919890047709,48.474191669122995,0.0,1.024037791208006,-2316.799731563587
w0_energy03,sigma_only_adapted,state_to_output,host,16,94,-57.242492416175764,-0.04684328348295889,-28.44276085258859,-165.3347498573595,20.03143081653442,-90.34433991486956,1.1018129150925569,-3177.242492416176
w0_energy03,sigma_only_adapted,state_to_output,host+field_coarse,16,94,-64.0317967901647,-0.052399179042687975,-35.232065226577525,-172.12405423134842,13.24212644254547,-72.09914329461246,1.085646805973884,-4016.0317967901647
w0_energy03,sigma_only_adapted,state_to_output,morphic_delta_l01,16,94,-3363.0800253903126,-2.7521113137400266,-3334.280293826725,-3471.172282831496,-3285.8061021576023,-3734.3001278264246,3.7657129940749363,-6483.080025390313
w0_energy03,sigma_only_adapted,state_to_output,morphic_delta_l01+morphic_delta_l16,16,94,-2590.1511066430053,-2.119599923603114,-2561.351375079418,-2698.243364084189,-2512.877183410295,-2892.777112199862,3.2170427724845796,-6542.151106643005
w0_energy03,sigma_only_adapted,state_to_output,morphic_delta_l08,16,94,-1103.4240471804965,-0.9029656687238106,-1074.6243156169091,-1211.51630462168,-1026.1501239477864,-1633.088571448329,2.114024971146243,-4223.424047180497
w0_energy03,sigma_only_adapted,state_to_output,morphic_delta_l16,16,94,-1175.069757578256,-0.9615955462997186,-1146.270026014669,-1283.1620150194399,-1097.7958343455457,-1728.2140640980674,2.1876644766353475,-4295.069757578256
w0_energy03,sigma_only_adapted,state_to_output,morphic_output,16,94,-1159.3295650888335,-0.9487148650481453,-1130.5298335252464,-1267.4218225300174,-1082.0556418561234,-1687.4881981115273,2.1583865240159428,-4279.329565088834
w0_energy03,sigma_only_adapted,state_to_output,motif,16,94,-1205.5127356541032,-0.9865079669837178,-1176.7130040905163,-1313.6049930952872,-1128.2388124213933,-1906.613273493938,2.324720824681458,-4325.512735654103
w0_energy03,sigma_only_adapted,state_to_output,motif+gru,16,94,-1310.9291436595443,-1.0727734399832605,-1282.129412095957,-1419.0214011007279,-1233.655220426834,-1873.458949877652,2.378927256771017,-5262.929143659544
w0_energy03,sigma_only_adapted,state_to_output,output_slow,16,94,-77.2739232327102,-0.06323561639337986,-48.474191669122995,-185.3661806738939,0.0,-120.39144039543585,1.1170712127349576,-3197.2739232327103
w0_energy03,sigma_only_adapted,state_to_output,synthesis_phase,16,94,-103.67782213371376,-0.08484273497030587,-74.87809057012657,-211.77007957489747,-26.403898901003593,-77.23775947275557,1.0951487272907292,-3223.6778221337136
w0_energy03,sigma_only_adapted,state_to_output,decoder_control,64,88,-1564.3537128925034,-1.3674420567242163,-1393.1911112643918,-1325.4173743350343,-1391.5201597927735,-1894.979519699202,2.3555299365910947,-4684.353712892504
w0_energy03,sigma_only_adapted,state_to_output,field_coarse,64,88,-353.9002628398748,-0.30935337660828216,-182.737661211763,-114.96392428240569,-181.0667097401448,-80.86524853434193,1.1337320832564082,-3473.900262839875
w0_energy03,sigma_only_adapted,state_to_output,field_fine,64,88,-197.75007353170838,-0.17285845588436047,-26.587471903596562,41.18626502576077,-24.91652043197836,-35.089938770389494,1.0841171315112434,-3317.7500735317085
w0_energy03,sigma_only_adapted,state_to_output,field_meso,64,88,-193.59205883768732,-0.1692238276553211,-22.429457209575514,45.34427971978182,-20.75850573795732,-29.024636091056863,1.0893963273147431,-3313.5920588376875
w0_energy03,sigma_only_adapted,state_to_output,gru,64,88,-2064.1517476968356,-1.8043284507839472,-1892.989146068724,-1825.2154091393663,-1891.3181945971055,-2548.557655002281,2.73878984997767,-5184.151747696836
w0_energy03,sigma_only_adapted,state_to_output,gru+field_coarse,64,88,-2155.551784444117,-1.8842235878008016,-1984.3891828160054,-1916.6154458866479,-1982.7182313443868,-2547.961568313116,2.832368416587255,-6107.5517844441165
w0_energy03,sigma_only_adapted,state_to_output,history,64,88,-171.1626016281118,-0.14961765876583197,0.0,67.77373692935733,1.6709514716181992,0.0,1.065472188669939,-2459.1626016281116
w0_energy03,sigma_only_adapted,state_to_output,host,64,88,-180.05138950058193,-0.15738757823477442,-8.888787872470074,58.88494905688725,-7.217836400851873,-19.45007073076215,1.0865106725769573,-3300.051389500582
w0_energy03,sigma_only_adapted,state_to_output,host+field_coarse,64,88,-343.34288660931793,-0.3001249008822709,-172.1802849812061,-104.40654805184879,-170.50933350958792,-102.90336505423302,1.1672861875903848,-4295.342886609318
w0_energy03,sigma_only_adapted,state_to_output,morphic_delta_l01,64,88,-4907.09069128565,-4.289414939935009,-4735.928089657537,-4668.15435272818,-4734.257138185919,-5543.549514136925,7.0076479187654,-8027.09069128565
w0_energy03,sigma_only_adapted,state_to_output,morphic_delta_l01+morphic_delta_l16,64,88,-4647.245646588029,-4.0622776631014235,-4476.083044959917,-4408.309308030559,-4474.4120934882985,-5514.4380077548585,6.729340934022402,-8599.245646588028
w0_energy03,sigma_only_adapted,state_to_output,morphic_delta_l08,64,88,-1965.898580299491,-1.7184428149471074,-1794.7359786713791,-1726.962241742022,-1793.065027199761,-2181.0067487090128,2.604109624366896,-5085.898580299491
w0_energy03,sigma_only_adapted,state_to_output,morphic_delta_l16,64,88,-2007.4022581349377,-1.754722253614456,-1836.2396565068257,-1768.4659195774684,-1834.5687050352078,-2379.732925889476,2.6780046632906784,-5127.402258134938
w0_energy03,sigma_only_adapted,state_to_output,morphic_output,64,88,-2064.5434204510825,-1.8046708220726246,-1893.3808188229705,-1825.6070818936134,-1891.7098673513524,-2507.183650770124,2.7889560000835725,-5184.543420451082
w0_energy03,sigma_only_adapted,state_to_output,motif,64,88,-1846.8324341662828,-1.614364015879618,-1675.6698325381712,-1607.8960956088138,-1673.998881066553,-2101.979629941272,2.4855738910393046,-4966.832434166283
w0_energy03,sigma_only_adapted,state_to_output,motif+gru,64,88,-2642.4274449260206,-2.309814200110158,-2471.264843297909,-2403.4911063685518,-2469.5938918262905,-3591.700411371226,3.5518453994683776,-6594.427444926021
w0_energy03,sigma_only_adapted,state_to_output,output_slow,64,88,-172.83355309973,-0.1510782806815822,-1.6709514716181992,66.10278545773913,0.0,-74.59586745116152,1.1259361225512574,-3292.83355309973
w0_energy03,sigma_only_adapted,state_to_output,synthesis_phase,64,88,-329.26476196340815,-0.287818847870112,-158.10216033529633,-90.32842340593899,-156.43120886367814,-69.52832717239548,1.1229741745988424,-3449.264761963408
w128_energy01,strict,output,history,1,895,914.1163830296838,0.07856608362953879,0.0,0.0,117.72391534621765,0.0,0.9130403346527041,-1373.8836169703163
w128_energy01,strict,output,output_slow,1,895,796.3924676834661,0.06844799894142381,-117.72391534621765,-117.72391534621765,0.0,-122.26500795902534,0.9279744439379088,-2323.607532316534
w128_energy01,strict,output,history,16,880,-33.15186036277808,-0.0028978898918512307,0.0,-378.70481295083925,90.17906218146562,0.0,1.0198999839726273,-2321.1518603627783
w128_energy01,strict,output,output_slow,16,880,-123.33092254424369,-0.010780675047573749,-90.17906218146562,-468.883875132305,0.0,-99.97900588541964,1.0333899395842292,-3243.3309225442435
w128_energy01,strict,output,history,4,892,239.91010479274945,0.02068903973721537,0.0,0.0,53.14998883830684,0.0,0.9913066563017239,-2048.0898952072507
w128_energy01,strict,output,output_slow,4,892,186.76011595444254,0.01610556363870667,-53.14998883830684,-53.14998883830684,0.0,-58.68850010940247,0.9992043586866866,-2933.2398840455576
w128_energy01,strict,output,history,64,832,-22.613317241898528,-0.0020907282952938727,0.0,-335.3707220895898,106.68807757699511,0.0,1.0133754651847413,-2310.6133172418986
w128_energy01,strict,output,output_slow,64,832,-129.3013948188936,-0.011954640793166939,-106.68807757699511,-442.0587996665849,0.0,-109.30189565693705,1.027477552508327,-3249.3013948188936
w128_energy01,strict,state_to_output,decoder_control,8,111,-374.48852290666343,-0.25952080589512366,-446.6681400717798,-493.902991592573,-411.3278737787856,-675.7000884965018,1.7338716799161054,-3494.4885229066635
w128_energy01,strict,state_to_output,field_coarse,8,111,-79.5869267220784,-0.0551537953721957,-151.76654388719476,-199.00139540798804,-116.42627759420063,-164.25488681085324,1.2368154303588983,-3199.5869267220783
w128_energy01,strict,state_to_output,field_fine,8,111,57.96779419666193,0.04017172155000827,-14.211822968454427,-61.44667448924771,21.128443324539724,-10.495031357188324,1.0882833868443704,-3062.032205803338
w128_energy01,strict,state_to_output,field_meso,8,111,58.61311602037312,0.04061893002104859,-13.56650114474325,-60.801352665536534,21.773765148250902,-4.8962574067661535,1.085189542014958,-3061.386883979627
w128_energy01,strict,state_to_output,gru,8,111,-618.2802457982633,-0.4284686388068353,-690.4598629633797,-737.694714484173,-655.1195966703855,-1268.2575898931605,2.160593546368143,-3738.2802457982634
w128_energy01,strict,state_to_output,gru+field_coarse,8,111,-634.7354716607837,-0.4398721217330448,-706.9150888258999,-754.1499403466933,-671.5748225329057,-1227.5117398896662,2.188509408875474,-4586.735471660783
w128_energy01,strict,state_to_output,history,8,111,72.17961716511635,0.05002052471595035,0.0,-47.23485152079329,35.34026629299415,0.0,1.070714767897867,-2215.8203828348837
w128_energy01,strict,state_to_output,host,8,111,-57.4451998090273,-0.0398095632772192,-129.62481697414367,-176.85966849493693,-94.28455068114951,-133.66231060953066,1.1822793584601952,-3177.445199809027
w128_energy01,strict,state_to_output,host+field_coarse,8,111,-165.75837401364535,-0.11487066806212429,-237.93799117876168,-285.17284269955496,-202.59772488576755,-261.19747696232423,1.3231282931523283,-4117.758374013645
w128_energy01,strict,state_to_output,morphic_delta_l01,8,111,-1522.025977482438,-1.0547650571603868,-1594.2055946475543,-1641.4404461683475,-1558.86532835456,-3895.304570235099,4.912990730131468,-4642.025977482438
w128_energy01,strict,state_to_output,morphic_delta_l01+morphic_delta_l16,8,111,-1259.0682249789875,-0.8725351524455908,-1331.247842144104,-1378.482693664897,-1295.9075758511094,-3102.6503983630687,4.2025667201089405,-5211.068224978988
w128_energy01,strict,state_to_output,morphic_delta_l08,8,111,-564.9768232126961,-0.3915293300157284,-637.1564403778125,-684.3912918986057,-601.8161740848183,-1242.4562859464775,2.198300438335364,-3684.976823212696
w128_energy01,strict,state_to_output,morphic_delta_l16,8,111,-551.6585109660265,-0.38229973039918674,-623.8381281311429,-671.0729796519361,-588.4978618381487,-1172.2697072225712,2.1424978555009284,-3671.6585109660264
w128_energy01,strict,state_to_output,morphic_output,8,111,-580.0218074453055,-0.40195551451511125,-652.201424610422,-699.4362761312152,-616.8611583174278,-1261.288746354425,2.2261331405243543,-3700.0218074453055
w128_energy01,strict,state_to_output,motif,8,111,-812.4952927531219,-0.5630598009377145,-884.6749099182384,-931.9097614390316,-849.3346436252441,-1668.4785349012686,2.591019183689455,-3932.495292753122
w128_energy01,strict,state_to_output,motif+gru,8,111,-982.2642977842191,-0.6807098390743029,-1054.4439149493355,-1101.6787664701287,-1019.1036486563412,-2310.314459860513,3.0152310247709235,-4934.264297784219
w128_energy01,strict,state_to_output,output_slow,8,111,36.83935087212222,0.02552969568407638,-35.34026629299415,-82.57511781378744,0.0,-72.24289804580312,1.1285838712160228,-3083.1606491278776
w128_energy01,strict,state_to_output,synthesis_phase,8,111,31.600867867609587,0.021899423331676774,-40.57874929750676,-87.81360081830005,-5.238483004512612,-49.80106754351373,1.1127173754720772,-3088.3991321323906
w128_energy01,strict,state_to_output,decoder_control,128,96,-359.6872731224195,-0.28821095602757973,-242.10724861991906,-90.82169426283072,-74.37091630851064,-510.3414128600884,1.7063940000665183,-3479.6872731224194
w128_energy01,strict,state_to_output,field_coarse,128,96,-199.00605040854907,-0.1594599762889015,-81.42602590604864,69.85952845103971,86.31030640535981,-19.005139586210937,1.2099533863478587,-3319.006050408549
w128_energy01,strict,state_to_output,field_fine,128,96,-259.7778960656252,-0.2081553654371997,-142.19787156312478,9.087682793963562,25.538460748283665,-3.8181506618889465,1.185859483187367,-3379.777896065625
w128_energy01,strict,state_to_output,field_meso,128,96,-133.0256385674128,-0.10659105654440129,-15.445614064912338,135.83994029217598,152.2907182464961,27.971896668337706,1.1640933360368102,-3253.025638567413
w128_energy01,strict,state_to_output,gru,128,96,-567.6555960807185,-0.4548522404492937,-450.07557157821805,-298.7900172211297,-282.33923926680956,-864.9810343066025,2.4351502786879062,-3687.6555960807186
w128_energy01,strict,state_to_output,gru+field_coarse,128,96,-658.1574940875392,-0.527369786929118,-540.5774695850387,-389.2919152279504,-372.84113727363024,-867.7629451292714,2.4783360549339446,-4610.157494087539
w128_energy01,strict,state_to_output,history,128,96,-117.58002450250046,-0.09421476322315743,0.0,151.28555435708836,167.73633231140843,0.0,1.1661853469437204,-2405.5800245025002
w128_energy01,strict,state_to_output,host,128,96,-148.92815036934468,-0.11933345382159029,-31.3481258668442,119.93742849024413,136.38820644456425,-55.60611436398663,1.2093106507401057,-3268.9281503693446
w128_energy01,strict,state_to_output,host+field_coarse,128,96,-204.50833859741456,-0.16386886105562065,-86.9283140949141,64.35724026217424,80.80801821649436,-66.63881623427778,1.2399661375578737,-4156.508338597415
w128_energy01,strict,state_to_output,morphic_delta_l01,128,96,-1488.5113963714684,-1.1927174650412407,-1370.9313718689677,-1219.6458175118796,-1203.1950395575595,-3734.459061302303,7.3216992107655345,-4608.511396371468
w128_energy01,strict,state_to_output,morphic_delta_l01+morphic_delta_l16,128,96,-1505.0509587233614,-1.205970319489873,-1387.470934220861,-1236.1853798637726,-1219.7346019094525,-4213.144082506434,7.980441472688683,-5457.050958723361
w128_energy01,strict,state_to_output,morphic_delta_l08,128,96,-635.1610764335949,-0.5089431702192266,-517.5810519310944,-366.29549757400605,-349.844719619686,-932.8574325674417,2.548527065670086,-3755.1610764335946
w128_energy01,strict,state_to_output,morphic_delta_l16,128,96,-630.2888649542236,-0.5050391546107561,-512.7088404517232,-361.4232860946348,-344.97250814031474,-992.6780456046253,2.5444503753194794,-3750.2888649542238
w128_energy01,strict,state_to_output,morphic_output,128,96,-670.201155311835,-0.5370201564998678,-552.6211308093345,-401.3355764522463,-384.8847984979261,-1123.283011575943,2.729110868670716,-3790.201155311835
w128_energy01,strict,state_to_output,motif,128,96,-553.7417967035669,-0.44370336274324274,-436.16177220106647,-284.8762178439781,-268.425439889658,-728.9733614288497,2.2060877347859167,-3673.741796703567
w128_energy01,strict,state_to_output,motif+gru,128,96,-814.6543639661489,-0.6527679198446706,-697.0743394636484,-545.7887851065601,-529.33800715224,-1680.6903940294721,3.631406046611967,-4766.654363966149
w128_energy01,strict,state_to_output,output_slow,128,96,-285.3163568139089,-0.2286188756521706,-167.73633231140843,-16.45077795432011,0.0,-72.19813004879913,1.2579607427226271,-3405.316356813909
w128_energy01,strict,state_to_output,synthesis_phase,128,96,-35.19973969761922,-0.02820491962950258,82.38028480488126,233.66583916196961,250.11661711628972,-33.6633036352396,1.1898339735478347,-3155.1997396976194
w128_energy01,strict,state_to_output,decoder_control,16,110,-452.0982101564696,-0.3161525945150137,-481.7722777576307,-583.148273223261,-450.12147794186353,-811.9121035247244,1.9062396142123088,-3572.0982101564696
w128_energy01,strict,state_to_output,field_coarse,16,110,43.957022808779016,0.030739176789355956,14.282955207617842,-87.09304025801234,45.93375502338501,-4.203783226851801,1.136408061550496,-3076.042977191221
w128_energy01,strict,state_to_output,field_fine,16,110,15.524078730557193,0.010855999112277756,-14.149988870603972,-115.52598433623416,17.5008109451632,-4.569426090233457,1.135227239527868,-3104.475921269443
w128_energy01,strict,state_to_output,field_meso,16,110,11.572965944092775,0.008092983177687255,-18.101101657068398,-119.4770971226986,13.549698158698776,-17.33411385718647,1.1451003794149985,-3108.4270340559074
w128_energy01,strict,state_to_output,gru,16,110,-715.3878881838627,-0.5002712504782257,-745.061955785024,-846.4379512506542,-713.4111559692569,-1490.6387534530156,2.3907936199370474,-3835.3878881838627
w128_energy01,strict,state_to_output,gru+field_coarse,16,110,-652.6584676929427,-0.45640452286219774,-682.3325352941038,-783.7085307597341,-650.6817354783368,-1278.2551494042834,2.2732229040053125,-4604.658467692942
w128_energy01,strict,state_to_output,history,16,110,29.674067601161173,0.020751096224588234,0.0,-101.37599546563018,31.650799815767172,0.0,1.1218305639164148,-2258.3259323988386
w128_energy01,strict,state_to_output,host,16,110,-51.003148446549964,-0.035666537375209764,-80.67721604771114,-182.05321151334132,-49.02641623194396,-80.69822663850879,1.1969187993078796,-3171.00314844655
w128_energy01,strict,state_to_output,host+field_coarse,16,110,-44.136355078900316,-0.030864583971258963,-73.81042268006148,-175.18641814569168,-42.15962286429432,-103.49349431165953,1.2239294539254302,-3996.1363550789
w128_energy01,strict,state_to_output,morphic_delta_l01,16,110,-1492.044820272578,-1.0433879862045998,-1521.7188878737393,-1623.0948833393693,-1490.068088057972,-3856.2924011435484,4.897121293516708,-4612.044820272578
w128_energy01,strict,state_to_output,morphic_delta_l01+morphic_delta_l16,16,110,-1213.8209888948213,-0.8488258663600149,-1243.4950564959825,-1344.8710519616127,-1211.8442566802155,-3117.510112084835,4.144895615790406,-5165.820988894821
w128_energy01,strict,state_to_output,morphic_delta_l08,16,110,-628.8099281824466,-0.4397272225052074,-658.4839957836077,-759.859991249238,-626.8331959678405,-1493.0225331202764,2.542005840004415,-3748.8099281824466
w128_energy01,strict,state_to_output,morphic_delta_l16,16,110,-667.6089552446672,-0.46685940926200503,-697.2830228458283,-798.6590183114585,-665.632223030061,-1603.5794811015435,2.6396683657119095,-3787.6089552446674
w128_energy01,strict,state_to_output,morphic_output,16,110,-669.0080532398483,-0.4678377994684254,-698.6821208410095,-800.0581163066395,-667.0313210252422,-1563.212245267978,2.60651235716393,-3789.0080532398483
w128_energy01,strict,state_to_output,motif,16,110,-864.0279394770101,-0.6042153422916154,-893.7020070781714,-995.0780025438014,-862.0512072624042,-2014.5858380010975,3.0272782150217314,-3984.02793947701
w128_energy01,strict,state_to_output,motif+gru,16,110,-946.9404056744054,-0.6621960878841996,-976.6144732755665,-1077.9904687411968,-944.9636734597993,-2238.323727389792,3.047411049877051,-4898.940405674405
w128_energy01,strict,state_to_output,output_slow,16,110,-1.9767322146060131,-0.001382330220004205,-31.650799815767172,-133.02679528139737,0.0,-62.35125248047211,1.2066863826603438,-3121.976732214606
w128_energy01,strict,state_to_output,synthesis_phase,16,110,-11.124586380027345,-0.007779431034984158,-40.79865398118852,-142.1746494468187,-9.147854165421336,-65.58119848588237,1.1810322743244412,-3131.1245863800273
w128_energy01,strict,state_to_output,decoder_control,64,104,-640.6383176645473,-0.47384490951519775,-653.6637154515624,-795.1046960760406,-584.0823184238027,-1527.6717839984167,2.767945274901123,-3760.6383176645472
w128_energy01,strict,state_to_output,field_coarse,64,104,-20.093049124330506,-0.014861722725096527,-33.118446911345664,-174.55942753582374,36.46295011641406,-41.24847849440954,1.1751782289479393,-3140.0930491243307
w128_energy01,strict,state_to_output,field_fine,64,104,8.760237473510202,0.0064794655869158295,-4.265160313504937,-145.70614093798304,65.31623671425479,-1.1338903461776226,1.1333859829361597,-3111.23976252649
w128_energy01,strict,state_to_output,field_meso,64,104,4.168726645034937,0.0030833776960317583,-8.85667114198021,-150.2976517664583,60.724725885779506,-3.5219536524332256,1.137929023183238,-3115.831273354965
w128_energy01,strict,state_to_output,gru,64,104,-792.7756651664392,-0.5863725334071296,-805.8010629534543,-947.2420435779325,-736.2196659256945,-2015.3295428451727,3.3786502223917863,-3912.7756651664395
w128_energy01,strict,state_to_output,gru+field_coarse,64,104,-825.3875825907016,-0.6104937741055485,-838.4129803777168,-979.8539610021949,-768.8315833499571,-2007.726833569855,3.4210781193659736,-4777.387582590702
w128_energy01,strict,state_to_output,history,64,104,13.025397787015137,0.009634169960810013,0.0,-141.44098062447807,69.58139702775972,0.0,1.1314190700738918,-2274.974602212985
w128_energy01,strict,state_to_output,host,64,104,-200.35252937295115,-0.14818974066046683,-213.37792715996625,-354.8189077844444,-143.79653013220658,-200.41708011787182,1.3620050970444995,-3320.3525293729513
w128_energy01,strict,state_to_output,host+field_coarse,64,104,-217.06245433832106,-0.16054915261710137,-230.08785212533616,-371.5288327498143,-160.50645509757646,-229.65140059061795,1.4076403554760741,-4169.062454338321
w128_energy01,strict,state_to_output,morphic_delta_l01,64,104,-1910.4282732656397,-1.4130386636580177,-1923.4536710526545,-2064.8946516771325,-1853.872274024895,-6399.414499484505,9.21103782312021,-5030.428273265639
w128_energy01,strict,state_to_output,morphic_delta_l01+morphic_delta_l16,64,104,-1717.6321999380352,-1.2704380177056473,-1730.6575977250504,-1872.0985783495285,-1661.0762006972907,-6068.699771660356,8.708972577243953,-5669.632199938035
w128_energy01,strict,state_to_output,morphic_delta_l08,64,104,-724.8125460810913,-0.5361039542019906,-737.8379438681065,-879.2789244925846,-668.2565468403468,-1767.7010330894398,3.098076790909404,-3844.8125460810916
w128_energy01,strict,state_to_output,morphic_delta_l16,64,104,-721.0954309578769,-0.5333546086966545,-734.1208287448922,-875.5618093693702,-664.5394317171324,-1847.659322358346,3.191876219727077,-3841.095430957877
w128_energy01,strict,state_to_output,morphic_output,64,104,-758.6398269704198,-0.5611241323745708,-771.665224757435,-913.106205381913,-702.0838277296752,-1956.3693949202689,3.3315155280265007,-3878.6398269704196
w128_energy01,strict,state_to_output,motif,64,104,-813.9746480814534,-0.6020522544981165,-827.0000458684686,-968.4410264929465,-757.4186488407089,-1858.9763173856218,3.2299833735141914,-3933.9746480814533
w128_energy01,strict,state_to_output,motif+gru,64,104,-962.2987885662686,-0.7117594589987194,-975.3241863532837,-1116.765166977762,-905.7427893255242,-3101.429220103073,4.58725904747323,-4914.298788566269
w128_energy01,strict,state_to_output,output_slow,64,104,-56.55599924074458,-0.04183136038516611,-69.58139702775972,-211.0223776522378,0.0,-64.33296490575322,1.198385325978145,-3176.5559992407448
w128_energy01,strict,state_to_output,synthesis_phase,64,104,-41.9661191419526,-0.031040028951148376,-54.99151692896775,-196.43249755344584,14.58988009879197,-72.0503346325905,1.1959541338536301,-3161.9661191419527
w128_energy01,strict_matched_suffix,output,history,1,767,657.5530170528729,0.06594654669069029,0.0,0.0,87.53486071020089,0.0,0.9377771714817672,-1630.4469829471273
w128_energy01,strict_matched_suffix,output,output_slow,1,767,570.018156342672,0.0571676016791367,-87.53486071020089,-87.53486071020089,0.0,-94.02493877140284,0.9514362046772068,-2549.9818436573278
w128_energy01,strict_matched_suffix,output,history,16,752,-78.02651418931106,-0.007981435575829691,0.0,-380.83869512592446,56.13627813473873,0.0,1.035564456112773,-2366.026514189311
w128_energy01,strict_matched_suffix,output,output_slow,16,752,-134.16279232404986,-0.01372368988584798,-56.13627813473873,-436.9749732606632,0.0,-66.27622379947124,1.046455938774574,-3254.16279232405
w128_energy01,strict_matched_suffix,output,history,4,764,115.04715174983477,0.011583482858420738,0.0,0.0,28.740652841451393,0.0,1.0129568027194984,-2172.952848250165
w128_energy01,strict_matched_suffix,output,output_slow,4,764,86.30649890838339,0.008689740123679358,-28.740652841451393,-28.740652841451393,0.0,-34.38471542521941,1.0187542883306995,-3033.693501091617
w128_energy01,strict_matched_suffix,output,history,64,704,-63.001193928014374,-0.0068838717141624095,0.0,-326.0942449583898,95.31596158678917,0.0,1.0233864442941325,-2351.0011939280143
w128_energy01,strict_matched_suffix,output,output_slow,64,704,-158.31715551480355,-0.01729864024418745,-95.31596158678917,-421.410206545179,0.0,-98.79912510196957,1.0386362227317278,-3278.3171555148037
w128_energy01,strict_matched_suffix,state_to_output,decoder_control,8,95,-376.231748387233,-0.30464109181152466,-429.09118597538657,-470.0396156612002,-399.6065308018681,-660.6983559703499,1.858702518690172,-3496.231748387233
w128_energy01,strict_matched_suffix,state_to_output,field_coarse,8,95,-76.0549654399571,-0.0615829679675766,-128.91440302811077,-169.86283271392432,-99.42974785459222,-144.73681370183027,1.2715862600793286,-3196.054965439957
w128_energy01,strict_matched_suffix,state_to_output,field_fine,8,95,47.61652206902465,0.03855588831499972,-5.242915519129001,-46.191345204942536,24.241739654389548,-0.7518453061221528,1.106431045691291,-3072.3834779309755
w128_energy01,strict_matched_suffix,state_to_output,field_meso,8,95,53.60212041181998,0.04340252664924695,0.7426828236663372,-40.20574686214718,30.227337997184897,8.770243241213382,1.098427575868227,-3066.39787958818
w128_energy01,strict_matched_suffix,state_to_output,gru,8,95,-618.0598088374018,-0.5004532865080176,-670.9192464255553,-711.8676761113691,-641.4345912520369,-1265.8756406265813,2.3674056263459344,-3738.0598088374018
w128_energy01,strict_matched_suffix,state_to_output,gru+field_coarse,8,95,-617.7639393786992,-0.5002137160961128,-670.6233769668528,-711.5718066526664,-641.1387217933343,-1207.072825537739,2.380282915102358,-4569.763939378699
w128_energy01,strict_matched_suffix,state_to_output,history,8,95,52.85943758815365,0.042801164038990806,0.0,-40.948429685813544,29.48465517351855,0.0,1.0980461501765106,-2235.1405624118465
w128_energy01,strict_matched_suffix,state_to_output,host,8,95,-58.12887992395828,-0.04706791896676784,-110.98831751211192,-151.93674719792546,-81.50366233859337,-112.36343396740978,1.211329053759866,-3178.1288799239583
w128_energy01,strict_matched_suffix,state_to_output,host+field_coarse,8,95,-154.47655091522213,-0.12508222746171832,-207.3359885033758,-248.28441818918932,-177.85133332985725,-228.99190793313926,1.361800816691615,-4106.476550915222
w128_energy01,strict_matched_suffix,state_to_output,morphic_delta_l01,8,95,-1505.5056635499548,-1.2190329259513804,-1558.3651011381085,-1599.313530823922,-1528.8804459645899,-3887.7590819867555,5.578015957142805,-4625.505663549955
w128_energy01,strict_matched_suffix,state_to_output,morphic_delta_l01+morphic_delta_l16,8,95,-1244.522412001432,-1.0077104550618883,-1297.3818495895857,-1338.3302792753993,-1267.8971944160671,-3095.7485330145146,4.74857590743155,-5196.522412001432
w128_energy01,strict_matched_suffix,state_to_output,morphic_delta_l08,8,95,-562.2089911862911,-0.45522995237756364,-615.0684287744447,-656.0168584602582,-585.5837736009262,-1233.3894490871705,2.4064169855004183,-3682.2089911862913
w128_energy01,strict_matched_suffix,state_to_output,morphic_delta_l16,8,95,-550.1861244190143,-0.44549483758624636,-603.0455620071677,-643.9939916929814,-573.5609068336493,-1165.956093593096,2.3432802296066777,-3670.186124419014
w128_energy01,strict_matched_suffix,state_to_output,morphic_output,8,95,-576.5591360873354,-0.46684950290472504,-629.4185736754889,-670.3670033613025,-599.9339185019705,-1253.8019818263474,2.440026143995111,-3696.5591360873354
w128_energy01,strict_matched_suffix,state_to_output,motif,8,95,-812.7945739886308,-0.6581332582903893,-865.6540115767845,-906.602441262598,-836.169356403266,-1659.8216676767918,2.865917750627551,-3932.794573988631
w128_energy01,strict_matched_suffix,state_to_output,motif+gru,8,95,-975.5486539769961,-0.7899179384429118,-1028.4080915651498,-1069.3565212509634,-998.9234363916312,-2302.6300142628343,3.361548100795346,-4927.548653976996
w128_energy01,strict_matched_suffix,state_to_output,output_slow,8,95,23.3747824146351,0.018926949323591173,-29.48465517351855,-70.43308485933208,0.0,-60.98485329367503,1.156539022642731,-3096.6252175853647
w128_energy01,strict_matched_suffix,state_to_output,synthesis_phase,8,95,17.929675489921586,0.014517955862284685,-34.92976209823206,-75.8781917840456,-5.44510692471351,-42.9228210750561,1.1383006709714416,-3102.0703245100785
w128_energy01,strict_matched_suffix,state_to_output,decoder_control,128,80,-341.37590983522864,-0.3282460671492583,-236.52285482626507,-133.11520827623784,-80.21878169696366,-484.94744025933653,1.758118809505337,-3461.3759098352284
w128_energy01,strict_matched_suffix,state_to_output,field_coarse,128,80,-160.88922031093028,-0.1547011733758945,-56.03616530196669,47.37148124806052,100.26790782733471,-9.747978119743008,1.1846642686933107,-3280.8892203109303
w128_energy01,strict_matched_suffix,state_to_output,field_fine,128,80,-208.74110696280542,-0.20071260284885137,-103.88805195384182,-0.48040540381461483,52.41602117545959,3.6775358870248382,1.157962392549849,-3328.7411069628056
w128_energy01,strict_matched_suffix,state_to_output,field_meso,128,80,-107.84208411062177,-0.10369431164482862,-2.9890291016581703,100.41861744836905,153.3150440276432,30.010081514244813,1.1351469140122707,-3227.8420841106217
w128_energy01,strict_matched_suffix,state_to_output,gru,128,80,-529.8599536327999,-0.5094807246469231,-425.0068986238364,-321.59925207380917,-268.702825494535,-843.6198111794592,2.6288773775866527,-3649.8599536328
w128_energy01,strict_matched_suffix,state_to_output,gru+field_coarse,128,80,-591.8581717792479,-0.5690943959415845,-487.0051167702842,-383.597470220257,-330.7010436409828,-836.0465979631679,2.6668567275328594,-4543.858171779248
w128_energy01,strict_matched_suffix,state_to_output,history,128,80,-104.8530550089636,-0.10082024520092653,0.0,103.40764655002724,156.3040731293014,0.0,1.1413146739105584,-2392.8530550089636
w128_energy01,strict_matched_suffix,state_to_output,host,128,80,-138.1771233291803,-0.13286261858575027,-33.324068320216696,70.08357822981053,122.98000480908472,-53.912887466310465,1.1894477479396752,-3258.17712332918
w128_energy01,strict_matched_suffix,state_to_output,host+field_coarse,128,80,-175.0266169470625,-0.1682948239875601,-70.1735619380989,33.234084611928296,86.13051119120252,-56.42520462627452,1.2191003757174603,-4127.026616947062
w128_energy01,strict_matched_suffix,state_to_output,morphic_delta_l01,128,80,-1437.2600904689928,-1.3819808562201854,-1332.4070354600292,-1228.999388910002,-1176.1029623307277,-3707.8487281325147,8.478815308906325,-4557.2600904689925
w128_energy01,strict_matched_suffix,state_to_output,morphic_delta_l01+morphic_delta_l16,128,80,-1441.2370001017157,-1.3858048077901113,-1336.3839450927521,-1232.976298542725,-1180.0798719634506,-4172.421349648462,9.248591732259897,-5393.237000101715
w128_energy01,strict_matched_suffix,state_to_output,morphic_delta_l08,128,80,-590.2744329920392,-0.5675715701846531,-485.4213779830757,-382.0137314330484,-329.11730485377427,-908.01582250044,2.751840548356931,-3710.2744329920392
w128_energy01,strict_matched_suffix,state_to_output,morphic_delta_l16,128,80,-585.6639474388422,-0.5631384109988867,-480.81089242987855,-377.40324587985134,-324.50681930057715,-967.0306061628153,2.7512707522603375,-3705.663947438842
w128_energy01,strict_matched_suffix,state_to_output,morphic_output,128,80,-625.016830718031,-0.6009777218442606,-520.1637757090673,-416.75612915904014,-363.8597025797659,-1093.365204593728,2.966799901345269,-3745.016830718031
w128_energy01,strict_matched_suffix,state_to_output,motif,128,80,-523.878436656586,-0.5037292660159481,-419.02538164762245,-315.61773509759524,-262.72130851832105,-714.6273946535041,2.3638043988069852,-3643.878436656586
w128_energy01,strict_matched_suffix,state_to_output,motif+gru,128,80,-770.2055646456218,-0.7405822736977133,-665.3525096366584,-561.9448630866311,-509.048436507357,-1650.8482857786857,4.048117868098591,-4722.205564645622
w128_energy01,strict_matched_suffix,state_to_output,output_slow,128,80,-261.15712813826497,-0.25111262320987016,-156.3040731293014,-52.8964265792742,0.0,-81.70637693572695,1.2561743081431542,-3381.157128138265
w128_energy01,strict_matched_suffix,state_to_output,synthesis_phase,128,80,-35.60641525383619,-0.034236937744073256,69.24663975512742,172.6542863051546,225.55071288442883,-17.387176651758352,1.162465959243825,-3155.606415253836
w128_energy01,strict_matched_suffix,state_to_output,decoder_control,16,94,-440.84545051220107,-0.36075732447806963,-467.1593476679558,-547.4614325969945,-437.7266622442674,-800.6148256635278,2.0414374448433774,-3560.845450512201
w128_energy01,strict_matched_suffix,state_to_output,field_coarse,16,94,43.605082918323895,0.035683373910248686,17.291185762569185,-63.01089916646963,46.72387118625754,-1.0162799281059005,1.1477873282873596,-3076.394917081676
w128_energy01,strict_matched_suffix,state_to_output,field_fine,16,94,20.79071702305766,0.017013680051602014,-5.523180132697055,-85.82526506173586,23.90950529099131,2.9201409655035686,1.139869047537293,-3099.209282976942
w128_energy01,strict_matched_suffix,state_to_output,field_meso,16,94,19.254070047928966,0.015756194801905866,-7.059827107825738,-87.36191203686454,22.372858315862615,-6.757669067095595,1.1498143510202123,-3100.745929952071
w128_energy01,strict_matched_suffix,state_to_output,gru,16,94,-702.4206248326839,-0.5748122952804287,-728.7345219884386,-809.0366069174775,-699.3018365647503,-1484.4952487556407,2.6151584547039386,-3822.4206248326836
w128_energy01,strict_matched_suffix,state_to_output,gru+field_coarse,16,94,-635.6119859602654,-0.5201407413750126,-661.9258831160201,-742.227968045059,-632.4931976923318,-1267.3295634610117,2.471990833204191,-4587.611985960266
w128_energy01,strict_matched_suffix,state_to_output,history,16,94,26.31389715575471,0.021533467394234625,0.0,-80.30208492903881,29.432685423688362,0.0,1.1354195313396822,-2261.6861028442454
w128_energy01,strict_matched_suffix,state_to_output,host,16,94,-46.93864772265765,-0.038411332015268126,-73.25254487841237,-153.55462980745116,-43.81985945472401,-70.85226132238388,1.2141474170873041,-3166.9386477226576
w128_energy01,strict_matched_suffix,state_to_output,host+field_coarse,16,94,-38.25168305746533,-0.031302522960282596,-64.56558021322002,-144.86766514225883,-35.13289478953166,-87.94817220173245,1.2387247214575972,-3990.2516830574655
w128_energy01,strict_matched_suffix,state_to_output,morphic_delta_l01,16,94,-1467.3242086993669,-1.200756308264621,-1493.6381058551217,-1573.9401907841602,-1464.2054204314334,-3851.1924303392416,5.548330132766439,-4587.324208699367
w128_energy01,strict_matched_suffix,state_to_output,morphic_delta_l01+morphic_delta_l16,16,94,-1189.5489318493082,-0.9734442977490247,-1215.8628290050628,-1296.1649139341016,-1186.4301435813745,-3110.3774499647443,4.666049201281778,-5141.548931849308
w128_energy01,strict_matched_suffix,state_to_output,morphic_delta_l08,16,94,-613.8500304241069,-0.5023322671228371,-640.1639275798616,-720.4660125089003,-610.7312421561733,-1486.680885322527,2.7899321123223157,-3733.850030424107
w128_energy01,strict_matched_suffix,state_to_output,morphic_delta_l16,16,94,-652.8454011005185,-0.5342433724226829,-679.1592982562734,-759.4613831853121,-649.7266128325849,-1599.7530348263517,2.9068824037895915,-3772.8454011005188
w128_energy01,strict_matched_suffix,state_to_output,morphic_output,16,94,-654.7228248552321,-0.5357797257407791,-681.0367220109868,-761.3388069400255,-651.6040365872984,-1559.585791776516,2.868170435220559,-3774.722824855232
w128_energy01,strict_matched_suffix,state_to_output,motif,16,94,-852.9074693557931,-0.6979602858885376,-879.2213665115478,-959.5234514405864,-849.7886810878595,-2012.7095813029055,3.361773297871787,-3972.907469355793
w128_energy01,strict_matched_suffix,state_to_output,motif+gru,16,94,-926.7966931565576,-0.7584260991461191,-953.1105903123122,-1033.4126752413508,-923.677904888624,-2230.681823099092,3.380597717292576,-4878.796693156558
w128_energy01,strict_matched_suffix,state_to_output,output_slow,16,94,-3.1187882679336525,-0.0025521998919260658,-29.432685423688362,-109.73477035272718,0.0,-57.02631308350813,1.2232381145711502,-3123.1187882679337
w128_energy01,strict_matched_suffix,state_to_output,synthesis_phase,16,94,-19.4776755927548,-0.0159391780628108,-45.7915727485095,-126.09365767754831,-16.358887324821147,-68.23742995885942,1.2054740736328406,-3139.4776755927546
w128_energy01,strict_matched_suffix,state_to_output,decoder_control,64,88,-632.6054284217805,-0.5529767730959619,-629.469441884955,-746.427512897227,-584.500471523282,-1509.052980122064,3.0539645343431734,-3752.6054284217807
w128_energy01,strict_matched_suffix,state_to_output,field_coarse,64,88,-26.9167899179351,-0.023528662515677534,-23.780803381109575,-140.73887439338162,21.188166980563373,-32.2170918823693,1.1844796131485065,-3146.916789917935
w128_energy01,strict_matched_suffix,state_to_output,field_fine,64,88,2.967294428640649,0.0025937888362243438,6.103280965466163,-110.85479004680587,51.072251327139114,7.876739399229839,1.135440574932712,-3117.032705571359
w128_energy01,strict_matched_suffix,state_to_output,field_meso,64,88,-2.20767913244665,-0.0019297894514393793,0.9283074043788719,-116.02976360789316,45.897277766051815,5.454066923651048,1.1405672685503705,-3122.2076791324466
w128_energy01,strict_matched_suffix,state_to_output,gru,64,88,-785.3729110722763,-0.686514782405836,-782.236924535451,-899.1949955477228,-737.267954173778,-2006.2737050653923,3.7846268025994654,-3905.372911072276
w128_energy01,strict_matched_suffix,state_to_output,gru+field_coarse,64,88,-811.1684013624981,-0.7090632879042815,-808.0324148256726,-924.9904858379448,-763.0634444639998,-1988.7519604778179,3.8266358639706186,-4763.168401362498
w128_energy01,strict_matched_suffix,state_to_output,history,64,88,-3.13598653682552,-0.0027412469727495802,0.0,-116.95807101227203,44.968970361672945,0.0,1.1402519976756686,-2291.1359865368254
w128_energy01,strict_matched_suffix,state_to_output,host,64,88,-209.96644593444677,-0.18353710308955137,-206.83045939762118,-323.78853040989327,-161.86148903594827,-195.40295817264243,1.405790689537745,-3329.9664459344467
w128_energy01,strict_matched_suffix,state_to_output,host+field_coarse,64,88,-218.40080307889883,-0.19090979290113536,-215.2648165420733,-332.22288755434533,-170.2958461804004,-215.72387121483825,1.4527890041280151,-4170.400803078899
w128_energy01,strict_matched_suffix,state_to_output,morphic_delta_l01,64,88,-1882.3230080570759,-1.6453872448051363,-1879.1870215202503,-1996.1450925325225,-1834.218051158577,-6379.845806839119,10.663716641768762,-5002.323008057076
w128_energy01,strict_matched_suffix,state_to_output,morphic_delta_l01+morphic_delta_l16,64,88,-1686.0511598111316,-1.4738209438908494,-1682.9151732743062,-1799.8732442865783,-1637.946202912633,-6045.93577399397,10.066720951717894,-5638.051159811132
w128_energy01,strict_matched_suffix,state_to_output,morphic_delta_l08,64,88,-717.2952312410014,-0.6270063210148613,-714.159244704176,-831.117315716448,-669.190274342503,-1756.2417842443774,3.449422850570812,-3837.2952312410016
w128_energy01,strict_matched_suffix,state_to_output,morphic_delta_l16,64,88,-708.8578123004813,-0.619630954808113,-705.7218257636558,-822.6798967759279,-660.752855401983,-1832.1014399698952,3.554884670577651,-3828.8578123004813
w128_energy01,strict_matched_suffix,state_to_output,morphic_output,64,88,-745.8353540259809,-0.6519539807919413,-742.6993674891553,-859.6574385014274,-697.7303971274823,-1940.310278091587,3.718932908121023,-3865.835354025981
w128_energy01,strict_matched_suffix,state_to_output,motif,64,88,-810.9259620022502,-0.7088513653865823,-807.7899754654246,-924.7480464776968,-762.8210051037519,-1847.270060754832,3.6047746140783206,-3930.9259620022503
w128_energy01,strict_matched_suffix,state_to_output,motif+gru,64,88,-947.2084396996709,-0.8279794053318801,-944.0724531628454,-1061.0305241751173,-899.1034828011723,-3084.2375746985454,5.202921293549353,-4899.208439699671
w128_energy01,strict_matched_suffix,state_to_output,output_slow,64,88,-48.104956898498465,-0.04204978749868747,-44.968970361672945,-161.927041373945,0.0,-41.78991897829684,1.190786700449029,-3168.1049568984986
w128_energy01,strict_matched_suffix,state_to_output,synthesis_phase,64,88,-53.830945583118634,-0.04705502236286594,-50.69495904629313,-167.65303005856518,-5.725988684620187,-67.25659395348998,1.2142284111326904,-3173.8309455831186
w128_energy01,sigma_only_adapted,output,history,1,767,325.309997281537,0.03262561400877916,0.0,0.0,100.2729347710353,0.0,0.9377771714817672,-1962.690002718463
w128_energy01,sigma_only_adapted,output,output_slow,1,767,225.0370625105017,0.02256915680578695,-100.2729347710353,-100.2729347710353,0.0,-136.63803685131836,0.9514362046772068,-2894.9629374894985
w128_energy01,sigma_only_adapted,output,history,16,752,-261.5168830409062,-0.026750908658030502,0.0,-547.5510801792218,24.291164198843006,0.0,1.035564456112773,-2549.516883040906
w128_energy01,sigma_only_adapted,output,output_slow,16,752,-285.8080472397492,-0.029235684046619193,-24.291164198843006,-571.8422443780648,0.0,-90.02976161802886,1.046455938774574,-3405.808047239749
w128_energy01,sigma_only_adapted,output,history,4,764,-501.18096551137114,-0.050461232935095766,0.0,0.0,-97.05769906188868,0.0,1.0129568027194984,-2789.180965511371
w128_energy01,sigma_only_adapted,output,output_slow,4,764,-404.12326644948246,-0.040689011926045356,97.05769906188868,97.05769906188868,0.0,-38.89818751266766,1.0187542883306995,-3524.1232664494823
w128_energy01,sigma_only_adapted,output,history,64,704,-136.70255260144916,-0.014936904785997504,0.0,-351.4811407017737,105.04658080894552,0.0,1.0233864442941325,-2424.702552601449
w128_energy01,sigma_only_adapted,output,output_slow,64,704,-241.74913341039468,-0.026414896570191727,-105.04658080894552,-456.5277215107193,0.0,-95.95560596205033,1.0386362227317278,-3361.7491334103947
w128_energy01,sigma_only_adapted,state_to_output,decoder_control,8,95,-635.9874271124061,-0.5149695766092357,-646.1930405491189,-773.9867066278359,-608.6836164481767,-776.690328087068,1.858702518690172,-3755.9874271124063
w128_energy01,sigma_only_adapted,state_to_output,field_coarse,8,95,-111.12616874702383,-0.08998070343888569,-121.33178218373679,-249.1254482624537,-83.82235808279455,-185.74313107512154,1.2715862600793286,-3231.1261687470237
w128_energy01,sigma_only_adapted,state_to_output,field_fine,8,95,23.26978180158527,0.01884192858427957,13.06416836487233,-114.72949771384458,50.57359246581456,-9.223086264163134,1.106431045691291,-3096.7302181984146
w128_energy01,sigma_only_adapted,state_to_output,field_meso,8,95,33.633580654714734,0.02723366854632772,23.427967218001786,-104.36569886071513,60.937391318944016,-3.4116763501548277,1.098427575868227,-3086.366419345285
w128_energy01,sigma_only_adapted,state_to_output,gru,8,95,-1452.7707581415207,-1.1763325976854417,-1462.9763715782335,-1590.7700376569505,-1425.4669474772913,-1432.354152060609,2.3674056263459344,-4572.770758141521
w128_energy01,sigma_only_adapted,state_to_output,gru+field_coarse,8,95,-1181.143568167479,-0.9563915531720478,-1191.3491816041922,-1319.1428476829087,-1153.83975750325,-1389.3975370082771,2.380282915102358,-5133.143568167479
w128_energy01,sigma_only_adapted,state_to_output,history,8,95,10.205613436712945,0.008263654604625865,0.0,-127.79366607871691,37.50942410094223,0.0,1.0980461501765106,-2277.794386563287
w128_energy01,sigma_only_adapted,state_to_output,host,8,95,-89.02857163177288,-0.07208791225244768,-99.23418506848583,-227.02785114720274,-61.7247609675436,-128.01703527426287,1.211329053759866,-3209.028571631773
w128_energy01,sigma_only_adapted,state_to_output,host+field_coarse,8,95,-190.17248777020836,-0.15398582005684888,-200.37810120692134,-328.1717672856382,-162.8686771059791,-282.26269644124545,1.361800816691615,-4142.172487770208
w128_energy01,sigma_only_adapted,state_to_output,morphic_delta_l01,8,95,-4644.847322760978,-3.761009977944112,-4655.052936197691,-4782.846602276409,-4617.543512096749,-4824.310401125722,5.578015957142805,-7764.847322760978
w128_energy01,sigma_only_adapted,state_to_output,morphic_delta_l01+morphic_delta_l16,8,95,-3878.8172372469744,-3.1407427022242707,-3889.022850683688,-4016.8165167624043,-3851.513426582745,-3910.002477248382,4.74857590743155,-7830.817237246974
w128_energy01,sigma_only_adapted,state_to_output,morphic_delta_l08,8,95,-1255.762410917019,-1.0168116687587199,-1265.968024353732,-1393.7616904324486,-1228.45860025279,-1413.9467320458618,2.4064169855004183,-4375.762410917019
w128_energy01,sigma_only_adapted,state_to_output,morphic_delta_l16,8,95,-1231.3801439585532,-0.9970689424765613,-1241.585757395266,-1369.379423473983,-1204.0763332943238,-1350.3767123293349,2.3432802296066777,-4351.380143958553
w128_energy01,sigma_only_adapted,state_to_output,morphic_output,8,95,-1318.711234958249,-1.067782376484412,-1328.9168483949616,-1456.7105144736788,-1291.4074242940196,-1464.9858128610028,2.440026143995111,-4438.711234958249
w128_energy01,sigma_only_adapted,state_to_output,motif,8,95,-1742.351908820562,-1.410811262202884,-1752.5575222572747,-1880.3511883359918,-1715.0480981563328,-1915.113221390162,2.865917750627551,-4862.351908820562
w128_energy01,sigma_only_adapted,state_to_output,motif+gru,8,95,-2443.0816746611845,-1.9782037851507566,-2453.287288097897,-2581.0809541766143,-2415.777863996955,-2573.700509828768,3.361548100795346,-6395.0816746611845
w128_energy01,sigma_only_adapted,state_to_output,output_slow,8,95,-27.303810664229285,-0.02210834871597513,-37.50942410094223,-165.30309017965914,0.0,-64.58844551156466,1.156539022642731,-3147.3038106642293
w128_energy01,sigma_only_adapted,state_to_output,synthesis_phase,8,95,5.613510587492705,0.004545352702423243,-4.5921028492202485,-132.38576892793716,32.91732125172198,-34.956551517529846,1.1383006709714416,-3114.386489412507
w128_energy01,sigma_only_adapted,state_to_output,decoder_control,16,94,-694.029249397214,-0.5679453759388003,-718.0921757720764,-831.8139003869217,-672.1119412464066,-851.4144332860158,2.0414374448433774,-3814.029249397214
w128_energy01,sigma_only_adapted,state_to_output,field_coarse,16,94,19.063102324345785,0.015599920069022737,-4.999824050516575,-118.7215486653619,40.98041047515324,-7.074656037487502,1.1477873282873596,-3100.936897675654
w128_energy01,sigma_only_adapted,state_to_output,field_fine,16,94,13.641544435273897,0.011163293318554743,-10.421381939588485,-124.1431065544338,35.55885258608133,-4.855514046373276,1.139869047537293,-3106.3584555647262
w128_energy01,sigma_only_adapted,state_to_output,field_meso,16,94,13.647934055723333,0.011168522140526459,-10.414992319139024,-124.13671693398435,35.5652422065308,-12.667804734085147,1.1498143510202123,-3106.3520659442765
w128_energy01,sigma_only_adapted,state_to_output,gru,16,94,-1316.8814179032493,-1.0776443681695984,-1340.9443442781114,-1454.6660688929567,-1294.9641097524416,-1452.2921466980201,2.6151584547039386,-4436.881417903249
w128_energy01,sigma_only_adapted,state_to_output,gru+field_coarse,16,94,-1156.4739434813973,-0.9463780224888685,-1180.5368698562597,-1294.258594471105,-1134.55663533059,-1295.6251193510545,2.471990833204191,-5108.473943481397
w128_energy01,sigma_only_adapted,state_to_output,history,16,94,24.062926374862357,0.019691429111998657,0.0,-113.72172461484531,45.98023452566982,0.0,1.1354195313396822,-2263.9370736251376
w128_energy01,sigma_only_adapted,state_to_output,host,16,94,-48.514557279817744,-0.039700947037494064,-72.57748365468012,-186.29920826952542,-26.597249129010294,-75.01628158848584,1.2141474170873041,-3168.514557279818
w128_energy01,sigma_only_adapted,state_to_output,host+field_coarse,16,94,-62.70533853942813,-0.05131369765910649,-86.76826491429051,-200.4899895291358,-40.78803038862067,-89.66538521890584,1.2387247214575972,-4014.7053385394283
w128_energy01,sigma_only_adapted,state_to_output,morphic_delta_l01,16,94,-3739.7418799036423,-3.0603452372370232,-3763.8048062785047,-3877.52653089335,-3717.8245717528343,-4141.372357955823,5.548330132766439,-6859.741879903642
w128_energy01,sigma_only_adapted,state_to_output,morphic_delta_l01+morphic_delta_l16,16,94,-3034.099934929591,-2.4828968370945916,-3058.162861304453,-3171.884585919299,-3012.1826267787837,-3315.3489415483923,4.666049201281778,-6986.099934929591
w128_energy01,sigma_only_adapted,state_to_output,morphic_delta_l08,16,94,-1264.1915262948944,-1.0345266172625978,-1288.2544526697566,-1401.9761772846018,-1242.2742181440867,-1615.8325284247576,2.7899321123223157,-4384.191526294894
w128_energy01,sigma_only_adapted,state_to_output,morphic_delta_l16,16,94,-1391.6234446746305,-1.1388080561985519,-1415.6863710494927,-1529.4080956643381,-1369.706136523823,-1711.5763974991467,2.9068824037895915,-4511.62344467463
w128_energy01,sigma_only_adapted,state_to_output,morphic_output,16,94,-1375.4944122607692,-1.125609175336145,-1399.5573386356316,-1513.279063250477,-1353.577104109962,-1680.2782458336942,2.868170435220559,-4495.494412260769
w128_energy01,sigma_only_adapted,state_to_output,motif,16,94,-2014.5802104518352,-1.6485926435776066,-2038.6431368266976,-2152.3648614415433,-1992.6629023010275,-2175.579434217314,3.361773297871787,-5134.580210451835
w128_energy01,sigma_only_adapted,state_to_output,motif+gru,16,94,-2062.0865135753347,-1.6874685053807976,-2086.149439950197,-2199.871164565043,-2040.1692054245268,-2235.466782482055,3.380597717292576,-6014.086513575335
w128_energy01,sigma_only_adapted,state_to_output,output_slow,16,94,-21.917308150807468,-0.017935604051397273,-45.98023452566982,-159.70195914051513,0.0,-75.25873257395958,1.2232381145711502,-3141.9173081508075
w128_energy01,sigma_only_adapted,state_to_output,synthesis_phase,16,94,-39.34119976902974,-0.032194107830629905,-63.4041261438921,-177.12585075873744,-17.423891618222292,-61.0457202823629,1.2054740736328406,-3159.3411997690296
w128_energy01,sigma_only_adapted,state_to_output,decoder_control,64,88,-1483.5482712453459,-1.2968079294102675,-1439.4721167050864,-1518.6501707906066,-1418.9021320718189,-1863.1308020697022,3.0539645343431734,-4603.548271245346
w128_energy01,sigma_only_adapted,state_to_output,field_coarse,64,88,-43.17365380834029,-0.03773920787442333,0.9025007319192788,-78.27555335360104,21.47248536518667,-40.37010352856084,1.1844796131485065,-3163.17365380834
w128_energy01,sigma_only_adapted,state_to_output,field_fine,64,88,-11.146102559437681,-0.009743096642865106,32.930051980821894,-46.24800210469843,53.50003661408928,8.54474451641526,1.135440574932712,-3131.1461025594376
w128_energy01,sigma_only_adapted,state_to_output,field_meso,64,88,-4.273231328469592,-0.0037353420703405524,39.80292321178998,-39.375130873730335,60.372907845057384,7.0714384876166045,1.1405672685503705,-3124.2732313284696
w128_energy01,sigma_only_adapted,state_to_output,gru,64,88,-2079.337814725194,-1.8176029848996453,-2035.261660184935,-2114.439714270455,-2014.6916755516675,-2532.2995369400187,3.7846268025994654,-5199.337814725194
w128_energy01,sigma_only_adapted,state_to_output,gru+field_coarse,64,88,-1999.6917957499104,-1.7479823389422293,-1955.615641209651,-2034.793695295171,-1935.0456565763832,-2521.728384429741,3.8266358639706186,-5951.69179574991
w128_energy01,sigma_only_adapted,state_to_output,history,64,88,-44.07615454025959,-0.038528107115611526,0.0,-79.17805408552033,20.56998463326739,0.0,1.1402519976756686,-2332.0761545402597
w128_energy01,sigma_only_adapted,state_to_output,host,64,88,-323.503815800623,-0.28278305576977536,-279.42766126036344,-358.6057153458837,-258.8576766270961,-253.0044817754154,1.405790689537745,-3443.5038158006228
w128_energy01,sigma_only_adapted,state_to_output,host+field_coarse,64,88,-321.3520095759465,-0.28090210627268053,-277.275855035687,-356.4539091212073,-256.7058704024196,-286.49001938287995,1.4527890041280151,-4273.352009575947
w128_energy01,sigma_only_adapted,state_to_output,morphic_delta_l01,64,88,-6314.209099261344,-5.51941354830537,-6270.132944721085,-6349.310998806604,-6249.562960087817,-7885.48086870505,10.663716641768762,-9434.209099261345
w128_energy01,sigma_only_adapted,state_to_output,morphic_delta_l01+morphic_delta_l16,64,88,-5916.6929881677825,-5.171934430216593,-5872.616833627524,-5951.794887713044,-5852.046848994257,-7573.614377059806,10.066720951717894,-9868.692988167782
w128_energy01,sigma_only_adapted,state_to_output,morphic_delta_l08,64,88,-1992.9572413042872,-1.7420954906506008,-1948.8810867640275,-2028.0591408495475,-1928.3111021307602,-2235.256887690509,3.449422850570812,-5112.957241304287
w128_energy01,sigma_only_adapted,state_to_output,morphic_delta_l16,64,88,-1996.6416632250332,-1.7453161391827214,-1952.5655086847742,-2031.7435627702944,-1931.9955240515064,-2356.7100115563408,3.554884670577651,-5116.641663225033
w128_energy01,sigma_only_adapted,state_to_output,morphic_output,64,88,-2093.0863249885147,-1.829620913451499,-2049.010170448255,-2128.188224533775,-2028.4401858149877,-2503.7985776878577,3.718932908121023,-5213.086324988515
w128_energy01,sigma_only_adapted,state_to_output,motif,64,88,-2160.6655503460206,-1.888693662889878,-2116.5893958057613,-2195.767449891282,-2096.0194111724936,-2393.4777076800956,3.6047746140783206,-5280.665550346021
w128_energy01,sigma_only_adapted,state_to_output,motif+gru,64,88,-2974.6065969228466,-2.600180591715775,-2930.530442382587,-3009.7084964681076,-2909.960457749319,-3857.388605430516,5.202921293549353,-6926.606596922847
w128_energy01,sigma_only_adapted,state_to_output,output_slow,64,88,-64.64613917352696,-0.05650886291392217,-20.56998463326739,-99.74803871878771,0.0,-53.62324523509754,1.190786700449029,-3184.646139173527
w128_energy01,sigma_only_adapted,state_to_output,synthesis_phase,64,88,-104.39988785230628,-0.09125864322754046,-60.323733312046684,-139.501787397567,-39.7537486787793,-82.48254801166482,1.2142284111326904,-3224.399887852306
w128_energy03,strict,output,history,1,895,616.5341299230715,0.05298961151036283,0.0,0.0,183.54883976601792,0.0,0.9518307376880897,-1671.4658700769285
w128_energy03,strict,output,output_slow,1,895,432.98529015705344,0.03721403439252716,-183.54883976601792,-183.54883976601792,0.0,-195.5322377639767,0.973581651429789,-2687.0147098429466
w128_energy03,strict,output,history,16,880,-35.345507847621974,-0.0030896422943725503,0.0,-345.4009503248905,130.5079557809286,0.0,1.0267329777405114,-2323.345507847622
w128_energy03,strict,output,output_slow,16,880,-165.85346362855054,-0.01449768038711106,-130.5079557809286,-475.90890610581914,0.0,-138.69362468856906,1.0448400233918556,-3285.8534636285503
w128_energy03,strict,output,history,4,892,-182.45390618493067,-0.015734210605806372,0.0,0.0,-22.59952692972344,0.0,1.0440626670847646,-2470.4539061849305
w128_energy03,strict,output,output_slow,4,892,-159.85437925520716,-0.013785303488720866,22.59952692972344,22.59952692972344,0.0,19.072740235751105,1.0420033475200068,-3279.8543792552073
w128_energy03,strict,output,history,64,832,-62.54548247717284,-0.005782681442046305,0.0,-335.12830525493195,108.04722004691138,0.0,1.0233763504106308,-2350.5454824771728
w128_energy03,strict,output,output_slow,64,832,-170.59270252408416,-0.015772254301413106,-108.04722004691138,-443.17552530184327,0.0,-108.76547118641611,1.0377958504232268,-3290.592702524084
w128_energy03,strict,state_to_output,decoder_control,8,111,-456.4250218426045,-0.31630285643978134,-482.3647979353018,-538.7709028647415,-468.8771673444468,-794.0201450018336,1.8465576957871628,-3576.4250218426046
w128_energy03,strict,state_to_output,field_coarse,8,111,-708.1267265635189,-0.49073231224083086,-734.0665026562161,-790.4726075856559,-720.578872065361,-872.3572482807893,1.9126400510177366,-3828.126726563519
w128_energy03,strict,state_to_output,field_fine,8,111,65.5710995685641,0.04544081744183236,39.631323475866836,-16.77478145357297,53.11895406672187,22.189734335668597,1.070449105617084,-3054.428900431436
w128_energy03,strict,state_to_output,field_meso,8,111,40.97919408045691,0.02839860989636653,15.039417987759657,-41.36668694168014,28.527048578614686,12.692586667474462,1.0840517254219582,-3079.020805919543
w128_energy03,strict,state_to_output,gru,8,111,-574.659270568711,-0.3982392727433895,-600.5990466614084,-657.0051515908481,-587.1114160705533,-1129.1028873862663,2.077581460643629,-3694.659270568711
w128_energy03,strict,state_to_output,gru+field_coarse,8,111,-1119.491883483252,-0.7758086510625447,-1145.4316595759492,-1201.837764505389,-1131.944028985094,-1933.9689144576246,2.9001444622202244,-5071.4918834832515
w128_energy03,strict,state_to_output,history,8,111,25.939776092697244,0.017976282808522,0.0,-56.40610492943981,13.487630590855023,0.0,1.0925676462041713,-2262.0602239073028
w128_energy03,strict,state_to_output,host,8,111,-182.0099091812528,-0.1261329931956014,-207.94968527395008,-264.3557902033898,-194.46205468309503,-210.96455633413538,1.2763617426594172,-3302.0099091812526
w128_energy03,strict,state_to_output,host+field_coarse,8,111,-687.3844159783373,-0.4763578766308644,-713.3241920710345,-769.7302970004743,-699.8365614801795,-915.5226497076981,2.048825900913522,-4639.3844159783375
w128_energy03,strict,state_to_output,morphic_delta_l01,8,111,-1396.9034465826353,-0.9680550565368228,-1422.8432226753323,-1479.2493276047721,-1409.3555920844774,-3554.846739044785,4.698019884905398,-4516.903446582635
w128_energy03,strict,state_to_output,morphic_delta_l01+morphic_delta_l16,8,111,-1162.540458978801,-0.8056413437136529,-1188.4802350714986,-1244.8863400009382,-1174.9926044806434,-2831.000839759704,4.014636041865395,-5114.540458978801
w128_energy03,strict,state_to_output,morphic_delta_l08,8,111,-498.0659523299543,-0.34516005012470846,-524.0057284226516,-580.4118333520914,-510.5180978317966,-1103.6276352037025,2.121196488216767,-3618.065952329954
w128_energy03,strict,state_to_output,morphic_delta_l16,8,111,-482.6667510710901,-0.3344883929806584,-508.6065271637873,-565.0126320932271,-495.11889657293233,-1024.7080465611914,2.0577753508493166,-3602.66675107109
w128_energy03,strict,state_to_output,morphic_output,8,111,-508.85878730601456,-0.35263949224256036,-534.7985633987118,-591.2046683281517,-521.3109328078568,-1107.0274406838826,2.1368878333518513,-3628.8587873060146
w128_energy03,strict,state_to_output,motif,8,111,-702.4711913688019,-0.4868130224316021,-728.4109674614991,-784.817072390939,-714.9233368706441,-1463.573695059387,2.467334159152513,-3822.471191368802
w128_energy03,strict,state_to_output,motif+gru,8,111,-949.2406385207787,-0.65782442031932,-975.1804146134759,-1031.5865195429158,-961.692784022621,-2118.8720784815973,2.9133218592416643,-4901.240638520779
w128_energy03,strict,state_to_output,output_slow,8,111,12.45214550184222,0.00862934546212212,-13.487630590855023,-69.89373552029484,0.0,-78.50198080607069,1.163365447150383,-3107.547854498158
w128_energy03,strict,state_to_output,synthesis_phase,8,111,3.2937512479083786,0.0022825718973724035,-22.646024844788887,-79.05212977422869,-9.15839425393386,-29.77561385459886,1.1208086888096251,-3116.7062487520916
w128_energy03,strict,state_to_output,decoder_control,128,96,-464.54618877523467,-0.37223252305707905,-263.33615173563726,-98.48567890152582,-2.211930739456349,-693.1444129511491,1.7465018762957167,-3584.5461887752344
w128_energy03,strict,state_to_output,field_coarse,128,96,-720.8559781336131,-0.577608956837831,-519.6459410940157,-354.7954682599043,-258.5217200978349,-411.31393708325476,1.6069638409920293,-3840.855978133613
w128_energy03,strict,state_to_output,field_fine,128,96,-413.63363738131306,-0.3314372094401547,-212.4236003417156,-47.57312750760417,48.70062065446527,-21.931741302373407,1.2236906099017277,-3533.633637381313
w128_energy03,strict,state_to_output,field_meso,128,96,-249.22968555210454,-0.19970327367957094,-48.019648512507075,116.83082432160438,213.1045724836738,8.622711249502203,1.2231250212189873,-3369.2296855521045
w128_energy03,strict,state_to_output,gru,128,96,-519.2950368662412,-0.41610179236077016,-318.08499982664364,-153.23452699253224,-56.96077883046278,-682.3520280832547,2.2183833576103433,-3639.2950368662414
w128_energy03,strict,state_to_output,gru+field_coarse,128,96,-929.9003550453967,-0.7451124639786832,-728.6903180057992,-563.8398451716878,-467.5660970096184,-950.2559746014393,2.424524023325831,-4881.900355045396
w128_energy03,strict,state_to_output,history,128,96,-201.21003703959747,-0.16122599121762618,0.0,164.85047283411143,261.12422099618084,0.0,1.2103398911659493,-2489.2100370395974
w128_energy03,strict,state_to_output,host,128,96,-283.61408840932324,-0.22725487853311158,-82.40405136972579,82.44642146438568,178.7201696264551,-111.92733559523306,1.2904975591976633,-3403.6140884093234
w128_energy03,strict,state_to_output,host+field_coarse,128,96,-582.2814126316034,-0.4665716447368617,-381.07137559200595,-216.22090275789458,-119.94715459582511,-353.33438280505305,1.614681777528531,-4534.281412631603
w128_energy03,strict,state_to_output,morphic_delta_l01,128,96,-1381.1469791726552,-1.1066882845934738,-1179.9369421330575,-1015.0864692989462,-918.8127211368769,-3351.19639770703,6.882829357361647,-4501.146979172655
w128_energy03,strict,state_to_output,morphic_delta_l01+morphic_delta_l16,128,96,-1402.7743026482824,-1.1240178707117647,-1201.564265608685,-1036.7137927745734,-940.4400446125042,-3765.3179247795015,7.502426916700661,-5354.774302648282
w128_energy03,strict,state_to_output,morphic_delta_l08,128,96,-582.589623335223,-0.4668186084416851,-381.3795862956254,-216.529113461514,-120.25536529944459,-734.8505250987063,2.3195328094294347,-3702.589623335223
w128_energy03,strict,state_to_output,morphic_delta_l16,128,96,-579.9766935224638,-0.46472491468146143,-378.7666564828663,-213.9161836487549,-117.6424354866855,-799.4933624460413,2.3294794514570305,-3699.976693522464
w128_energy03,strict,state_to_output,morphic_output,128,96,-614.6806947040619,-0.49253260793594705,-413.4706576644645,-248.62018483035303,-152.34643666828364,-918.6166627580287,2.4898438997341317,-3734.680694704062
w128_energy03,strict,state_to_output,motif,128,96,-509.66200215593494,-0.4083830145480248,-308.4519651163375,-143.601492282226,-47.327744120156595,-572.2332268913774,2.011848394643641,-3629.6620021559347
w128_energy03,strict,state_to_output,motif+gru,128,96,-743.8519988404586,-0.5960352554811367,-542.641961800861,-377.7914889667496,-281.5177408046802,-1410.2715177907987,3.2991772489762465,-4695.851998840459
w128_energy03,strict,state_to_output,output_slow,128,96,-462.33425803577836,-0.3704601426568737,-261.12422099618084,-96.27374816206941,0.0,-131.48843806338715,1.3591621544939125,-3582.3342580357785
w128_energy03,strict,state_to_output,synthesis_phase,128,96,-123.30246953093238,-0.09880005571388813,77.90756750866508,242.75804034277655,339.03178850484596,-130.90018227373236,1.2968496313985969,-3243.3024695309323
w128_energy03,strict,state_to_output,decoder_control,16,110,-327.7912852538205,-0.22922467500267169,-371.2853976223216,-423.0393688401253,-329.90247186857016,-629.2314142951196,1.6979801629097873,-3447.7912852538207
w128_energy03,strict,state_to_output,field_coarse,16,110,-54.129658924598004,-0.03785290833887972,-97.62377129309914,-149.37774251090283,-56.240845539347674,-150.45599959496255,1.240559823138906,-3174.129658924598
w128_energy03,strict,state_to_output,field_fine,16,110,51.72833572046879,0.03617366134298517,8.23422335196763,-43.51974786583604,49.61714910571911,15.875785446365345,1.1040728207399284,-3068.2716642795313
w128_energy03,strict,state_to_output,field_meso,16,110,21.329601965283572,0.014915805570128372,-22.164510403217584,-73.91848162102124,19.21841535053389,-26.81643659314842,1.1436552425971125,-3098.6703980347165
w128_energy03,strict,state_to_output,gru,16,110,-612.8798366865836,-0.4285872983822263,-656.3739490550848,-708.1279202728883,-614.9910233013334,-1352.899493263867,2.3034306365647583,-3732.8798366865835
w128_energy03,strict,state_to_output,gru+field_coarse,16,110,-537.5328236741235,-0.37589707949239404,-581.0269360426248,-632.7809072604283,-539.6440102888732,-1143.079687845976,2.2573544345111474,-4489.532823674123
w128_energy03,strict,state_to_output,history,16,110,43.49411236850115,0.03041546319475605,0.0,-51.75397121780368,41.38292575375147,0.0,1.1124081700186788,-2244.505887631499
w128_energy03,strict,state_to_output,host,16,110,-34.78859164200074,-0.02432768646293758,-78.28270401050187,-130.03667522830557,-36.899778256750416,-71.27562658486445,1.1931207668112895,-3154.788591642001
w128_energy03,strict,state_to_output,host+field_coarse,16,110,-152.78732760185193,-0.10684428503626009,-196.2814399703531,-248.0354111881568,-154.89851421660163,-238.35213279121143,1.330060050329667,-4104.787327601852
w128_energy03,strict,state_to_output,morphic_delta_l01,16,110,-1317.1488641228943,-0.9210831217642618,-1360.6429764913955,-1412.3969477091991,-1319.2600507376442,-3475.3391970957978,4.672307035221001,-4437.148864122894
w128_energy03,strict,state_to_output,morphic_delta_l01+morphic_delta_l16,16,110,-1054.9679933886007,-0.737739855516504,-1098.4621057571019,-1150.2160769749057,-1057.0791800033503,-2762.5527437577166,3.95884416247874,-5006.967993388601
w128_energy03,strict,state_to_output,morphic_delta_l08,16,110,-519.7573733549536,-0.36346669465381376,-563.2514857234548,-615.0054569412584,-521.8685599697034,-1340.0887520218103,2.4222035127467563,-3639.7573733549534
w128_energy03,strict,state_to_output,morphic_delta_l16,16,110,-551.6434760687227,-0.3857646685795264,-595.1375884372239,-646.8915596550275,-553.7546626834725,-1446.2520835897335,2.516951498461417,-3671.6434760687225
w128_energy03,strict,state_to_output,morphic_output,16,110,-546.9446977008823,-0.3824788095810366,-590.4388100693836,-642.1927812871872,-549.0558843156322,-1393.203723298105,2.4731994105421795,-3666.9446977008824
w128_energy03,strict,state_to_output,motif,16,110,-721.0521218297538,-0.5042322530277998,-764.5462341982549,-816.3002054160586,-723.1633084445035,-1787.6414098673454,2.856647198054608,-3841.0521218297536
w128_energy03,strict,state_to_output,motif+gru,16,110,-827.6410795266593,-0.5787699856829785,-871.1351918951605,-922.8891631129642,-829.7522661414091,-2012.3855667811029,2.909883747461277,-4779.641079526659
w128_energy03,strict,state_to_output,output_slow,16,110,2.1111866147496805,0.0014763542760487275,-41.38292575375147,-93.13689697155516,0.0,-77.43391386438495,1.199385422007328,-3117.88881338525
w128_energy03,strict,state_to_output,synthesis_phase,16,110,44.13391006680991,0.030862874172594344,0.6397976983087599,-51.11417351949491,42.02272345206023,-28.363814792510915,1.1337128033015966,-3075.86608993319
w128_energy03,strict,state_to_output,decoder_control,64,104,-566.9583707869218,-0.4193479073867765,-550.7632238128668,-670.286499798628,-477.79179150706307,-1461.2267461413826,2.704093198176513,-3686.958370786922
w128_energy03,strict,state_to_output,field_coarse,64,104,-220.38813128027977,-0.1630089728404436,-204.1929843062247,-323.7162602919859,-131.221552000421,-241.09955300147232,1.4420296677793814,-3340.3881312802796
w128_energy03,strict,state_to_output,field_fine,64,104,-5.459504376201487,-0.00403809495281175,10.73564259785355,-108.78763338790765,83.70707490365724,-2.8905741151629165,1.1545522905777472,-3125.4595043762015
w128_energy03,strict,state_to_output,field_meso,64,104,-10.624703622366308,-0.007858508596424785,5.570443351688714,-113.95283263407251,78.5418756574924,0.1286966240345624,1.1534833912149502,-3130.6247036223663
w128_energy03,strict,state_to_output,gru,64,104,-691.371323881892,-0.511369322397849,-675.176176907837,-794.6994528935982,-602.2047446020333,-1783.480577941821,3.1610093962551873,-3811.371323881892
w128_energy03,strict,state_to_output,gru+field_coarse,64,104,-933.7217808805982,-0.6906226189945253,-917.5266339065429,-1037.0499098923042,-844.5552016007393,-1967.2339259519622,3.497521281568563,-4885.721780880598
w128_energy03,strict,state_to_output,history,64,104,-16.195146974055028,-0.011978659004478571,0.0,-119.52327598576122,72.9714323058037,0.0,1.152078784901488,-2304.195146974055
w128_energy03,strict,state_to_output,host,64,104,-163.65262044973878,-0.12104483761075353,-147.45747347568374,-266.980749461445,-74.48604116988005,-142.31697234484434,1.3168689620903895,-3283.6526204497386
w128_energy03,strict,state_to_output,host+field_coarse,64,104,-423.4367750742049,-0.31319288097204506,-407.2416281001499,-526.7649040859112,-334.27019579434625,-419.7219072567974,1.7201707493530627,-4375.436775074205
w128_energy03,strict,state_to_output,morphic_delta_l01,64,104,-1740.5240381175481,-1.28736985067866,-1724.3288911434931,-1843.8521671292544,-1651.3574588376896,-5896.134752886509,8.780389315538082,-4860.524038117548
w128_energy03,strict,state_to_output,morphic_delta_l01+morphic_delta_l16,64,104,-1563.0577073069007,-1.1561077716767016,-1546.8625603328458,-1666.3858363186073,-1473.8911280270422,-5578.252994441645,8.294912393543928,-5515.057707306901
w128_energy03,strict,state_to_output,morphic_delta_l08,64,104,-624.3336591287632,-0.46178525083488403,-608.1385121547081,-727.6617881404693,-535.1670798489045,-1549.4245419483095,2.8720998259373967,-3744.3336591287634
w128_energy03,strict,state_to_output,morphic_delta_l16,64,104,-617.8944714326982,-0.45702253804193654,-601.6993244586431,-721.2226004444044,-528.7278921528393,-1615.015284799264,2.9583668396873817,-3737.894471432698
w128_energy03,strict,state_to_output,morphic_output,64,104,-654.9817454939017,-0.4844539537676788,-638.7865985198466,-758.3098745056079,-565.8151662140431,-1720.872979774628,3.0914526026283378,-3774.9817454939016
w128_energy03,strict,state_to_output,motif,64,104,-697.516247753729,-0.5159143844332315,-681.321100779674,-800.8443767654353,-608.3496684738705,-1614.1495697029077,2.9688032041910994,-3817.5162477537287
w128_energy03,strict,state_to_output,motif+gru,64,104,-844.3709277059604,-0.6245347098416867,-828.1757807319054,-947.6990567176665,-755.2043484261017,-2776.1806866446855,4.288459049287718,-4796.370927705961
w128_energy03,strict,state_to_output,output_slow,64,104,-89.16657927985874,-0.06595161189338664,-72.9714323058037,-192.4947082915649,0.0,-81.94222749302762,1.2423797091970046,-3209.1665792798585
w128_energy03,strict,state_to_output,synthesis_phase,64,104,-65.87021620587943,-0.048720574116774724,-49.67506923182441,-169.1983452175856,23.296363073979304,-72.54116729168629,1.2350731215216197,-3185.8702162058794
w128_energy03,strict_matched_suffix,output,history,1,767,324.6248854468496,0.032556903565023526,0.0,0.0,150.84219300412263,0.0,0.9762762672628892,-1963.3751145531505
w128_energy03,strict_matched_suffix,output,output_slow,1,767,173.78269244272695,0.017428812801396746,-150.84219300412263,-150.84219300412263,0.0,-162.62086176019852,0.9975010384578554,-2946.217307557273
w128_energy03,strict_matched_suffix,output,history,16,752,-108.24590343289351,-0.01107261696326652,0.0,-371.8017522856257,120.13926513734873,0.0,1.033383456427454,-2396.2459034328936
w128_energy03,strict_matched_suffix,output,output_slow,16,752,-228.38516857024223,-0.023361821662258822,-120.13926513734873,-491.9410174229744,0.0,-126.73850213059038,1.0525419461640209,-3348.385168570242
w128_energy03,strict_matched_suffix,output,history,4,764,-318.3828978458657,-0.03205627243715926,0.0,0.0,-53.77500356391265,0.0,1.066918315054018,-2606.382897845866
w128_energy03,strict_matched_suffix,output,output_slow,4,764,-264.607894281953,-0.026641954720293296,53.77500356391265,53.77500356391265,0.0,51.72079760216854,1.0601832406856189,-3384.607894281953
w128_energy03,strict_matched_suffix,output,history,64,704,-117.15094131960977,-0.01280058362320911,0.0,-364.3477271678007,83.10175762892001,0.0,1.031076481765253,-2405.15094131961
w128_energy03,strict_matched_suffix,output,output_slow,64,704,-200.25269894852977,-0.021880758189306137,-83.10175762892001,-447.44948479672087,0.0,-84.27726647083136,1.0446571394183874,-3320.2526989485295
w128_energy03,strict_matched_suffix,state_to_output,decoder_control,8,95,-439.2519309568023,-0.3556695797221071,-459.0201055227834,-494.779396552475,-449.7769832882277,-768.7397024204382,1.963141820889902,-3559.2519309568024
w128_energy03,strict_matched_suffix,state_to_output,field_coarse,8,95,-711.8112142951154,-0.5763653557045468,-731.5793888610966,-767.3386798907882,-722.3362666265409,-874.1007341684481,2.062584022676817,-3831.8112142951154
w128_energy03,strict_matched_suffix,state_to_output,field_fine,8,95,57.890204922283466,0.046874659856099975,38.12203035630241,2.362739326610729,47.36515259085802,20.83356827300418,1.0802926236873203,-3062.1097950777166
w128_energy03,strict_matched_suffix,state_to_output,field_meso,8,95,32.81701854652364,0.02657248465305558,13.048843980542586,-22.71044704914908,22.291966215098185,8.392388139434832,1.097800459605231,-3087.1829814534763
w128_energy03,strict_matched_suffix,state_to_output,gru,8,95,-563.5416597374091,-0.4563090362246227,-583.3098343033901,-619.0691253330817,-574.0667120688345,-1128.138370335994,2.253815009343378,-3683.541659737409
w128_energy03,strict_matched_suffix,state_to_output,gru+field_coarse,8,95,-1108.8334105128274,-0.8978408182290101,-1128.6015850788085,-1164.3608761085,-1119.358462844253,-1934.7393471473365,3.2147995114058254,-5060.833410512827
w128_energy03,strict_matched_suffix,state_to_output,history,8,95,19.768174565981056,0.016006619081766038,0.0,-35.759291029691674,9.243122234555605,0.0,1.105319497821958,-2268.231825434019
w128_energy03,strict_matched_suffix,state_to_output,host,8,95,-166.32455991531504,-0.13467575701644943,-186.0927344812961,-221.8520255109878,-176.8496122467405,-185.03646111250123,1.2993005008317913,-3286.324559915315
w128_energy03,strict_matched_suffix,state_to_output,host+field_coarse,8,95,-673.35384007027,-0.545225781433417,-693.1220146362512,-728.8813056659428,-683.8788924016956,-892.8399746365845,2.2036066347881187,-4625.35384007027
w128_energy03,strict_matched_suffix,state_to_output,morphic_delta_l01,8,95,-1369.1744056231464,-1.1086432434195517,-1388.9425801891275,-1424.7018712188194,-1379.699457954572,-3546.5152013538554,5.309662375997794,-4489.174405623146
w128_energy03,strict_matched_suffix,state_to_output,morphic_delta_l01+morphic_delta_l16,8,95,-1137.91257674219,-0.9213867018155384,-1157.680751308171,-1193.4400423378625,-1148.4376290736154,-2823.5118051635527,4.511444900434722,-5089.91257674219
w128_energy03,strict_matched_suffix,state_to_output,morphic_delta_l08,8,95,-485.9233342392373,-0.39346018966739865,-505.6915088052183,-541.45079983491,-496.4483865706627,-1099.739144337427,2.302616095177595,-3605.923334239237
w128_energy03,strict_matched_suffix,state_to_output,morphic_delta_l16,8,95,-468.83373466342016,-0.3796224572173443,-488.6019092294011,-524.3612002590928,-479.35878699484556,-1019.3292069423061,2.227102840749701,-3588.8337346634203
w128_energy03,strict_matched_suffix,state_to_output,morphic_output,8,95,-493.68155830571106,-0.39974215247426,-513.4497328716922,-549.2090239013838,-504.2066106371365,-1101.1064688126744,2.3191241268909177,-3613.681558305711
w128_energy03,strict_matched_suffix,state_to_output,motif,8,95,-691.279249414253,-0.5597402829265206,-711.047423980234,-746.8067150099257,-701.8043017456785,-1456.6228704306204,2.7040603965430843,-3811.279249414253
w128_energy03,strict_matched_suffix,state_to_output,motif+gru,8,95,-934.0970769424816,-0.7563539084554507,-953.8652515084628,-989.6245425381546,-944.6221292739074,-2114.93947759408,3.226224558797707,-4886.097076942482
w128_energy03,strict_matched_suffix,state_to_output,output_slow,8,95,10.525052331425455,0.008522309580101584,-9.243122234555605,-45.002413264247274,0.0,-73.44163113298305,1.1824066658118315,-3109.4749476685747
w128_energy03,strict_matched_suffix,state_to_output,synthesis_phase,8,95,10.170468697717165,0.008235197326086774,-9.597705868263889,-45.35699689795557,-0.35458363370828927,-13.829513068116873,1.1217537263307982,-3109.8295313022827
w128_energy03,strict_matched_suffix,state_to_output,decoder_control,128,80,-441.1330625037263,-0.424166406253583,-275.56926475384955,-118.02313964707514,-51.69827012095147,-691.4578514541051,1.8603262257004713,-3561.1330625037263
w128_energy03,strict_matched_suffix,state_to_output,field_coarse,128,80,-681.5414091233395,-0.655328278003211,-515.9776113734627,-358.43148626668824,-292.1066167405645,-421.29129509476417,1.7103218265276454,-3801.5414091233397
w128_energy03,strict_matched_suffix,state_to_output,field_fine,128,80,-373.42532579100964,-0.3590628132605862,-207.86152804113283,-50.31540293435839,16.00946659176528,-41.02505035431032,1.2590463463965873,-3493.4253257910095
w128_energy03,strict_matched_suffix,state_to_output,field_meso,128,80,-218.723199650164,-0.21031076889438846,-53.15940190028721,104.38672320648726,170.7115927326109,-5.996185800267939,1.2553080988683032,-3338.723199650164
w128_energy03,strict_matched_suffix,state_to_output,gru,128,80,-466.4493012621288,-0.4485089435212777,-300.88550351225206,-143.33937840547756,-77.01450887935391,-673.3719029971162,2.4250070034599496,-3586.4493012621288
w128_energy03,strict_matched_suffix,state_to_output,gru+field_coarse,128,80,-862.0980974955464,-0.8289404783611023,-696.5342997456696,-538.9881746388952,-472.6633051127715,-948.4798813309438,2.6702628924404976,-4814.098097495546
w128_energy03,strict_matched_suffix,state_to_output,history,128,80,-165.56379774987678,-0.1591959593748815,0.0,157.54612510677447,223.87099463289815,0.0,1.2312005621015527,-2453.563797749877
w128_energy03,strict_matched_suffix,state_to_output,host,128,80,-267.6658520582034,-0.2573710115944264,-102.10205430832661,55.44407079844784,121.7689403245715,-130.45611322435218,1.3295053338364917,-3387.665852058203
w128_energy03,strict_matched_suffix,state_to_output,host+field_coarse,128,80,-562.6107384582743,-0.5409718639021869,-397.0469407083976,-239.50081560162317,-173.1759460754995,-374.97129786168557,1.718671692433641,-4514.610738458275
w128_energy03,strict_matched_suffix,state_to_output,morphic_delta_l01,128,80,-1312.831084852127,-1.2623375815885838,-1147.26728710225,-989.7211619954758,-923.396292469352,-3339.765574763516,8.018100538221526,-4432.831084852127
w128_energy03,strict_matched_suffix,state_to_output,morphic_delta_l01+morphic_delta_l16,128,80,-1321.8509206015533,-1.2710105005784167,-1156.2871228516767,-998.7409977449023,-932.4161282187786,-3744.140890303185,8.747566900722559,-5273.850920601553
w128_energy03,strict_matched_suffix,state_to_output,morphic_delta_l08,128,80,-520.0468050053955,-0.5000450048128803,-354.4830072555188,-196.9368821487444,-130.6120126226207,-724.5284540409,2.542397174359677,-3640.0468050053955
w128_energy03,strict_matched_suffix,state_to_output,morphic_delta_l16,128,80,-520.2842932837351,-0.5002733589266684,-354.7204955338584,-197.17437042708394,-130.84950090096027,-788.3984315752996,2.5562499860533943,-3640.284293283735
w128_energy03,strict_matched_suffix,state_to_output,morphic_output,128,80,-556.7580191505238,-0.5353442491831959,-391.194221400647,-233.64809629387253,-167.32322676774888,-906.62713111492,2.7468045318854397,-3676.758019150524
w128_energy03,strict_matched_suffix,state_to_output,motif,128,80,-464.418791250724,-0.44655653004877305,-298.85499350084723,-141.30886839407276,-74.98399886794915,-569.3297527697079,2.1862098393907226,-3584.418791250724
w128_energy03,strict_matched_suffix,state_to_output,motif+gru,128,80,-685.2408720458012,-0.6588854538901935,-519.6770742959244,-362.13094918915,-295.8060796630263,-1399.0736887900152,3.7152819873312857,-4637.240872045802
w128_energy03,strict_matched_suffix,state_to_output,output_slow,128,80,-389.43479238277484,-0.3744565311372835,-223.87099463289815,-66.32486952612368,0.0,-116.11579319544092,1.3922836653685828,-3509.434792382775
w128_energy03,strict_matched_suffix,state_to_output,synthesis_phase,128,80,-104.08290202555699,-0.10007971348611248,61.4808957243198,219.02702083109423,285.35189035721794,-103.61660724629434,1.3181003776453282,-3224.082902025557
w128_energy03,strict_matched_suffix,state_to_output,decoder_control,16,94,-322.4673744770962,-0.2638849218306843,-351.52442262663465,-393.01060821668216,-312.7520775262333,-615.6762946909439,1.8031487056386895,-3442.467374477096
w128_energy03,strict_matched_suffix,state_to_output,field_coarse,16,94,-63.9363963557364,-0.052321109947411126,-92.99344450527488,-134.4796300953223,-54.221099404873414,-148.08598798981473,1.27855726046919,-3183.936396355736
w128_energy03,strict_matched_suffix,state_to_output,field_fine,16,94,36.52252966860278,0.02988750382046054,7.4654815190643085,-34.020704070983115,46.237826619465764,14.018949192451945,1.122420063967237,-3083.4774703313974
w128_energy03,strict_matched_suffix,state_to_output,field_meso,16,94,6.250439141225544,0.005114925647484079,-22.806609008312925,-64.29279459836035,15.965736092088529,-28.848887500935984,1.1696203475231812,-3113.7495608587747
w128_energy03,strict_matched_suffix,state_to_output,gru,16,94,-600.3050925715527,-0.49124802992762084,-629.3621407210911,-670.8483263111385,-590.5897956206895,-1343.5473718313017,2.5168698569938113,-3720.3050925715524
w128_energy03,strict_matched_suffix,state_to_output,gru+field_coarse,16,94,-524.8383857370479,-0.42949131402377083,-553.8954338865863,-595.3816194766338,-515.1230887861849,-1134.7268961877667,2.4624320780863624,-4476.838385737048
w128_energy03,strict_matched_suffix,state_to_output,history,16,94,29.057048149538474,0.023778271808132957,0.0,-41.48618559004741,38.77234510040146,0.0,1.1325354563115464,-2258.9429518504617
w128_energy03,strict_matched_suffix,state_to_output,host,16,94,-45.260628677437325,-0.03703815767384396,-74.31767682697578,-115.80386241702321,-35.54533172657433,-64.85509663783884,1.219318110630119,-3165.260628677437
w128_energy03,strict_matched_suffix,state_to_output,host+field_coarse,16,94,-161.00460431451714,-0.13175499534739538,-190.0616524640556,-231.54783805410298,-151.28930736365416,-231.75226497730995,1.3781181240962352,-4113.004604314518
w128_energy03,strict_matched_suffix,state_to_output,morphic_delta_l01,16,94,-1290.2171544199778,-1.0558241852863974,-1319.274202569516,-1360.7603881595637,-1280.5018574691148,-3464.8491111860462,5.288616520280134,-4410.217154419977
w128_energy03,strict_matched_suffix,state_to_output,morphic_delta_l01+morphic_delta_l16,16,94,-1027.4983662842926,-0.8408333602981118,-1056.555414433831,-1098.0416000238786,-1017.7830693334297,-2747.6984760897803,4.449083229368139,-4979.498366284292
w128_energy03,strict_matched_suffix,state_to_output,morphic_delta_l08,16,94,-503.5863602946496,-0.41210013117401767,-532.643408444188,-574.1295940342354,-493.87106334378655,-1328.452418951133,2.653373411203385,-3623.5863602946497
w128_energy03,strict_matched_suffix,state_to_output,morphic_delta_l16,16,94,-533.5874787286771,-0.4366509645897521,-562.6445268782156,-604.130712468263,-523.8721817778141,-1434.2138060634802,2.7639187799955622,-3653.587478728677
w128_energy03,strict_matched_suffix,state_to_output,morphic_output,16,94,-529.962647361951,-0.4336846541423494,-559.0196955114895,-600.5058811015369,-520.247350411088,-1382.7378720058207,2.714475122324141,-3649.962647361951
w128_energy03,strict_matched_suffix,state_to_output,motif,16,94,-711.0534561371674,-0.5818768053495641,-740.1105042867058,-781.5966898767533,-701.3381591863042,-1781.927494556804,3.168957958127118,-3831.0534561371674
w128_energy03,strict_matched_suffix,state_to_output,motif+gru,16,94,-810.5794044904203,-0.6633219349348775,-839.6364526399586,-881.1226382300059,-800.8641075395573,-2006.1122842937348,3.230742641890307,-4762.5794044904205
w128_energy03,strict_matched_suffix,state_to_output,output_slow,16,94,-9.71529695086298,-0.007950324837040081,-38.77234510040146,-80.25853069044885,0.0,-79.1130555283739,1.2332879499869118,-3129.715296950863
w128_energy03,strict_matched_suffix,state_to_output,synthesis_phase,16,94,33.10533057824166,0.027091105219510362,4.048282428703195,-37.437903161344224,42.82062752910464,-24.15886098872052,1.1570645891757916,-3086.8946694217584
w128_energy03,strict_matched_suffix,state_to_output,decoder_control,64,88,-550.6436681110255,-0.48133187771942787,-513.0078645614565,-633.0698627889963,-466.832445177223,-1448.263442147027,3.0143395524954384,-3670.6436681110254
w128_energy03,strict_matched_suffix,state_to_output,field_coarse,64,88,-237.22466488478852,-0.2073642175566333,-199.58886133521946,-319.6508595627593,-153.4134419509861,-238.40680884244296,1.5305919000662755,-3357.2246648847886
w128_energy03,strict_matched_suffix,state_to_output,field_fine,64,88,-21.811378360135585,-0.019065890174943693,15.824425189433445,-104.23757303810638,61.99984457366683,0.670185183917547,1.1899560395178972,-3141.8113783601357
w128_energy03,strict_matched_suffix,state_to_output,field_meso,64,88,-31.063458770007237,-0.02715337305070563,6.5723447795617815,-113.48965344797804,52.74776416379517,-0.5389984109673764,1.193673553976579,-3151.0634587700074
w128_energy03,strict_matched_suffix,state_to_output,gru,64,88,-670.5738833464077,-0.5861659819461605,-632.9380797968387,-753.0000780243785,-586.7626604126053,-1767.3988208874496,3.5469662383250333,-3790.5738833464075
w128_energy03,strict_matched_suffix,state_to_output,gru+field_coarse,64,88,-911.0655554999628,-0.7963859750873801,-873.4297519503937,-993.4917501779337,-827.2543325661604,-1949.8907002842516,3.9434109487168416,-4863.065555499963
w128_energy03,strict_matched_suffix,state_to_output,history,64,88,-37.63580354956902,-0.032898429676196696,0.0,-120.06199822753985,46.17541938423339,0.0,1.1906587622114302,-2325.635803549569
w128_energy03,strict_matched_suffix,state_to_output,host,64,88,-179.24129930850765,-0.1566794574375067,-141.60549575893862,-261.66749398647846,-95.43007637470524,-137.20839952135034,1.3801597193348976,-3299.2412993085077
w128_energy03,strict_matched_suffix,state_to_output,host+field_coarse,64,88,-435.8435494105335,-0.38098212361060624,-398.20774586096445,-518.2697440885044,-352.0323264767311,-412.6925717650705,1.8553620048131074,-4387.843549410533
w128_energy03,strict_matched_suffix,state_to_output,morphic_delta_l01,64,88,-1702.437651594908,-1.4881448003451994,-1664.8018480453388,-1784.8638462728786,-1618.6264286611056,-5877.5203604347,10.186579154135899,-4822.437651594908
w128_energy03,strict_matched_suffix,state_to_output,morphic_delta_l01+morphic_delta_l16,64,88,-1518.2746821603478,-1.3271631837065978,-1480.6388786107786,-1600.700876838319,-1434.4634592265452,-5553.620276844903,9.605883074324765,-5470.274682160348
w128_energy03,strict_matched_suffix,state_to_output,morphic_delta_l08,64,88,-602.2134143769797,-0.5264103272526046,-564.5776108274106,-684.6396090549504,-518.4021914431772,-1535.2058826536384,3.2088649266171134,-3722.21341437698
w128_energy03,strict_matched_suffix,state_to_output,morphic_delta_l16,64,88,-593.6490804380107,-0.5189240213618975,-556.0132768884419,-676.0752751159816,-509.8378575042084,-1596.6306767125143,3.3057167628490616,-3713.649080438011
w128_energy03,strict_matched_suffix,state_to_output,morphic_output,64,88,-629.4661203945052,-0.5502326227224695,-591.8303168449361,-711.8923150724759,-545.6548974607028,-1702.9747751319612,3.4636731411752124,-3749.466120394505
w128_energy03,strict_matched_suffix,state_to_output,motif,64,88,-684.8225184243199,-0.5986210825387412,-647.1867148747508,-767.2487131022906,-601.0112954905175,-1605.2079965630564,3.3260882937185725,-3804.82251842432
w128_energy03,strict_matched_suffix,state_to_output,motif+gru,64,88,-814.0000639578541,-0.7115385174456766,-776.3642604082851,-896.4262586358249,-730.1888410240517,-2756.107836007155,4.872331647060219,-4766.000063957854
w128_energy03,strict_matched_suffix,state_to_output,output_slow,64,88,-83.81122293380241,-0.07326155850856854,-46.17541938423339,-166.23741761177325,0.0,-49.42040411252526,1.261616576716701,-3203.8112229338026
w128_energy03,strict_matched_suffix,state_to_output,synthesis_phase,64,88,-65.00678523278415,-0.056824112965720416,-27.370981683215128,-147.43297991075497,18.804437701018255,-52.051185866771476,1.260449696800514,-3185.0067852327843
w128_energy03,sigma_only_adapted,output,history,1,767,135.03138334202134,0.013542411327050582,0.0,0.0,140.19478945781634,0.0,0.9762762672628892,-2152.9686166579786
w128_energy03,sigma_only_adapted,output,output_slow,1,767,-5.163406115794942,-0.0005178423544072752,-140.19478945781634,-140.19478945781634,0.0,-187.24624113332737,0.9975010384578554,-3125.1634061157947
w128_energy03,sigma_only_adapted,output,history,16,752,-173.07476626672963,-0.017704047285876597,0.0,-402.90952550982956,116.63105733732598,0.0,1.033383456427454,-2461.0747662667295
w128_energy03,sigma_only_adapted,output,output_slow,16,752,-289.7058236040557,-0.029634392758189004,-116.63105733732598,-519.5405828471555,0.0,-128.7034360869514,1.0525419461640209,-3409.7058236040557
w128_energy03,sigma_only_adapted,output,history,4,764,-590.7246939804471,-0.0594769124023809,0.0,0.0,-124.4973770245783,0.0,1.066918315054018,-2878.7246939804472
w128_energy03,sigma_only_adapted,output,output_slow,4,764,-466.2273169558689,-0.04694193686627758,124.4973770245783,124.4973770245783,0.0,62.55371137003908,1.0601832406856189,-3586.227316955869
w128_energy03,sigma_only_adapted,output,history,64,704,-107.60669453082673,-0.011757724489819354,0.0,-319.3873952839485,96.29786195983468,0.0,1.031076481765253,-2395.6066945308266
w128_energy03,sigma_only_adapted,output,output_slow,64,704,-203.90455649066138,-0.022279781085081007,-96.29786195983468,-415.6852572437831,0.0,-83.82335274713583,1.0446571394183874,-3323.9045564906614
w128_energy03,sigma_only_adapted,state_to_output,decoder_control,8,95,-650.2765832981574,-0.5265397435612611,-684.4537957318822,-752.4896345124619,-637.6899687020585,-917.8088960492445,1.963141820889902,-3770.2765832981577
w128_energy03,sigma_only_adapted,state_to_output,field_coarse,8,95,-982.9944154585429,-0.7959468951081319,-1017.1716278922677,-1085.2074666728474,-970.4078008624439,-970.287214669776,2.062584022676817,-4102.994415458543
w128_energy03,sigma_only_adapted,state_to_output,field_fine,8,95,44.28041736440428,0.035854588959031805,10.103204930679382,-57.93263384990021,56.8670319605031,20.88920731882384,1.0802926236873203,-3075.7195826355955
w128_energy03,sigma_only_adapted,state_to_output,field_meso,8,95,16.059345659247647,0.013003518752427244,-18.117866774477243,-86.15370555505683,28.645960255346484,4.825885288504702,1.097800459605231,-3103.940654340752
w128_energy03,sigma_only_adapted,state_to_output,gru,8,95,-1221.3419394606954,-0.9889408416685792,-1255.5191518944202,-1323.5549906749998,-1208.7553248645963,-1286.0696579707308,2.253815009343378,-4341.341939460695
w128_energy03,sigma_only_adapted,state_to_output,gru+field_coarse,8,95,-1882.473401402069,-1.5242699606494485,-1916.6506138357943,-1984.6864526163736,-1869.8867868059701,-2003.3851570519064,3.2147995114058254,-5834.473401402069
w128_energy03,sigma_only_adapted,state_to_output,history,8,95,34.1772124337249,0.027673856221639592,0.0,-68.03583878057958,46.763827029823716,0.0,1.105319497821958,-2253.822787566275
w128_energy03,sigma_only_adapted,state_to_output,host,8,95,-80.1552939104574,-0.0649030719922732,-114.33250634418229,-182.36834512476187,-67.56867931435858,-162.14198198143794,1.2993005008317913,-3200.155293910457
w128_energy03,sigma_only_adapted,state_to_output,host+field_coarse,8,95,-785.8320827620155,-0.6363012815886765,-820.0092951957405,-888.04513397632,-773.2454681659167,-1021.4169629090034,2.2036066347881187,-4737.8320827620155
w128_energy03,sigma_only_adapted,state_to_output,morphic_delta_l01,8,95,-3860.711525226405,-3.1260822066610565,-3894.8887376601306,-3962.9245764407096,-3848.1249106303067,-4183.143709914822,5.309662375997794,-6980.711525226405
w128_energy03,sigma_only_adapted,state_to_output,morphic_delta_l01+morphic_delta_l16,8,95,-3016.9344321141098,-2.442861888351506,-3051.1116445478347,-3119.1474833284146,-3004.3478175180107,-3266.9858308781704,4.511444900434722,-6968.93443211411
w128_energy03,sigma_only_adapted,state_to_output,morphic_delta_l08,8,95,-1171.7495698458006,-0.9487850767982191,-1205.9267822795255,-1273.9626210601052,-1159.162955249702,-1310.4312589517917,2.302616095177595,-4291.749569845801
w128_energy03,sigma_only_adapted,state_to_output,morphic_delta_l16,8,95,-1087.6496004971034,-0.8806879356251849,-1121.8268129308283,-1189.8626517114078,-1075.0629859010046,-1227.7964303035205,2.227102840749701,-4207.649600497103
w128_energy03,sigma_only_adapted,state_to_output,morphic_output,8,95,-1174.4502297934093,-0.9509718459865663,-1208.627442227134,-1276.6632810077137,-1161.8636151973103,-1330.0993919216094,2.3191241268909177,-4294.45022979341
w128_energy03,sigma_only_adapted,state_to_output,motif,8,95,-1495.3793405725248,-1.2108334741477933,-1529.5565530062497,-1597.5923917868292,-1482.792725976426,-1751.4321557220828,2.7040603965430843,-4615.379340572525
w128_energy03,sigma_only_adapted,state_to_output,motif+gru,8,95,-2140.583524231688,-1.733266011523634,-2174.760736665413,-2242.7965754459924,-2127.996909635589,-2414.44040660942,3.226224558797707,-6092.583524231688
w128_energy03,sigma_only_adapted,state_to_output,output_slow,8,95,-12.58661459609883,-0.010191590766071927,-46.763827029823716,-114.79966581040331,0.0,-68.2015711251478,1.1824066658118315,-3132.586614596099
w128_energy03,sigma_only_adapted,state_to_output,synthesis_phase,8,95,47.37832048754464,0.038363012540521976,13.201108053819755,-54.83473072675983,59.96493508364347,-12.433418691692728,1.1217537263307982,-3072.6216795124556
w128_energy03,sigma_only_adapted,state_to_output,decoder_control,16,94,-592.4663969805824,-0.4848333854178252,-554.2400435521688,-654.510586758591,-421.4986488818654,-704.77496073736,1.8031487056386895,-3712.4663969805824
w128_energy03,sigma_only_adapted,state_to_output,field_coarse,16,94,-200.76686420520866,-0.16429366956236388,-162.54051077679503,-262.81105398321716,-29.79911610649164,-186.53777180596063,1.27855726046919,-3320.7668642052085
w128_energy03,sigma_only_adapted,state_to_output,field_fine,16,94,-32.69655287212176,-0.026756589911719933,5.529800556291926,-94.74074265013022,138.2711952265953,15.688125213090403,1.122420063967237,-3152.6965528721216
w128_energy03,sigma_only_adapted,state_to_output,field_meso,16,94,-101.6713123482748,-0.0832007466025162,-63.44495891986112,-163.7155021262833,69.29643575044223,-35.350974665455425,1.1696203475231812,-3221.671312348275
w128_energy03,sigma_only_adapted,state_to_output,gru,16,94,-1559.3351008436612,-1.2760516373516049,-1521.1087474152478,-1621.3792906216697,-1388.3673527449444,-1653.9451845387541,2.5168698569938113,-4679.335100843661
w128_energy03,sigma_only_adapted,state_to_output,gru+field_coarse,16,94,-1305.6920793351496,-1.0684877899632976,-1267.4657259067358,-1367.736269113158,-1134.7243312364326,-1392.7372156163324,2.4624320780863624,-5257.692079335149
w128_energy03,sigma_only_adapted,state_to_output,history,16,94,-38.22635342841366,-0.03128179494960201,0.0,-100.27054320642216,132.74139467030338,0.0,1.1325354563115464,-2326.226353428414
w128_energy03,sigma_only_adapted,state_to_output,host,16,94,-110.99111701468443,-0.09082742799892343,-72.76476358627075,-173.0353067926929,59.97663108403261,-66.48639715141246,1.219318110630119,-3230.9911170146843
w128_energy03,sigma_only_adapted,state_to_output,host+field_coarse,16,94,-300.09934444347306,-0.24558047826798124,-261.87299101505937,-362.14353422148156,-129.13159634475605,-255.80922119208478,1.3781181240962352,-4252.0993444434735
w128_energy03,sigma_only_adapted,state_to_output,morphic_delta_l01,16,94,-3878.3982980278397,-3.1738120278460227,-3840.171944599426,-3940.442487805848,-3707.430549929123,-4198.170139811058,5.288616520280134,-6998.39829802784
w128_energy03,sigma_only_adapted,state_to_output,morphic_delta_l01+morphic_delta_l16,16,94,-2979.897576592759,-2.4385413883737797,-2941.671223164345,-3041.9417663707673,-2808.929828494042,-3273.31018534077,4.449083229368139,-6931.897576592759
w128_energy03,sigma_only_adapted,state_to_output,morphic_delta_l08,16,94,-1371.6905725464985,-1.122496376879295,-1333.4642191180849,-1433.734762324507,-1200.7228244477815,-1618.6246659793835,2.653373411203385,-4491.6905725464985
w128_energy03,sigma_only_adapted,state_to_output,morphic_delta_l16,16,94,-1522.1568055997986,-1.2456275004908335,-1483.930452171385,-1584.200995377807,-1351.1890575010816,-1744.0770180428963,2.7639187799955622,-4642.156805599799
w128_energy03,sigma_only_adapted,state_to_output,morphic_output,16,94,-1509.8412707527941,-1.2355493214016318,-1471.6149173243807,-1571.8854605308027,-1338.8735226540773,-1696.5775082936455,2.714475122324141,-4629.841270752794
w128_energy03,sigma_only_adapted,state_to_output,motif,16,94,-2069.897793503556,-1.6938607148146938,-2031.6714400751423,-2131.9419832815643,-1898.9300454048391,-2188.9525038118745,3.168957958127118,-5189.897793503556
w128_energy03,sigma_only_adapted,state_to_output,motif+gru,16,94,-2321.2962363255006,-1.8995877547671853,-2283.069882897087,-2383.3404261035093,-2150.328488226784,-2471.611624674394,3.230742641890307,-6273.296236325501
w128_energy03,sigma_only_adapted,state_to_output,output_slow,16,94,-170.96774809871698,-0.13990814083364728,-132.74139467030338,-233.01193787672548,0.0,-90.0628092521798,1.2332879499869118,-3290.967748098717
w128_energy03,sigma_only_adapted,state_to_output,synthesis_phase,16,94,-47.964940581581004,-0.03925117887199755,-9.738587153167352,-110.00913035958948,123.00280751713602,-20.13279511305365,1.1570645891757916,-3167.964940581581
w128_energy03,sigma_only_adapted,state_to_output,decoder_control,64,88,-2403.7531542417655,-2.1011828271344104,-1904.5184145053274,-2443.3279900923435,-2156.2269777684396,-2963.529150039216,3.0143395524954384,-5523.7531542417655
w128_energy03,sigma_only_adapted,state_to_output,field_coarse,64,88,-724.298289972161,-0.6331278758497911,-225.06355023572274,-763.8731258227392,-476.7721134988353,-259.7101097702256,1.5305919000662755,-3844.298289972161
w128_energy03,sigma_only_adapted,state_to_output,field_fine,64,88,-495.6888228475694,-0.43329442556605713,3.5459168888687964,-535.2636586981475,-248.16264637424382,17.056719587409926,1.1899560395178972,-3615.6888228475696
w128_energy03,sigma_only_adapted,state_to_output,field_meso,64,88,-395.49727966901605,-0.34571440530508396,103.7374600674221,-435.0721155195943,-147.97110319569052,21.969829926720188,1.193673553976579,-3515.4972796690163
w128_energy03,sigma_only_adapted,state_to_output,gru,64,88,-2727.940683728803,-2.3845635347279748,-2228.705943992365,-2767.5155195793814,-2480.4145072554775,-3112.026995718229,3.5469662383250333,-5847.9406837288025
w128_energy03,sigma_only_adapted,state_to_output,gru+field_coarse,64,88,-3285.8605632376484,-2.8722557370958466,-2786.62582350121,-3325.4353990882264,-3038.3343867643225,-3425.8895607355544,3.9434109487168416,-7237.860563237648
w128_energy03,sigma_only_adapted,state_to_output,history,64,88,-499.2347397364382,-0.4363940032661173,0.0,-538.8095755870164,-251.7085632631126,0.0,1.1906587622114302,-2787.2347397364383
w128_energy03,sigma_only_adapted,state_to_output,host,64,88,-876.8313151041639,-0.766460939776367,-377.59657536772573,-916.4061509547421,-629.3051386308384,-269.06271013140963,1.3801597193348976,-3996.831315104164
w128_energy03,sigma_only_adapted,state_to_output,host+field_coarse,64,88,-1157.3900281015572,-1.0117045700188436,-658.1552883651191,-1196.9648639521356,-909.8638516282317,-573.5914307507492,1.8553620048131074,-5109.390028101558
w128_energy03,sigma_only_adapted,state_to_output,morphic_delta_l01,64,88,-7441.44661730145,-6.504761029109659,-6942.2118775650115,-7481.021453152029,-7193.920440828124,-8094.701005751809,10.186579154135899,-10561.44661730145
w128_energy03,sigma_only_adapted,state_to_output,morphic_delta_l01+morphic_delta_l16,64,88,-6933.398925662227,-6.06066339655789,-6434.164185925789,-6972.973761512805,-6685.872749188902,-7876.269342097064,9.605883074324765,-10885.398925662226
w128_energy03,sigma_only_adapted,state_to_output,morphic_delta_l08,64,88,-2575.6824708744675,-2.2514706913238354,-2076.447731138029,-2615.2573067250455,-2328.156294401142,-2708.7120564224556,3.2088649266171134,-5695.682470874468
w128_energy03,sigma_only_adapted,state_to_output,morphic_delta_l16,64,88,-2679.3694244254057,-2.342106140231998,-2180.1346846889674,-2718.9442602759837,-2431.8432479520798,-2927.995244808946,3.3057167628490616,-5799.369424425406
w128_energy03,sigma_only_adapted,state_to_output,morphic_output,64,88,-2856.223145312411,-2.4966985535947646,-2356.988405575973,-2895.7979811629893,-2608.6969688390855,-3159.3302586140762,3.4636731411752124,-5976.223145312411
w128_energy03,sigma_only_adapted,state_to_output,motif,64,88,-2898.4210215208486,-2.533584809021721,-2399.1862817844103,-2937.9958573714266,-2650.8948450475227,-2990.693840390962,3.3260882937185725,-6018.421021520849
w128_energy03,sigma_only_adapted,state_to_output,motif+gru,64,88,-4108.670420984476,-3.591495123238178,-3609.435681248038,-4148.2452568350545,-3861.1442445111506,-4827.153689246941,4.872331647060219,-8060.670420984476
w128_energy03,sigma_only_adapted,state_to_output,output_slow,64,88,-247.52617647332556,-0.21636903537878108,251.7085632631126,-287.1010123239038,0.0,-108.96841492583071,1.261616576716701,-3367.5261764733254
w128_energy03,sigma_only_adapted,state_to_output,synthesis_phase,64,88,-384.56396143285565,-0.3361573089448039,114.67077830358252,-424.13879728343386,-137.0377849595301,-93.10044568704845,1.260449696800514,-3504.5639614328556
